[2026-08-18T22:01:22.344Z] === Image mirror starting (Playwright edition) ===
[2026-08-18T22:01:22.597Z] Establishing browser session with turbocentras.com...
[2026-08-18T22:01:23.549Z] Session ready.
[2026-08-18T22:01:23.853Z] DB error: malformed array literal: "[]"
[2026-08-18T22:01:36.210Z] === Image mirror starting (Playwright edition) ===
[2026-08-18T22:01:36.476Z] Establishing browser session with turbocentras.com...
[2026-08-18T22:01:38.004Z] Session ready.
[2026-08-18T22:01:38.266Z] Products with turbocentras images: 906
[2026-08-18T22:01:38.713Z]   ✓ 3768: cartridge-ih-00-0008.jpg → Supabase (73008 bytes)
[2026-08-18T22:01:39.265Z]   ✓ 3768: cartridge-ih-00-0008.jpg → Supabase (18477 bytes)
[2026-08-18T22:01:39.982Z]   ✓ 5321: turbo-06k145874m.jpg → Supabase (86784 bytes)
[2026-08-18T22:01:40.470Z]   ✓ 5321: turbo-06k145874m.jpg → Supabase (18895 bytes)
[2026-08-18T22:01:41.149Z]   ✓ 5346: turbo-rb545-2.jpg → Supabase (80539 bytes)
[2026-08-18T22:01:41.652Z]   ✓ 5346: turbo-rb545-2.jpg → Supabase (21423 bytes)
[2026-08-18T22:01:42.321Z]   ✓ 5365: turbo-717627-0002-r.jpg → Supabase (100093 bytes)
[2026-08-18T22:01:42.806Z]   ✓ 5365: turbo-717627-0002-r.jpg → Supabase (22799 bytes)
[2026-08-18T22:01:43.480Z]   ✓ 5266: turbo-a6510900886-r.jpg → Supabase (84816 bytes)
[2026-08-18T22:01:43.984Z]   ✓ 5266: turbo-a6510900886-r.jpg → Supabase (17373 bytes)
[2026-08-18T22:01:44.615Z]   ✓ 5292: turbo-805489.jpg → Supabase (81113 bytes)
[2026-08-18T22:01:45.223Z]   ✓ 5292: turbo-805489.jpg → Supabase (18045 bytes)
[2026-08-18T22:01:45.857Z]   ✓ 5283: turbo-10009700017-r.jpg → Supabase (88415 bytes)
[2026-08-18T22:01:46.353Z]   ✓ 5283: turbo-10009700017-r.jpg → Supabase (16843 bytes)
[2026-08-18T22:01:47.001Z]   ✓ 6185: turbo-12709700318.jpg → Supabase (84577 bytes)
[2026-08-18T22:01:47.759Z]   ✓ 6185: turbo-12709700318.jpg → Supabase (23857 bytes)
[2026-08-18T22:01:48.434Z]   ✓ 9230: turbo-49t35-04280.jpg → Supabase (202311 bytes)
[2026-08-18T22:01:49.149Z]   ✓ 9131: turbo-40010446.jpg → Supabase (202311 bytes)
[2026-08-18T22:01:49.543Z] Progress: 10/906 processed, 0 skipped, 0 failures
[2026-08-18T22:01:49.803Z]   ✓ 38: repair-kit-mh-04-0013.jpg → Supabase (88552 bytes)
[2026-08-18T22:01:50.290Z]   ✓ 38: repair-kit-mh-04-0013.jpg → Supabase (19169 bytes)
[2026-08-18T22:01:50.945Z]   ✓ 6006: turbo-898199-5001w.jpg → Supabase (86631 bytes)
[2026-08-18T22:01:51.458Z]   ✓ 6006: turbo-898199-5001w.jpg → Supabase (19911 bytes)
[2026-08-18T22:01:52.327Z]   ✓ 6570: cartridge-gt14-029br.jpg → Supabase (176348 bytes)
[2026-08-18T22:01:52.866Z]   ✓ 6570: cartridge-gt14-029br.jpg → Supabase (20252 bytes)
[2026-08-18T22:01:53.465Z]   ✓ 1360: thrust-flinger-gt15-132.jpg → Supabase (47074 bytes)
[2026-08-18T22:01:53.942Z]   ✓ 1360: thrust-flinger-gt15-132.jpg → Supabase (6008 bytes)
[2026-08-18T22:01:54.589Z]   ✓ 7066: cartridge-r2s-028-hb.jpg → Supabase (73946 bytes)
[2026-08-18T22:01:55.078Z]   ✓ 7066: cartridge-r2s-028-hb.jpg → Supabase (13261 bytes)
[2026-08-18T22:01:55.712Z]   ✓ 214: cartridge-bw-00-0067.jpg → Supabase (82964 bytes)
[2026-08-18T22:01:56.214Z]   ✓ 214: cartridge-bw-00-0067.jpg → Supabase (18660 bytes)
[2026-08-18T22:01:56.848Z]   ✓ 26: repair-kit-bw-04-0018.jpg → Supabase (85001 bytes)
[2026-08-18T22:01:57.327Z]   ✓ 26: repair-kit-bw-04-0018.jpg → Supabase (17970 bytes)
[2026-08-18T22:01:57.987Z]   ✓ 379: cartridge-ga-00-0114.jpg → Supabase (133004 bytes)
[2026-08-18T22:01:58.543Z]   ✓ 379: cartridge-ga-00-0114.jpg → Supabase (25791 bytes)
[2026-08-18T22:01:59.263Z]   ✓ 4085: cartridge-ga-00-0026.jpg → Supabase (189083 bytes)
[2026-08-18T22:01:59.776Z]   ✓ 4085: cartridge-ga-00-0026.jpg → Supabase (20911 bytes)
[2026-08-18T22:02:00.433Z]   ✓ 4213: lock-plate-k03-04-145.jpg → Supabase (54850 bytes)
[2026-08-18T22:02:00.829Z] Progress: 20/906 processed, 0 skipped, 0 failures
[2026-08-18T22:02:01.311Z]   ✓ 7720: cartridge-gt17-153b.jpg → Supabase (168253 bytes)
[2026-08-18T22:02:01.892Z]   ✓ 7720: cartridge-gt17-153b.jpg → Supabase (20789 bytes)
[2026-08-18T22:02:02.548Z]   ✓ 4370: gasket-oil-outlet-t-7.jpg → Supabase (83863 bytes)
[2026-08-18T22:02:03.246Z]   ✓ 4372: gasket-oil-outlet-t-9.jpg → Supabase (84142 bytes)
[2026-08-18T22:02:03.915Z]   ✓ 4371: gasket-oil-outlet-t-8.jpg → Supabase (85842 bytes)
[2026-08-18T22:02:04.521Z]   ✓ 2548: gasket-oil-outlet-t-6.jpg → Supabase (50302 bytes)
[2026-08-18T22:02:04.998Z]   ✓ 2548: gasket-oil-outlet-t-6.jpg → Supabase (10519 bytes)
[2026-08-18T22:02:05.646Z]   ✓ 2544: gasket-oil-outlet-t-3.jpg → Supabase (72118 bytes)
[2026-08-18T22:02:06.243Z]   ✓ 2543: gasket-oil-outlet-t-2-3.jpg → Supabase (50856 bytes)
[2026-08-18T22:02:06.734Z]   ✓ 2543: gasket-oil-outlet-t-2-3.jpg → Supabase (10430 bytes)
[2026-08-18T22:02:07.522Z]   ✓ 2542: gasket-oil-outlet-t-2-2.jpg → Supabase (57741 bytes)
[2026-08-18T22:02:08.640Z]   ✓ 2541: gasket-oil-outlet-t-2.jpg → Supabase (63723 bytes)
[2026-08-18T22:02:09.340Z]   ✓ 4369: gasket-oil-outlet-t-15.jpg → Supabase (79442 bytes)
[2026-08-18T22:02:09.729Z] Progress: 30/906 processed, 0 skipped, 0 failures
[2026-08-18T22:02:10.055Z]   ✓ 4368: gasket-oil-outlet-t-14.jpg → Supabase (85204 bytes)
[2026-08-18T22:02:10.739Z]   ✓ 2540: gasket-oil-outlet-t-1-1.jpg → Supabase (51650 bytes)
[2026-08-18T22:02:11.418Z]   ✓ 4366: gasket-oil-outlet-t-12.jpg → Supabase (70159 bytes)
[2026-08-18T22:02:12.169Z]   ✓ 4367: gasket-oil-outlet-t-13.jpg → Supabase (120220 bytes)
[2026-08-18T22:02:12.817Z]   ✓ 2537: gasket-oil-outlet-t-1.jpg → Supabase (66130 bytes)
[2026-08-18T22:02:13.400Z]   ✓ 2546: gasket-oil-outlet-t-4.jpg → Supabase (27708 bytes)
[2026-08-18T22:02:14.078Z]   ✓ 2547: gasket-oil-outlet-t-5.jpg → Supabase (77939 bytes)
[2026-08-18T22:02:14.682Z]   ✓ 4215: retaining-ring-k31-145.jpg → Supabase (63771 bytes)
[2026-08-18T22:02:15.375Z]   ✓ 380: cartridge-ga-00-0113.jpg → Supabase (134950 bytes)
[2026-08-18T22:02:15.852Z]   ✓ 380: cartridge-ga-00-0113.jpg → Supabase (20629 bytes)
[2026-08-18T22:02:16.540Z]   ✓ 5296: turbo-755507-0006-r.jpg → Supabase (84995 bytes)
[2026-08-18T22:02:17.138Z]   ✓ 5296: turbo-755507-0006-r.jpg → Supabase (16321 bytes)
[2026-08-18T22:02:17.579Z] Progress: 40/906 processed, 0 skipped, 0 failures
[2026-08-18T22:02:17.851Z]   ✓ 5349: turbo-vf50-r.jpg → Supabase (85882 bytes)
[2026-08-18T22:02:18.362Z]   ✓ 5349: turbo-vf50-r.jpg → Supabase (20146 bytes)
[2026-08-18T22:02:19.009Z]   ✓ 5352: turbo-781504-0014.jpg → Supabase (96071 bytes)
[2026-08-18T22:02:19.907Z]   ✓ 5352: turbo-781504-0014.jpg → Supabase (19560 bytes)
[2026-08-18T22:02:20.619Z]   ✓ 5445: turbo-815637-0023.jpg → Supabase (102319 bytes)
[2026-08-18T22:02:21.190Z]   ✓ 5445: turbo-815637-0023.jpg → Supabase (20503 bytes)
[2026-08-18T22:02:21.852Z]   ✓ 23: repair-kit-ga-04-0014.jpg → Supabase (94725 bytes)
[2026-08-18T22:02:22.353Z]   ✓ 23: repair-kit-ga-04-0014.jpg → Supabase (20706 bytes)
[2026-08-18T22:02:23.054Z]   ✓ 4497: turbo-703245-0001-r.jpg → Supabase (177515 bytes)
[2026-08-18T22:02:23.561Z]   ✓ 4497: turbo-703245-0001-r.jpg → Supabase (31656 bytes)
[2026-08-18T22:02:24.382Z]   ✓ 35: repair-kit-mh-04-0007.jpg → Supabase (98806 bytes)
[2026-08-18T22:02:25.306Z]   ✓ 35: repair-kit-mh-04-0007.jpg → Supabase (24445 bytes)
[2026-08-18T22:02:25.975Z]   ✓ 3861: cartridge-mh-00-0012.jpg → Supabase (67281 bytes)
[2026-08-18T22:02:26.484Z]   ✓ 3861: cartridge-mh-00-0012.jpg → Supabase (17932 bytes)
[2026-08-18T22:02:27.169Z]   ✓ 522: cartridge-ga-00-0096.jpg → Supabase (127874 bytes)
[2026-08-18T22:02:27.668Z]   ✓ 522: cartridge-ga-00-0096.jpg → Supabase (16454 bytes)
[2026-08-18T22:02:28.338Z]   ✓ 24: repair-kit-bw-04-0013.jpg → Supabase (78039 bytes)
[2026-08-18T22:02:28.869Z]   ✓ 24: repair-kit-bw-04-0013.jpg → Supabase (17140 bytes)
[2026-08-18T22:02:29.700Z]   ✓ 4499: turbo-788778-0002.jpg → Supabase (185542 bytes)
[2026-08-18T22:02:30.302Z]   ✓ 4499: turbo-788778-0002.jpg → Supabase (31038 bytes)
[2026-08-18T22:02:30.699Z] Progress: 50/906 processed, 0 skipped, 0 failures
[2026-08-18T22:02:30.974Z]   ✓ 21: repair-kit-bw-04-0017.jpg → Supabase (93851 bytes)
[2026-08-18T22:02:31.562Z]   ✓ 21: repair-kit-bw-04-0017.jpg → Supabase (17877 bytes)
[2026-08-18T22:02:32.204Z]   ✓ 3876: cartridge-bw-00-0035.jpg → Supabase (74268 bytes)
[2026-08-18T22:02:32.690Z]   ✓ 3876: cartridge-bw-00-0035.jpg → Supabase (13319 bytes)
[2026-08-18T22:02:33.359Z]   ✓ 6049: cartridge-gt22-026.jpg → Supabase (144602 bytes)
[2026-08-18T22:02:33.840Z]   ✓ 6049: cartridge-gt22-026.jpg → Supabase (17623 bytes)
[2026-08-18T22:02:34.686Z]   ✓ 97: cartridge-ga-00-0164.jpg → Supabase (196797 bytes)
[2026-08-18T22:02:35.173Z]   ✓ 97: cartridge-ga-00-0164.jpg → Supabase (31410 bytes)
[2026-08-18T22:02:36.063Z]   ✓ 4057: cartridge-bm-00-0002.jpg → Supabase (183401 bytes)
[2026-08-18T22:02:36.574Z]   ✓ 4057: cartridge-bm-00-0002.jpg → Supabase (19089 bytes)
[2026-08-18T22:02:37.728Z]   ✓ 499: cartridge-ga-00-0124.jpg → Supabase (88975 bytes)
[2026-08-18T22:02:38.350Z]   ✓ 499: cartridge-ga-00-0124.jpg → Supabase (19080 bytes)
[2026-08-18T22:02:39.159Z]   ✓ 530: cartridge-ga-00-0070.jpg → Supabase (126991 bytes)
[2026-08-18T22:02:40.660Z]   ✓ 530: cartridge-ga-00-0070.jpg → Supabase (20008 bytes)
[2026-08-18T22:02:41.424Z]   ✓ 565: cartridge-bw-00-0072.jpg → Supabase (91348 bytes)
[2026-08-18T22:02:42.125Z]   ✓ 565: cartridge-bw-00-0072.jpg → Supabase (23775 bytes)
[2026-08-18T22:02:43.087Z]   ✓ 4504: turbo-727463-0004-r.jpg → Supabase (225039 bytes)
[2026-08-18T22:02:43.629Z]   ✓ 4504: turbo-727463-0004-r.jpg → Supabase (28712 bytes)
[2026-08-18T22:02:44.017Z] Refreshing browser session...
[2026-08-18T22:02:44.547Z] Session refreshed.
[2026-08-18T22:02:44.934Z]   ✓ 7186: turbo-700935-0007.jpg → Supabase (202311 bytes)
[2026-08-18T22:02:45.326Z] Progress: 60/906 processed, 0 skipped, 0 failures
[2026-08-18T22:02:45.722Z]   ✓ 7472: turbo-40007028.jpg → Supabase (202311 bytes)
[2026-08-18T22:02:46.391Z]   ✓ 4917: turbo-53039700542.jpg → Supabase (120487 bytes)
[2026-08-18T22:02:46.873Z]   ✓ 4917: turbo-53039700542.jpg → Supabase (20557 bytes)
[2026-08-18T22:02:47.595Z]   ✓ 7218: turbo-49180-01510.jpg → Supabase (202311 bytes)
[2026-08-18T22:02:48.289Z]   ✓ 7421: turbo-40006077.jpg → Supabase (202311 bytes)
[2026-08-18T22:02:48.965Z]   ✓ 4512: turbo-704361-0004-r.jpg → Supabase (147730 bytes)
[2026-08-18T22:02:49.470Z]   ✓ 4512: turbo-704361-0004-r.jpg → Supabase (27724 bytes)
[2026-08-18T22:02:50.131Z]   ✓ 3664: cartridge-mh-00-0011.jpg → Supabase (150587 bytes)
[2026-08-18T22:02:50.611Z]   ✓ 3664: cartridge-mh-00-0011.jpg → Supabase (18381 bytes)
[2026-08-18T22:02:51.277Z]   ✓ 4087: cartridge-ih-00-0024.jpg → Supabase (159180 bytes)
[2026-08-18T22:02:51.751Z]   ✓ 4087: cartridge-ih-00-0024.jpg → Supabase (18179 bytes)
[2026-08-18T22:02:52.538Z]   ✓ 487: cartridge-ho-00-0002.jpg → Supabase (124127 bytes)
[2026-08-18T22:02:53.035Z]   ✓ 487: cartridge-ho-00-0002.jpg → Supabase (23455 bytes)
[2026-08-18T22:02:53.716Z]   ✓ 573: cartridge-bw-00-0074.jpg → Supabase (112696 bytes)
[2026-08-18T22:02:54.219Z]   ✓ 573: cartridge-bw-00-0074.jpg → Supabase (16231 bytes)
[2026-08-18T22:02:54.870Z]   ✓ 5854: cartridge-gt15-051.jpg → Supabase (154677 bytes)
[2026-08-18T22:02:55.419Z]   ✓ 5854: cartridge-gt15-051.jpg → Supabase (19018 bytes)
[2026-08-18T22:02:55.813Z] Progress: 70/906 processed, 0 skipped, 0 failures
[2026-08-18T22:02:56.069Z]   ✓ 472: cartridge-ga-00-0179.jpg → Supabase (121639 bytes)
[2026-08-18T22:02:56.560Z]   ✓ 472: cartridge-ga-00-0179.jpg → Supabase (18424 bytes)
[2026-08-18T22:02:57.187Z]   ✓ 766: cartridge-bw-00-0050.jpg → Supabase (81801 bytes)
[2026-08-18T22:02:57.688Z]   ✓ 766: cartridge-bw-00-0050.jpg → Supabase (17936 bytes)
[2026-08-18T22:02:58.422Z]   ✓ 93: cartridge-ga-00-0168.jpg → Supabase (226285 bytes)
[2026-08-18T22:02:59.123Z]   ✓ 93: cartridge-ga-00-0168.jpg → Supabase (27754 bytes)
[2026-08-18T22:02:59.796Z]   ✓ 7694: turbo-40007033.jpg → Supabase (140529 bytes)
[2026-08-18T22:03:00.769Z]   ✓ 7694: turbo-40007033.jpg → Supabase (22389 bytes)
[2026-08-18T22:03:01.399Z]   ✓ 4212: retaining-ring-k03-04-144.jpg → Supabase (53516 bytes)
[2026-08-18T22:03:02.010Z]   ✓ 4210: retaining-ring-h2c-143.jpg → Supabase (56088 bytes)
[2026-08-18T22:03:02.616Z]   ✓ 4211: retaining-ring-k03-04-143.jpg → Supabase (61832 bytes)
[2026-08-18T22:03:03.194Z]   ✓ 4209: retaining-ring-h1c-143.jpg → Supabase (54566 bytes)
[2026-08-18T22:03:03.848Z]   ✓ 4208: oil-deflector-hx55-146.jpg → Supabase (87397 bytes)
[2026-08-18T22:03:04.632Z]   ✓ 4206: retaining-ring-hx55-143.jpg → Supabase (57556 bytes)
[2026-08-18T22:03:05.029Z] Progress: 80/906 processed, 0 skipped, 0 failures
[2026-08-18T22:03:05.638Z]   ✓ 4205: oil-deflector-hx35-146.jpg → Supabase (178232 bytes)
[2026-08-18T22:03:06.232Z]   ✓ 4205: oil-deflector-hx35-146.jpg → Supabase (18178 bytes)
[2026-08-18T22:03:06.932Z]   ✓ 4203: retaining-ring-hx35-143.jpg → Supabase (43392 bytes)
[2026-08-18T22:03:07.608Z]   ✓ 4200: retaining-ring-gt15-143.jpg → Supabase (57227 bytes)
[2026-08-18T22:03:08.220Z]   ✓ 1457: actuator-clip-gr5.jpg → Supabase (40773 bytes)
[2026-08-18T22:03:08.824Z]   ✓ 1456: actuator-clip-gr4.jpg → Supabase (44885 bytes)
[2026-08-18T22:03:09.738Z]   ✓ 4199: actuator-clip-gr7.jpg → Supabase (41910 bytes)
[2026-08-18T22:03:10.398Z]   ✓ 4195: actuator-connector-plug-eap-3.jpg → Supabase (68214 bytes)
[2026-08-18T22:03:11.158Z]   ✓ 4521: turbo-775517-0002.jpg → Supabase (128495 bytes)
[2026-08-18T22:03:11.638Z]   ✓ 4521: turbo-775517-0002.jpg → Supabase (20747 bytes)
[2026-08-18T22:03:12.350Z]   ✓ 560: cartridge-bw-00-0023.jpg → Supabase (107383 bytes)
[2026-08-18T22:03:12.893Z]   ✓ 560: cartridge-bw-00-0023.jpg → Supabase (20770 bytes)
[2026-08-18T22:03:13.572Z]   ✓ 5344: turbo-49131-05050-r.jpg → Supabase (66463 bytes)
[2026-08-18T22:03:14.112Z]   ✓ 5344: turbo-49131-05050-r.jpg → Supabase (16705 bytes)
[2026-08-18T22:03:14.503Z] Progress: 90/906 processed, 0 skipped, 0 failures
[2026-08-18T22:03:15.070Z]   ✓ 6309: turbo-825758-0004.jpg → Supabase (125691 bytes)
[2026-08-18T22:03:15.578Z]   ✓ 6309: turbo-825758-0004.jpg → Supabase (26882 bytes)
[2026-08-18T22:03:16.650Z]   ✓ 5356: turbo-835109-0012.jpg → Supabase (102095 bytes)
[2026-08-18T22:03:17.205Z]   ✓ 5356: turbo-835109-0012.jpg → Supabase (19690 bytes)
[2026-08-18T22:03:18.023Z]   ✓ 5357: turbo-54399700144.jpg → Supabase (100056 bytes)
[2026-08-18T22:03:18.534Z]   ✓ 5357: turbo-54399700144.jpg → Supabase (20028 bytes)
[2026-08-18T22:03:19.627Z]   ✓ 5857: cartridge-gt16-005.jpg → Supabase (150599 bytes)
[2026-08-18T22:03:20.158Z]   ✓ 5857: cartridge-gt16-005.jpg → Supabase (19642 bytes)
[2026-08-18T22:03:20.776Z]   ✓ 1447: thrust-bearing-t2-120.jpg → Supabase (47751 bytes)
[2026-08-18T22:03:21.302Z]   ✓ 1447: thrust-bearing-t2-120.jpg → Supabase (10956 bytes)
[2026-08-18T22:03:21.941Z]   ✓ 4184: thrust-bearing-tf035-121.jpg → Supabase (59192 bytes)
[2026-08-18T22:03:22.509Z]   ✓ 4184: thrust-bearing-tf035-121.jpg → Supabase (9549 bytes)
[2026-08-18T22:03:23.336Z]   ✓ 5851: cartridge-gt15-001.jpg → Supabase (176851 bytes)
[2026-08-18T22:03:23.874Z]   ✓ 5851: cartridge-gt15-001.jpg → Supabase (19620 bytes)
[2026-08-18T22:03:24.501Z]   ✓ 4197: retaining-ring-ct16-143.jpg → Supabase (55799 bytes)
[2026-08-18T22:03:25.130Z]   ✓ 4189: actuator-clip-eaf-2.jpg → Supabase (54543 bytes)
[2026-08-18T22:03:25.819Z]   ✓ 4189: actuator-clip-eaf-2.jpg → Supabase (8334 bytes)
[2026-08-18T22:03:26.538Z]   ✓ 5052: turbo-53279706206.jpg → Supabase (143726 bytes)
[2026-08-18T22:03:27.032Z]   ✓ 5052: turbo-53279706206.jpg → Supabase (15987 bytes)
[2026-08-18T22:03:27.450Z] Progress: 100/906 processed, 0 skipped, 0 failures
[2026-08-18T22:03:27.908Z]   ✓ 7179: turbo-3779731.jpg → Supabase (202311 bytes)
[2026-08-18T22:03:28.765Z]   ✓ 5860: cartridge-gt17-010.jpg → Supabase (168280 bytes)
[2026-08-18T22:03:29.284Z]   ✓ 5860: cartridge-gt17-010.jpg → Supabase (18333 bytes)
[2026-08-18T22:03:30.020Z]   ✓ 7184: turbo-53319887205.jpg → Supabase (202311 bytes)
[2026-08-18T22:03:30.755Z]   ✓ 7187: turbo-706844-0008.jpg → Supabase (202311 bytes)
[2026-08-18T22:03:31.455Z]   ✓ 7198: turbo-viez.jpg → Supabase (202311 bytes)
[2026-08-18T22:03:32.133Z]   ✓ 5867: cartridge-gt20-037.jpg → Supabase (146501 bytes)
[2026-08-18T22:03:32.612Z]   ✓ 5867: cartridge-gt20-037.jpg → Supabase (18687 bytes)
[2026-08-18T22:03:33.280Z]   ✓ 4534: turbo-54399700020-r.jpg → Supabase (124876 bytes)
[2026-08-18T22:03:33.840Z]   ✓ 4534: turbo-54399700020-r.jpg → Supabase (21036 bytes)
[2026-08-18T22:03:34.485Z]   ✓ 5421: turbo-805340.jpg → Supabase (91370 bytes)
[2026-08-18T22:03:34.976Z]   ✓ 5421: turbo-805340.jpg → Supabase (20211 bytes)
[2026-08-18T22:03:35.634Z]   ✓ 5431: turbo-720931-9004s-r.jpg → Supabase (91591 bytes)
[2026-08-18T22:03:36.111Z]   ✓ 5431: turbo-720931-9004s-r.jpg → Supabase (20431 bytes)
[2026-08-18T22:03:36.928Z]   ✓ 5434: turbo-3599027.jpg → Supabase (107154 bytes)
[2026-08-18T22:03:37.409Z]   ✓ 5434: turbo-3599027.jpg → Supabase (21824 bytes)
[2026-08-18T22:03:37.804Z] Progress: 110/906 processed, 0 skipped, 0 failures
[2026-08-18T22:03:38.037Z]   ✓ 5436: turbo-874777-0001.jpg → Supabase (84675 bytes)
[2026-08-18T22:03:38.509Z]   ✓ 5436: turbo-874777-0001.jpg → Supabase (20239 bytes)
[2026-08-18T22:03:39.182Z]   ✓ 5871: cartridge-k03-035.jpg → Supabase (184411 bytes)
[2026-08-18T22:03:39.665Z]   ✓ 5871: cartridge-k03-035.jpg → Supabase (22277 bytes)
[2026-08-18T22:03:40.463Z]   ✓ 4541: turbo-785448-0005.jpg → Supabase (144128 bytes)
[2026-08-18T22:03:41.084Z]   ✓ 4541: turbo-785448-0005.jpg → Supabase (23367 bytes)
[2026-08-18T22:03:41.770Z]   ✓ 5859: cartridge-gt17-008.jpg → Supabase (151519 bytes)
[2026-08-18T22:03:42.270Z]   ✓ 5859: cartridge-gt17-008.jpg → Supabase (22323 bytes)
[2026-08-18T22:03:42.959Z]   ✓ 5881: cartridge-td03-000.jpg → Supabase (160860 bytes)
[2026-08-18T22:03:43.431Z]   ✓ 5881: cartridge-td03-000.jpg → Supabase (19978 bytes)
[2026-08-18T22:03:44.076Z]   ✓ 724: cartridge-ga-00-0064.jpg → Supabase (105011 bytes)
[2026-08-18T22:03:44.765Z]   ✓ 724: cartridge-ga-00-0064.jpg → Supabase (14459 bytes)
[2026-08-18T22:03:45.436Z]   ✓ 4547: turbo-753420-0005-r.jpg → Supabase (119345 bytes)
[2026-08-18T22:03:45.924Z]   ✓ 4547: turbo-753420-0005-r.jpg → Supabase (22115 bytes)
[2026-08-18T22:03:46.603Z]   ✓ 5877: cartridge-kp39-001.jpg → Supabase (154944 bytes)
[2026-08-18T22:03:47.125Z]   ✓ 5877: cartridge-kp39-001.jpg → Supabase (21686 bytes)
[2026-08-18T22:03:47.755Z]   ✓ 789: cartridge-ga-00-0014.jpg → Supabase (100923 bytes)
[2026-08-18T22:03:48.244Z]   ✓ 789: cartridge-ga-00-0014.jpg → Supabase (19365 bytes)
[2026-08-18T22:03:48.946Z]   ✓ 94: cartridge-ga-00-0167.jpg → Supabase (227346 bytes)
[2026-08-18T22:03:49.248Z] Refreshing browser session...
[2026-08-18T22:03:49.879Z] Session refreshed.
[2026-08-18T22:03:50.072Z]   ✓ 94: cartridge-ga-00-0167.jpg → Supabase (28947 bytes)
[2026-08-18T22:03:50.464Z] Progress: 120/906 processed, 0 skipped, 0 failures
[2026-08-18T22:03:50.722Z]   ✓ 277: repair-kit-ga-04-0007.jpg → Supabase (113745 bytes)
[2026-08-18T22:03:51.463Z]   ✓ 5879: cartridge-kp39-007.jpg → Supabase (149402 bytes)
[2026-08-18T22:03:52.047Z]   ✓ 5879: cartridge-kp39-007.jpg → Supabase (18735 bytes)
[2026-08-18T22:03:52.864Z]   ✓ 6050: cartridge-td04-vg2.jpg → Supabase (194422 bytes)
[2026-08-18T22:03:53.370Z]   ✓ 6050: cartridge-td04-vg2.jpg → Supabase (18876 bytes)
[2026-08-18T22:03:54.003Z]   ✓ 8124: compressor-wheel-bw-03-0169.jpg → Supabase (92320 bytes)
[2026-08-18T22:03:54.485Z]   ✓ 8124: compressor-wheel-bw-03-0169.jpg → Supabase (12660 bytes)
[2026-08-18T22:03:55.405Z]   ✓ 7945: compressor-wheel-ho-03-0022.jpg → Supabase (110079 bytes)
[2026-08-18T22:03:55.967Z]   ✓ 7945: compressor-wheel-ho-03-0022.jpg → Supabase (17225 bytes)
[2026-08-18T22:03:56.602Z]   ✓ 270: cartridge-mh-00-0038.jpg → Supabase (88888 bytes)
[2026-08-18T22:03:57.100Z]   ✓ 270: cartridge-mh-00-0038.jpg → Supabase (18090 bytes)
[2026-08-18T22:03:57.767Z]   ✓ 261: cartridge-mh-00-0040.jpg → Supabase (119329 bytes)
[2026-08-18T22:03:58.236Z]   ✓ 261: cartridge-mh-00-0040.jpg → Supabase (23556 bytes)
[2026-08-18T22:03:58.975Z]   ✓ 7560: heat-shield-ih-05-0023.jpg → Supabase (200309 bytes)
[2026-08-18T22:03:59.475Z]   ✓ 7560: heat-shield-ih-05-0023.jpg → Supabase (20291 bytes)
[2026-08-18T22:04:00.330Z]   ✓ 6876: bearing-housing-ga-01-0182.jpg → Supabase (213482 bytes)
[2026-08-18T22:04:00.868Z]   ✓ 6876: bearing-housing-ga-01-0182.jpg → Supabase (22997 bytes)
[2026-08-18T22:04:01.570Z]   ✓ 4553: turbo-54399700127.jpg → Supabase (136560 bytes)
[2026-08-18T22:04:02.222Z]   ✓ 4553: turbo-54399700127.jpg → Supabase (23881 bytes)
[2026-08-18T22:04:02.624Z] Progress: 130/906 processed, 0 skipped, 0 failures
[2026-08-18T22:04:02.899Z]   ✓ 5919: cartridge-gt20-032.jpg → Supabase (167214 bytes)
[2026-08-18T22:04:03.383Z]   ✓ 5919: cartridge-gt20-032.jpg → Supabase (20903 bytes)
[2026-08-18T22:04:04.031Z]   ✓ 4551: turbo-54399700093.jpg → Supabase (125759 bytes)
[2026-08-18T22:04:04.530Z]   ✓ 4551: turbo-54399700093.jpg → Supabase (14227 bytes)
[2026-08-18T22:04:05.232Z]   ✓ 5998: cartridge-gt15-033.jpg → Supabase (163876 bytes)
[2026-08-18T22:04:05.715Z]   ✓ 5998: cartridge-gt15-033.jpg → Supabase (17331 bytes)
[2026-08-18T22:04:06.463Z]   ✓ 268: repair-kit-bw-04-0028.jpg → Supabase (114566 bytes)
[2026-08-18T22:04:07.017Z]   ✓ 268: repair-kit-bw-04-0028.jpg → Supabase (15888 bytes)
[2026-08-18T22:04:07.692Z]   ✓ 6046: cartridge-ga-00-0233.jpg → Supabase (163284 bytes)
[2026-08-18T22:04:08.215Z]   ✓ 6046: cartridge-ga-00-0233.jpg → Supabase (20344 bytes)
[2026-08-18T22:04:08.844Z]   ✓ 4562: turbo-803955-5005s.jpg → Supabase (90672 bytes)
[2026-08-18T22:04:09.311Z]   ✓ 4562: turbo-803955-5005s.jpg → Supabase (20938 bytes)
[2026-08-18T22:04:09.934Z]   ✓ 5439: turbo-49477-02031.jpg → Supabase (82651 bytes)
[2026-08-18T22:04:10.422Z]   ✓ 5439: turbo-49477-02031.jpg → Supabase (19771 bytes)
[2026-08-18T22:04:11.113Z]   ✓ 5441: turbo-880943-0001.jpg → Supabase (96115 bytes)
[2026-08-18T22:04:11.605Z]   ✓ 5441: turbo-880943-0001.jpg → Supabase (24628 bytes)
[2026-08-18T22:04:12.309Z]   ✓ 5995: cartridge-ga-00-0232.jpg → Supabase (188297 bytes)
[2026-08-18T22:04:12.781Z]   ✓ 5995: cartridge-ga-00-0232.jpg → Supabase (18399 bytes)
[2026-08-18T22:04:13.434Z]   ✓ 5455: turbo-49135-04500.jpg → Supabase (106665 bytes)
[2026-08-18T22:04:13.922Z]   ✓ 5455: turbo-49135-04500.jpg → Supabase (18842 bytes)
[2026-08-18T22:04:14.310Z] Progress: 140/906 processed, 0 skipped, 0 failures
[2026-08-18T22:04:14.597Z]   ✓ 6024: cartridge-r2s-000-l1b.jpg → Supabase (205016 bytes)
[2026-08-18T22:04:15.088Z]   ✓ 6024: cartridge-r2s-000-l1b.jpg → Supabase (20370 bytes)
[2026-08-18T22:04:15.747Z]   ✓ 663: cartridge-ga-00-0132.jpg → Supabase (98478 bytes)
[2026-08-18T22:04:16.250Z]   ✓ 663: cartridge-ga-00-0132.jpg → Supabase (18111 bytes)
[2026-08-18T22:04:17.031Z]   ✓ 82: cartridge-mh-00-0035.jpg → Supabase (184829 bytes)
[2026-08-18T22:04:17.523Z]   ✓ 82: cartridge-mh-00-0035.jpg → Supabase (22804 bytes)
[2026-08-18T22:04:18.223Z]   ✓ 205: cartridge-bw-00-0042.jpg → Supabase (87870 bytes)
[2026-08-18T22:04:18.789Z]   ✓ 205: cartridge-bw-00-0042.jpg → Supabase (15832 bytes)
[2026-08-18T22:04:19.589Z]   ✓ 141: cartridge-ga-00-0031.jpg → Supabase (240176 bytes)
[2026-08-18T22:04:20.083Z]   ✓ 141: cartridge-ga-00-0031.jpg → Supabase (25983 bytes)
[2026-08-18T22:04:20.870Z]   ✓ 4569: turbo-10009700009.jpg → Supabase (118912 bytes)
[2026-08-18T22:04:21.358Z]   ✓ 4569: turbo-10009700009.jpg → Supabase (27724 bytes)
[2026-08-18T22:04:22.086Z]   ✓ 621: cartridge-ga-00-0126.jpg → Supabase (109861 bytes)
[2026-08-18T22:04:22.619Z]   ✓ 621: cartridge-ga-00-0126.jpg → Supabase (14059 bytes)
[2026-08-18T22:04:23.396Z]   ✓ 6642: nozzle-ring-assembly-mh-06-0018.jpg → Supabase (192475 bytes)
[2026-08-18T22:04:23.894Z]   ✓ 6642: nozzle-ring-assembly-mh-06-0018.jpg → Supabase (18691 bytes)
[2026-08-18T22:04:24.565Z]   ✓ 6552: repair-kit-ga-04-0043.jpg → Supabase (92876 bytes)
[2026-08-18T22:04:25.040Z]   ✓ 6552: repair-kit-ga-04-0043.jpg → Supabase (18437 bytes)
[2026-08-18T22:04:25.671Z]   ✓ 623: cartridge-ga-00-0129.jpg → Supabase (103852 bytes)
[2026-08-18T22:04:26.211Z]   ✓ 623: cartridge-ga-00-0129.jpg → Supabase (17053 bytes)
[2026-08-18T22:04:26.601Z] Progress: 150/906 processed, 0 skipped, 0 failures
[2026-08-18T22:04:27.063Z]   ✓ 4574: turbo-49131-06004-r.jpg → Supabase (98906 bytes)
[2026-08-18T22:04:27.545Z]   ✓ 4574: turbo-49131-06004-r.jpg → Supabase (27080 bytes)
[2026-08-18T22:04:28.275Z]   ✓ 109: cartridge-ga-00-0099.jpg → Supabase (243038 bytes)
[2026-08-18T22:04:29.005Z]   ✓ 109: cartridge-ga-00-0099.jpg → Supabase (24767 bytes)
[2026-08-18T22:04:29.651Z]   ✓ 686: cartridge-ga-00-0133.jpg → Supabase (98970 bytes)
[2026-08-18T22:04:30.159Z]   ✓ 686: cartridge-ga-00-0133.jpg → Supabase (20154 bytes)
[2026-08-18T22:04:30.806Z]   ✓ 848: cartridge-ga-00-0015.jpg → Supabase (100507 bytes)
[2026-08-18T22:04:32.177Z]   ✓ 848: cartridge-ga-00-0015.jpg → Supabase (17020 bytes)
[2026-08-18T22:04:32.811Z]   ✓ 325: repair-kit-bw-04-0003.jpg → Supabase (79877 bytes)
[2026-08-18T22:04:33.410Z]   ✓ 325: repair-kit-bw-04-0003.jpg → Supabase (13255 bytes)
[2026-08-18T22:04:34.056Z]   ✓ 688: cartridge-ih-00-0014.jpg → Supabase (88970 bytes)
[2026-08-18T22:04:34.537Z]   ✓ 688: cartridge-ih-00-0014.jpg → Supabase (21375 bytes)
[2026-08-18T22:04:35.210Z]   ✓ 85: cartridge-bw-00-0005.jpg → Supabase (176803 bytes)
[2026-08-18T22:04:35.787Z]   ✓ 85: cartridge-bw-00-0005.jpg → Supabase (26684 bytes)
[2026-08-18T22:04:36.629Z]   ✓ 6862: cartridge-r2s-003-hb.jpg → Supabase (165503 bytes)
[2026-08-18T22:04:37.276Z]   ✓ 6862: cartridge-r2s-003-hb.jpg → Supabase (20161 bytes)
[2026-08-18T22:04:38.046Z]   ✓ 5858: cartridge-gt17-002.jpg → Supabase (140889 bytes)
[2026-08-18T22:04:38.589Z]   ✓ 5858: cartridge-gt17-002.jpg → Supabase (21058 bytes)
[2026-08-18T22:04:39.271Z]   ✓ 2478: cartridge-ga-00-0141.jpg → Supabase (79356 bytes)
[2026-08-18T22:04:40.110Z]   ✓ 2478: cartridge-ga-00-0141.jpg → Supabase (13937 bytes)
[2026-08-18T22:04:40.541Z] Progress: 160/906 processed, 0 skipped, 0 failures
[2026-08-18T22:04:41.248Z]   ✓ 4595: turbo-700625-0001-r.jpg → Supabase (127277 bytes)
[2026-08-18T22:04:41.846Z]   ✓ 4595: turbo-700625-0001-r.jpg → Supabase (25114 bytes)
[2026-08-18T22:04:42.683Z]   ✓ 5464: turbo-313951.jpg → Supabase (88986 bytes)
[2026-08-18T22:04:43.208Z]   ✓ 5464: turbo-313951.jpg → Supabase (17951 bytes)
[2026-08-18T22:04:43.893Z]   ✓ 5459: turbo-49373-02013.jpg → Supabase (104856 bytes)
[2026-08-18T22:04:44.394Z]   ✓ 5459: turbo-49373-02013.jpg → Supabase (21027 bytes)
[2026-08-18T22:04:45.061Z]   ✓ 81: cartridge-mh-00-0037.jpg → Supabase (98747 bytes)
[2026-08-18T22:04:45.673Z]   ✓ 81: cartridge-mh-00-0037.jpg → Supabase (17682 bytes)
[2026-08-18T22:04:46.344Z]   ✓ 5470: turbo-727264-0001.jpg → Supabase (99090 bytes)
[2026-08-18T22:04:46.860Z]   ✓ 5470: turbo-727264-0001.jpg → Supabase (16849 bytes)
[2026-08-18T22:04:47.485Z]   ✓ 5492: turbo-12649880004.jpg → Supabase (86247 bytes)
[2026-08-18T22:04:47.954Z]   ✓ 5492: turbo-12649880004.jpg → Supabase (18695 bytes)
[2026-08-18T22:04:48.602Z]   ✓ 4599: turbo-49377-06520-r.jpg → Supabase (110313 bytes)
[2026-08-18T22:04:49.094Z]   ✓ 4599: turbo-49377-06520-r.jpg → Supabase (22945 bytes)
[2026-08-18T22:04:49.805Z]   ✓ 7935: turbo-cy55.jpg → Supabase (202311 bytes)
[2026-08-18T22:04:50.614Z]   ✓ 7936: turbo-ciaq.jpg → Supabase (202311 bytes)
[2026-08-18T22:04:51.356Z]   ✓ 7980: turbo-883777-0004.jpg → Supabase (255720 bytes)
[2026-08-18T22:04:51.843Z]   ✓ 7980: turbo-883777-0004.jpg → Supabase (25253 bytes)
[2026-08-18T22:04:52.256Z] Progress: 170/906 processed, 0 skipped, 0 failures
[2026-08-18T22:04:52.756Z]   ✓ 7977: turbo-54399700017-r.jpg → Supabase (202311 bytes)
[2026-08-18T22:04:54.194Z]   ✓ 8007: turbo-838452-5007s.jpg → Supabase (202311 bytes)
[2026-08-18T22:04:54.616Z] Refreshing browser session...
[2026-08-18T22:04:55.462Z] Session refreshed.
[2026-08-18T22:04:57.078Z]   ✓ 7997: turbo-49s31-07440.jpg → Supabase (126789 bytes)
[2026-08-18T22:04:57.586Z]   ✓ 7997: turbo-49s31-07440.jpg → Supabase (20261 bytes)
[2026-08-18T22:04:58.914Z]   ✓ 7200: turbo-49180-01700.jpg → Supabase (202311 bytes)
[2026-08-18T22:04:59.734Z]   ✓ 7691: turbo-40008237.jpg → Supabase (202311 bytes)
[2026-08-18T22:05:00.468Z]   ✓ 7600: turbo-40006263.jpg → Supabase (97219 bytes)
[2026-08-18T22:05:00.999Z]   ✓ 7600: turbo-40006263.jpg → Supabase (18661 bytes)
[2026-08-18T22:05:01.805Z]   ✓ 7693: turbo-53039700791.jpg → Supabase (202311 bytes)
[2026-08-18T22:05:02.732Z]   ✓ 7979: turbo-835109-0013.jpg → Supabase (231406 bytes)
[2026-08-18T22:05:03.231Z]   ✓ 7979: turbo-835109-0013.jpg → Supabase (20715 bytes)
[2026-08-18T22:05:03.877Z]   ✓ 5516: turbo-56409880005.jpg → Supabase (89178 bytes)
[2026-08-18T22:05:04.363Z]   ✓ 5516: turbo-56409880005.jpg → Supabase (16176 bytes)
[2026-08-18T22:05:05.048Z]   ✓ 87: cartridge-bw-00-0038.jpg → Supabase (105845 bytes)
[2026-08-18T22:05:05.538Z]   ✓ 87: cartridge-bw-00-0038.jpg → Supabase (22843 bytes)
[2026-08-18T22:05:05.930Z] Progress: 180/906 processed, 0 skipped, 0 failures
[2026-08-18T22:05:06.445Z]   ✓ 6750: cartridge-td02-018.jpg → Supabase (149399 bytes)
[2026-08-18T22:05:07.444Z]   ✓ 6750: cartridge-td02-018.jpg → Supabase (16241 bytes)
[2026-08-18T22:05:08.057Z]   ✓ 2950: cartridge-bw-00-0083.jpg → Supabase (69900 bytes)
[2026-08-18T22:05:08.583Z]   ✓ 2950: cartridge-bw-00-0083.jpg → Supabase (19031 bytes)
[2026-08-18T22:05:09.212Z]   ✓ 4606: turbo-708618-0006-r.jpg → Supabase (93926 bytes)
[2026-08-18T22:05:09.701Z]   ✓ 4606: turbo-708618-0006-r.jpg → Supabase (26044 bytes)
[2026-08-18T22:05:10.457Z]   ✓ 91: cartridge-ga-00-0192.jpg → Supabase (254763 bytes)
[2026-08-18T22:05:11.032Z]   ✓ 91: cartridge-ga-00-0192.jpg → Supabase (25413 bytes)
[2026-08-18T22:05:11.753Z]   ✓ 4089: cartridge-bw-00-0127.jpg → Supabase (170719 bytes)
[2026-08-18T22:05:12.278Z]   ✓ 4089: cartridge-bw-00-0127.jpg → Supabase (18251 bytes)
[2026-08-18T22:05:12.922Z]   ✓ 217: cartridge-ga-00-0175.jpg → Supabase (93039 bytes)
[2026-08-18T22:05:13.405Z]   ✓ 217: cartridge-ga-00-0175.jpg → Supabase (16620 bytes)
[2026-08-18T22:05:14.064Z]   ✓ 9151: compressor-plate-ga-08-0094.jpg → Supabase (91502 bytes)
[2026-08-18T22:05:14.546Z]   ✓ 9151: compressor-plate-ga-08-0094.jpg → Supabase (23755 bytes)
[2026-08-18T22:05:15.130Z]   ✓ 9083: shaft-and-wheel-ga-02-0192.jpg → Supabase (52897 bytes)
[2026-08-18T22:05:15.608Z]   ✓ 9083: shaft-and-wheel-ga-02-0192.jpg → Supabase (10569 bytes)
[2026-08-18T22:05:16.302Z]   ✓ 7700: compressor-wheel-bw-03-0161.jpg → Supabase (179201 bytes)
[2026-08-18T22:05:16.793Z]   ✓ 7700: compressor-wheel-bw-03-0161.jpg → Supabase (19963 bytes)
[2026-08-18T22:05:17.468Z]   ✓ 6758: heat-shield-ga-05-0028.jpg → Supabase (180338 bytes)
[2026-08-18T22:05:17.966Z]   ✓ 6758: heat-shield-ga-05-0028.jpg → Supabase (20798 bytes)
[2026-08-18T22:05:18.358Z] Progress: 190/906 processed, 0 skipped, 0 failures
[2026-08-18T22:05:18.616Z]   ✓ 6456: repair-kit-ga-04-0039.jpg → Supabase (96484 bytes)
[2026-08-18T22:05:19.097Z]   ✓ 6456: repair-kit-ga-04-0039.jpg → Supabase (15784 bytes)
[2026-08-18T22:05:20.112Z]   ✓ 98: cartridge-ga-00-0157.jpg → Supabase (225070 bytes)
[2026-08-18T22:05:20.610Z]   ✓ 98: cartridge-ga-00-0157.jpg → Supabase (25949 bytes)
[2026-08-18T22:05:21.291Z]   ✓ 4609: turbo-454158-0001-r.jpg → Supabase (117951 bytes)
[2026-08-18T22:05:21.768Z]   ✓ 4609: turbo-454158-0001-r.jpg → Supabase (23323 bytes)
[2026-08-18T22:05:22.580Z]   ✓ 5882: cartridge-td03-002.jpg → Supabase (216252 bytes)
[2026-08-18T22:05:23.091Z]   ✓ 5882: cartridge-td03-002.jpg → Supabase (24048 bytes)
[2026-08-18T22:05:23.756Z]   ✓ 6530: cartridge-gt32-020.jpg → Supabase (175122 bytes)
[2026-08-18T22:05:24.365Z]   ✓ 6530: cartridge-gt32-020.jpg → Supabase (18694 bytes)
[2026-08-18T22:05:25.235Z]   ✓ 5918: cartridge-gt17-043.jpg → Supabase (167142 bytes)
[2026-08-18T22:05:26.090Z]   ✓ 5918: cartridge-gt17-043.jpg → Supabase (19264 bytes)
[2026-08-18T22:05:26.773Z]   ✓ 6619: cartridge-r2s-020-l.jpg → Supabase (155759 bytes)
[2026-08-18T22:05:27.255Z]   ✓ 6619: cartridge-r2s-020-l.jpg → Supabase (17627 bytes)
[2026-08-18T22:05:27.880Z]   ✓ 1332: cartridge-bw-00-0010.jpg → Supabase (86578 bytes)
[2026-08-18T22:05:28.361Z]   ✓ 1332: cartridge-bw-00-0010.jpg → Supabase (17335 bytes)
[2026-08-18T22:05:29.109Z]   ✓ 99: cartridge-ga-00-0154.jpg → Supabase (234390 bytes)
[2026-08-18T22:05:29.592Z]   ✓ 99: cartridge-ga-00-0154.jpg → Supabase (25707 bytes)
[2026-08-18T22:05:30.463Z]   ✓ 9236: nozzle-ring-assembly-ih-06-0016.jpg → Supabase (128189 bytes)
[2026-08-18T22:05:30.946Z]   ✓ 9236: nozzle-ring-assembly-ih-06-0016.jpg → Supabase (17007 bytes)
[2026-08-18T22:05:31.338Z] Progress: 200/906 processed, 0 skipped, 0 failures
[2026-08-18T22:05:31.592Z]   ✓ 8074: actuator-ga-10-0066.jpg → Supabase (85715 bytes)
[2026-08-18T22:05:32.092Z]   ✓ 8074: actuator-ga-10-0066.jpg → Supabase (17826 bytes)
[2026-08-18T22:05:34.023Z]   ✓ 7768: heat-shield-to-05-0002.jpg → Supabase (177749 bytes)
[2026-08-18T22:05:34.496Z]   ✓ 7768: heat-shield-to-05-0002.jpg → Supabase (19521 bytes)
[2026-08-18T22:05:35.255Z]   ✓ 6690: turbine-housing-mh-09-0012.jpg → Supabase (112675 bytes)
[2026-08-18T22:05:35.792Z]   ✓ 6690: turbine-housing-mh-09-0012.jpg → Supabase (14271 bytes)
[2026-08-18T22:05:36.484Z]   ✓ 4613: turbo-454192-0001-r.jpg → Supabase (143479 bytes)
[2026-08-18T22:05:37.147Z]   ✓ 4613: turbo-454192-0001-r.jpg → Supabase (27745 bytes)
[2026-08-18T22:05:38.019Z]   ✓ 6596: compressor-housing-mh-11-0004.jpg → Supabase (93128 bytes)
[2026-08-18T22:05:38.492Z]   ✓ 6596: compressor-housing-mh-11-0004.jpg → Supabase (15342 bytes)
[2026-08-18T22:05:39.144Z]   ✓ 4279: compressor-wheel-bw-03-0061.jpg → Supabase (123529 bytes)
[2026-08-18T22:05:39.628Z]   ✓ 4279: compressor-wheel-bw-03-0061.jpg → Supabase (24550 bytes)
[2026-08-18T22:05:40.293Z]   ✓ 1951: compressor-plate-mh-08-0006.jpg → Supabase (93208 bytes)
[2026-08-18T22:05:40.805Z]   ✓ 1951: compressor-plate-mh-08-0006.jpg → Supabase (14555 bytes)
[2026-08-18T22:05:41.435Z]   ✓ 3267: cartridge-mh-00-0028.jpg → Supabase (70338 bytes)
[2026-08-18T22:05:42.116Z]   ✓ 3267: cartridge-mh-00-0028.jpg → Supabase (14243 bytes)
[2026-08-18T22:05:42.824Z]   ✓ 4614: turbo-454232-0004-r.jpg → Supabase (135559 bytes)
[2026-08-18T22:05:43.300Z]   ✓ 4614: turbo-454232-0004-r.jpg → Supabase (18199 bytes)
[2026-08-18T22:05:44.032Z]   ✓ 6830: cartridge-td02-003.jpg → Supabase (200727 bytes)
[2026-08-18T22:05:44.516Z]   ✓ 6830: cartridge-td02-003.jpg → Supabase (22694 bytes)
[2026-08-18T22:05:44.908Z] Progress: 210/906 processed, 0 skipped, 0 failures
[2026-08-18T22:05:45.194Z]   ✓ 5873: cartridge-k03-039b.jpg → Supabase (162765 bytes)
[2026-08-18T22:05:45.719Z]   ✓ 5873: cartridge-k03-039b.jpg → Supabase (23326 bytes)
[2026-08-18T22:05:46.341Z]   ✓ 3565: cartridge-ga-00-0156.jpg → Supabase (74167 bytes)
[2026-08-18T22:05:46.826Z]   ✓ 3565: cartridge-ga-00-0156.jpg → Supabase (15214 bytes)
[2026-08-18T22:05:47.402Z]   ✓ 2241: compressor-wheel-ga-03-0061.jpg → Supabase (63672 bytes)
[2026-08-18T22:05:47.892Z]   ✓ 2241: compressor-wheel-ga-03-0061.jpg → Supabase (12727 bytes)
[2026-08-18T22:05:48.566Z]   ✓ 9191: compressor-wheel-ga-03-0187.jpg → Supabase (79576 bytes)
[2026-08-18T22:05:49.064Z]   ✓ 9191: compressor-wheel-ga-03-0187.jpg → Supabase (13329 bytes)
[2026-08-18T22:05:49.706Z]   ✓ 7823: turbine-housing-to-09-0002.jpg → Supabase (110971 bytes)
[2026-08-18T22:05:50.198Z]   ✓ 7823: turbine-housing-to-09-0002.jpg → Supabase (19458 bytes)
[2026-08-18T22:05:50.922Z]   ✓ 5916: cartridge-gt17-001.jpg → Supabase (151324 bytes)
[2026-08-18T22:05:51.440Z]   ✓ 5916: cartridge-gt17-001.jpg → Supabase (21198 bytes)
[2026-08-18T22:05:52.119Z]   ✓ 2484: cartridge-bw-00-0108.jpg → Supabase (68001 bytes)
[2026-08-18T22:05:52.667Z]   ✓ 2484: cartridge-bw-00-0108.jpg → Supabase (18561 bytes)
[2026-08-18T22:05:53.284Z]   ✓ 3039: cartridge-ga-00-0217.jpg → Supabase (81020 bytes)
[2026-08-18T22:05:53.790Z]   ✓ 3039: cartridge-ga-00-0217.jpg → Supabase (16398 bytes)
[2026-08-18T22:05:55.633Z]   ✓ 140: cartridge-ga-00-0032.jpg → Supabase (280129 bytes)
[2026-08-18T22:05:56.155Z]   ✓ 140: cartridge-ga-00-0032.jpg → Supabase (26321 bytes)
[2026-08-18T22:05:56.786Z]   ✓ 7972: shaft-and-wheel-mh-02-0033.jpg → Supabase (89485 bytes)
[2026-08-18T22:05:57.318Z]   ✓ 7972: shaft-and-wheel-mh-02-0033.jpg → Supabase (9252 bytes)
[2026-08-18T22:05:57.715Z] Progress: 220/906 processed, 0 skipped, 0 failures
[2026-08-18T22:05:57.971Z]   ✓ 7439: compressor-wheel-mh-03-0062.jpg → Supabase (86746 bytes)
[2026-08-18T22:05:58.538Z]   ✓ 7439: compressor-wheel-mh-03-0062.jpg → Supabase (17804 bytes)
[2026-08-18T22:05:59.198Z]   ✓ 4099: nozzle-ring-assembly-bw-06-0001.jpg → Supabase (120974 bytes)
[2026-08-18T22:05:59.684Z]   ✓ 4099: nozzle-ring-assembly-bw-06-0001.jpg → Supabase (21840 bytes)
[2026-08-18T22:06:00.273Z]   ✓ 2956: cartridge-ga-00-0019.jpg → Supabase (63594 bytes)
[2026-08-18T22:06:00.775Z]   ✓ 2956: cartridge-ga-00-0019.jpg → Supabase (15104 bytes)
[2026-08-18T22:06:01.456Z]   ✓ 6052: cartridge-k03-038b.jpg → Supabase (176284 bytes)
[2026-08-18T22:06:01.758Z] Refreshing browser session...
[2026-08-18T22:06:02.282Z] Session refreshed.
[2026-08-18T22:06:02.923Z]   ✓ 6052: cartridge-k03-038b.jpg → Supabase (21564 bytes)
[2026-08-18T22:06:03.617Z]   ✓ 7605: actuator-40009229.jpg → Supabase (138861 bytes)
[2026-08-18T22:06:04.169Z]   ✓ 7605: actuator-40009229.jpg → Supabase (16381 bytes)
[2026-08-18T22:06:04.766Z]   ✓ 3065: compressor-wheel-ga-03-0063.jpg → Supabase (52465 bytes)
[2026-08-18T22:06:05.322Z]   ✓ 3065: compressor-wheel-ga-03-0063.jpg → Supabase (13049 bytes)
[2026-08-18T22:06:06.004Z]   ✓ 7129: compressor-plate-bw-08-0062.jpg → Supabase (97333 bytes)
[2026-08-18T22:06:06.486Z]   ✓ 7129: compressor-plate-bw-08-0062.jpg → Supabase (14865 bytes)
[2026-08-18T22:06:07.155Z]   ✓ 6509: compressor-housing-mh-11-0006.jpg → Supabase (138411 bytes)
[2026-08-18T22:06:07.632Z]   ✓ 6509: compressor-housing-mh-11-0006.jpg → Supabase (17074 bytes)
[2026-08-18T22:06:08.352Z]   ✓ 6354: cartridge-dsgt-004-lb.jpg → Supabase (148306 bytes)
[2026-08-18T22:06:08.829Z]   ✓ 6354: cartridge-dsgt-004-lb.jpg → Supabase (16208 bytes)
[2026-08-18T22:06:09.483Z]   ✓ 4629: turbo-742110-0007-r.jpg → Supabase (143452 bytes)
[2026-08-18T22:06:09.986Z]   ✓ 4629: turbo-742110-0007-r.jpg → Supabase (18482 bytes)
[2026-08-18T22:06:10.379Z] Progress: 230/906 processed, 0 skipped, 0 failures
[2026-08-18T22:06:10.558Z]   ✓ 9176: shaft-and-wheel-bw-02-0145.jpg → Supabase (50453 bytes)
[2026-08-18T22:06:11.117Z]   ✓ 9176: shaft-and-wheel-bw-02-0145.jpg → Supabase (9193 bytes)
[2026-08-18T22:06:11.829Z]   ✓ 8057: nozzle-ring-assembly-ga-06-0052.jpg → Supabase (144537 bytes)
[2026-08-18T22:06:12.307Z]   ✓ 8057: nozzle-ring-assembly-ga-06-0052.jpg → Supabase (14192 bytes)
[2026-08-18T22:06:12.975Z]   ✓ 7735: repair-kit-bw-04-0062.jpg → Supabase (142673 bytes)
[2026-08-18T22:06:13.472Z]   ✓ 7735: repair-kit-bw-04-0062.jpg → Supabase (22252 bytes)
[2026-08-18T22:06:14.130Z]   ✓ 7105: shaft-and-wheel-bw-02-0113.jpg → Supabase (91975 bytes)
[2026-08-18T22:06:14.656Z]   ✓ 7105: shaft-and-wheel-bw-02-0113.jpg → Supabase (8351 bytes)
[2026-08-18T22:06:15.409Z]   ✓ 6718: turbine-housing-ga-09-0027.jpg → Supabase (118210 bytes)
[2026-08-18T22:06:15.974Z]   ✓ 6718: turbine-housing-ga-09-0027.jpg → Supabase (18310 bytes)
[2026-08-18T22:06:16.624Z]   ✓ 4277: compressor-wheel-ga-03-0024.jpg → Supabase (65792 bytes)
[2026-08-18T22:06:17.106Z]   ✓ 4277: compressor-wheel-ga-03-0024.jpg → Supabase (18514 bytes)
[2026-08-18T22:06:17.816Z]   ✓ 4219: thrust-washer-rhf4-146.jpg → Supabase (99192 bytes)
[2026-08-18T22:06:18.364Z]   ✓ 4219: thrust-washer-rhf4-146.jpg → Supabase (12460 bytes)
[2026-08-18T22:06:19.007Z]   ✓ 4093: nozzle-ring-assembly-ga-06-0020.jpg → Supabase (116659 bytes)
[2026-08-18T22:06:19.610Z]   ✓ 4093: nozzle-ring-assembly-ga-06-0020.jpg → Supabase (25772 bytes)
[2026-08-18T22:06:20.177Z]   ✓ 1439: thrust-bearing-rhf5-120.jpg → Supabase (48269 bytes)
[2026-08-18T22:06:20.672Z]   ✓ 1439: thrust-bearing-rhf5-120.jpg → Supabase (9713 bytes)
[2026-08-18T22:06:21.313Z]   ✓ 3730: compressor-wheel-ih-03-0036.jpg → Supabase (70279 bytes)
[2026-08-18T22:06:21.807Z]   ✓ 3730: compressor-wheel-ih-03-0036.jpg → Supabase (11679 bytes)
[2026-08-18T22:06:22.199Z] Progress: 240/906 processed, 0 skipped, 0 failures
[2026-08-18T22:06:22.458Z]   ✓ 1509: vnt-nozzle-cage-ga-07-0005.jpg → Supabase (94146 bytes)
[2026-08-18T22:06:22.946Z]   ✓ 1509: vnt-nozzle-cage-ga-07-0005.jpg → Supabase (15955 bytes)
[2026-08-18T22:06:23.524Z]   ✓ 2221: compressor-wheel-ga-03-0040.jpg → Supabase (60620 bytes)
[2026-08-18T22:06:24.014Z]   ✓ 2221: compressor-wheel-ga-03-0040.jpg → Supabase (13727 bytes)
[2026-08-18T22:06:24.763Z]   ✓ 1101: actuator-ga-10-0010.jpg → Supabase (70051 bytes)
[2026-08-18T22:06:25.249Z]   ✓ 1101: actuator-ga-10-0010.jpg → Supabase (14320 bytes)
[2026-08-18T22:06:25.885Z]   ✓ 4639: turbo-767933-0015-r.jpg → Supabase (84106 bytes)
[2026-08-18T22:06:26.391Z]   ✓ 4639: turbo-767933-0015-r.jpg → Supabase (27742 bytes)
[2026-08-18T22:06:27.231Z]   ✓ 1402: thrust-flinger-s2b-130.jpg → Supabase (50124 bytes)
[2026-08-18T22:06:27.710Z]   ✓ 1402: thrust-flinger-s2b-130.jpg → Supabase (6238 bytes)
[2026-08-18T22:06:28.283Z]   ✓ 2827: shaft-and-wheel-mh-02-0008.jpg → Supabase (53265 bytes)
[2026-08-18T22:06:28.759Z]   ✓ 2827: shaft-and-wheel-mh-02-0008.jpg → Supabase (9958 bytes)
[2026-08-18T22:06:29.420Z]   ✓ 1942: compressor-plate-ga-08-0065.jpg → Supabase (136248 bytes)
[2026-08-18T22:06:29.893Z]   ✓ 1942: compressor-plate-ga-08-0065.jpg → Supabase (19901 bytes)
[2026-08-18T22:06:30.542Z]   ✓ 19: repair-kit-ga-04-0032.jpg → Supabase (104712 bytes)
[2026-08-18T22:06:31.045Z]   ✓ 19: repair-kit-ga-04-0032.jpg → Supabase (22315 bytes)
[2026-08-18T22:06:31.890Z]   ✓ 1781: bearing-housing-ih-01-0029.jpg → Supabase (102201 bytes)
[2026-08-18T22:06:32.380Z]   ✓ 1781: bearing-housing-ih-01-0029.jpg → Supabase (19022 bytes)
[2026-08-18T22:06:33.031Z]   ✓ 1874: compressor-plate-ga-08-0061.jpg → Supabase (107165 bytes)
[2026-08-18T22:06:33.512Z]   ✓ 1874: compressor-plate-ga-08-0061.jpg → Supabase (17042 bytes)
[2026-08-18T22:06:33.936Z] Progress: 250/906 processed, 0 skipped, 0 failures
[2026-08-18T22:06:34.193Z]   ✓ 2256: compressor-wheel-ga-03-0087.jpg → Supabase (79620 bytes)
[2026-08-18T22:06:34.734Z]   ✓ 2256: compressor-wheel-ga-03-0087.jpg → Supabase (12323 bytes)
[2026-08-18T22:06:35.400Z]   ✓ 2051: heat-shield-ga-05-0015.jpg → Supabase (79119 bytes)
[2026-08-18T22:06:35.953Z]   ✓ 2051: heat-shield-ga-05-0015.jpg → Supabase (14306 bytes)
[2026-08-18T22:06:36.944Z]   ✓ 1620: bearing-housing-ga-01-0054.jpg → Supabase (140084 bytes)
[2026-08-18T22:06:37.485Z]   ✓ 1620: bearing-housing-ga-01-0054.jpg → Supabase (21415 bytes)
[2026-08-18T22:06:38.113Z]   ✓ 1208: nozzle-ring-assembly-ga-06-0009.jpg → Supabase (82082 bytes)
[2026-08-18T22:06:38.588Z]   ✓ 1208: nozzle-ring-assembly-ga-06-0009.jpg → Supabase (14478 bytes)
[2026-08-18T22:06:39.218Z]   ✓ 3319: bearing-housing-mh-01-0040.jpg → Supabase (74949 bytes)
[2026-08-18T22:06:39.713Z]   ✓ 3319: bearing-housing-mh-01-0040.jpg → Supabase (12400 bytes)
[2026-08-18T22:06:40.337Z]   ✓ 2458: compressor-wheel-mh-03-0037.jpg → Supabase (81084 bytes)
[2026-08-18T22:06:40.935Z]   ✓ 2458: compressor-wheel-mh-03-0037.jpg → Supabase (14619 bytes)
[2026-08-18T22:06:41.611Z]   ✓ 1922: compressor-plate-ih-08-0015.jpg → Supabase (128426 bytes)
[2026-08-18T22:06:42.103Z]   ✓ 1922: compressor-plate-ih-08-0015.jpg → Supabase (21862 bytes)
[2026-08-18T22:06:42.752Z]   ✓ 3686: nozzle-ring-assembly-ga-06-0043.jpg → Supabase (68216 bytes)
[2026-08-18T22:06:43.235Z]   ✓ 3686: nozzle-ring-assembly-ga-06-0043.jpg → Supabase (12927 bytes)
[2026-08-18T22:06:43.898Z]   ✓ 6407: cartridge-rhf5-023.jpg → Supabase (158442 bytes)
[2026-08-18T22:06:44.383Z]   ✓ 6407: cartridge-rhf5-023.jpg → Supabase (18978 bytes)
[2026-08-18T22:06:45.039Z]   ✓ 6458: cartridge-k03-075b.jpg → Supabase (145568 bytes)
[2026-08-18T22:06:45.531Z]   ✓ 6458: cartridge-k03-075b.jpg → Supabase (19045 bytes)
[2026-08-18T22:06:45.925Z] Progress: 260/906 processed, 0 skipped, 0 failures
[2026-08-18T22:06:46.526Z]   ✓ 1848: compressor-plate-ga-08-0032.jpg → Supabase (111108 bytes)
[2026-08-18T22:06:47.026Z]   ✓ 1848: compressor-plate-ga-08-0032.jpg → Supabase (18162 bytes)
[2026-08-18T22:06:47.635Z]   ✓ 2041: heat-shield-ga-05-0001.jpg → Supabase (58504 bytes)
[2026-08-18T22:06:48.110Z]   ✓ 2041: heat-shield-ga-05-0001.jpg → Supabase (11298 bytes)
[2026-08-18T22:06:48.800Z]   ✓ 6462: cartridge-ga-00-0238.jpg → Supabase (180463 bytes)
[2026-08-18T22:06:49.289Z]   ✓ 6462: cartridge-ga-00-0238.jpg → Supabase (19510 bytes)
[2026-08-18T22:06:49.870Z]   ✓ 2834: shaft-and-wheel-mh-02-0015.jpg → Supabase (61552 bytes)
[2026-08-18T22:06:50.350Z]   ✓ 2834: shaft-and-wheel-mh-02-0015.jpg → Supabase (10339 bytes)
[2026-08-18T22:06:51.341Z]   ✓ 2426: compressor-wheel-ga-03-0132.jpg → Supabase (88260 bytes)
[2026-08-18T22:06:51.820Z]   ✓ 2426: compressor-wheel-ga-03-0132.jpg → Supabase (17840 bytes)
[2026-08-18T22:06:52.471Z]   ✓ 3882: heat-shield-ho-05-0003.jpg → Supabase (100911 bytes)
[2026-08-18T22:06:52.963Z]   ✓ 3882: heat-shield-ho-05-0003.jpg → Supabase (16198 bytes)
[2026-08-18T22:06:53.641Z]   ✓ 1680: bearing-housing-ga-01-0129.jpg → Supabase (90367 bytes)
[2026-08-18T22:06:54.124Z]   ✓ 1680: bearing-housing-ga-01-0129.jpg → Supabase (16014 bytes)
[2026-08-18T22:06:54.765Z]   ✓ 2632: shaft-and-wheel-ga-02-0067.jpg → Supabase (81394 bytes)
[2026-08-18T22:06:55.258Z]   ✓ 2632: shaft-and-wheel-ga-02-0067.jpg → Supabase (8492 bytes)
[2026-08-18T22:06:55.862Z]   ✓ 2901: vnt-outer-gasket-ga-50-0005.jpg → Supabase (45663 bytes)
[2026-08-18T22:06:56.396Z]   ✓ 2901: vnt-outer-gasket-ga-50-0005.jpg → Supabase (9273 bytes)
[2026-08-18T22:06:57.012Z]   ✓ 2620: shaft-and-wheel-ga-02-0054.jpg → Supabase (59141 bytes)
[2026-08-18T22:06:57.515Z]   ✓ 2620: shaft-and-wheel-ga-02-0054.jpg → Supabase (10458 bytes)
[2026-08-18T22:06:57.910Z] Progress: 270/906 processed, 0 skipped, 0 failures
[2026-08-18T22:06:58.363Z]   ✓ 6463: cartridge-gt35-010.jpg → Supabase (158673 bytes)
[2026-08-18T22:06:58.856Z]   ✓ 6463: cartridge-gt35-010.jpg → Supabase (19265 bytes)
[2026-08-18T22:06:59.480Z]   ✓ 3354: bearing-housing-mh-01-0025.jpg → Supabase (68482 bytes)
[2026-08-18T22:06:59.970Z]   ✓ 3354: bearing-housing-mh-01-0025.jpg → Supabase (13449 bytes)
[2026-08-18T22:07:00.619Z]   ✓ 1793: bearing-housing-mh-01-0002.jpg → Supabase (106983 bytes)
[2026-08-18T22:07:01.098Z]   ✓ 1793: bearing-housing-mh-01-0002.jpg → Supabase (21597 bytes)
[2026-08-18T22:07:02.110Z]   ✓ 2686: shaft-and-wheel-ho-02-0012.jpg → Supabase (65929 bytes)
[2026-08-18T22:07:02.412Z] Refreshing browser session...
[2026-08-18T22:07:02.970Z] Session refreshed.
[2026-08-18T22:07:03.151Z]   ✓ 2686: shaft-and-wheel-ho-02-0012.jpg → Supabase (11131 bytes)
[2026-08-18T22:07:03.775Z]   ✓ 3690: turbine-housing-ga-09-0017.jpg → Supabase (69899 bytes)
[2026-08-18T22:07:04.263Z]   ✓ 3690: turbine-housing-ga-09-0017.jpg → Supabase (15745 bytes)
[2026-08-18T22:07:04.910Z]   ✓ 1856: compressor-plate-ga-08-0040.jpg → Supabase (110162 bytes)
[2026-08-18T22:07:05.392Z]   ✓ 1856: compressor-plate-ga-08-0040.jpg → Supabase (18482 bytes)
[2026-08-18T22:07:06.126Z]   ✓ 5162: turbo-10009700228.jpg → Supabase (96206 bytes)
[2026-08-18T22:07:06.652Z]   ✓ 5162: turbo-10009700228.jpg → Supabase (18578 bytes)
[2026-08-18T22:07:07.303Z]   ✓ 2985: compressor-wheel-mh-03-0027.jpg → Supabase (72141 bytes)
[2026-08-18T22:07:07.790Z]   ✓ 2985: compressor-wheel-mh-03-0027.jpg → Supabase (12030 bytes)
[2026-08-18T22:07:08.449Z]   ✓ 763: repair-kit-to-04-0009.jpg → Supabase (111894 bytes)
[2026-08-18T22:07:08.943Z]   ✓ 763: repair-kit-to-04-0009.jpg → Supabase (19868 bytes)
[2026-08-18T22:07:09.782Z]   ✓ 1925: compressor-plate-ih-08-0018.jpg → Supabase (130503 bytes)
[2026-08-18T22:07:10.268Z]   ✓ 1925: compressor-plate-ih-08-0018.jpg → Supabase (21373 bytes)
[2026-08-18T22:07:10.660Z] Progress: 280/906 processed, 0 skipped, 0 failures
[2026-08-18T22:07:10.988Z]   ✓ 3919: compressor-wheel-ga-03-0102.jpg → Supabase (182092 bytes)
[2026-08-18T22:07:11.474Z]   ✓ 3919: compressor-wheel-ga-03-0102.jpg → Supabase (19341 bytes)
[2026-08-18T22:07:12.163Z]   ✓ 1831: compressor-plate-ga-08-0015.jpg → Supabase (113825 bytes)
[2026-08-18T22:07:12.671Z]   ✓ 1831: compressor-plate-ga-08-0015.jpg → Supabase (18739 bytes)
[2026-08-18T22:07:13.264Z]   ✓ 3304: actuator-ga-10-0018.jpg → Supabase (58789 bytes)
[2026-08-18T22:07:13.753Z]   ✓ 3304: actuator-ga-10-0018.jpg → Supabase (10874 bytes)
[2026-08-18T22:07:14.390Z]   ✓ 33: repair-kit-mh-04-0001.jpg → Supabase (92437 bytes)
[2026-08-18T22:07:14.859Z]   ✓ 33: repair-kit-mh-04-0001.jpg → Supabase (19315 bytes)
[2026-08-18T22:07:15.492Z]   ✓ 2419: compressor-wheel-ga-03-0125.jpg → Supabase (96983 bytes)
[2026-08-18T22:07:15.979Z]   ✓ 2419: compressor-wheel-ga-03-0125.jpg → Supabase (17138 bytes)
[2026-08-18T22:07:16.574Z]   ✓ 4141: shaft-and-wheel-ho-02-0001.jpg → Supabase (63375 bytes)
[2026-08-18T22:07:17.057Z]   ✓ 4141: shaft-and-wheel-ho-02-0001.jpg → Supabase (9945 bytes)
[2026-08-18T22:07:17.632Z]   ✓ 3720: vnt-outer-gasket-ga-50-0001.jpg → Supabase (48972 bytes)
[2026-08-18T22:07:18.255Z]   ✓ 2436: compressor-wheel-mh-03-0003.jpg → Supabase (72428 bytes)
[2026-08-18T22:07:18.743Z]   ✓ 2436: compressor-wheel-mh-03-0003.jpg → Supabase (12684 bytes)
[2026-08-18T22:07:19.383Z]   ✓ 28: repair-kit-bw-04-0035.jpg → Supabase (78816 bytes)
[2026-08-18T22:07:19.920Z]   ✓ 28: repair-kit-bw-04-0035.jpg → Supabase (25011 bytes)
[2026-08-18T22:07:20.591Z]   ✓ 1706: bearing-housing-ho-01-0003.jpg → Supabase (130634 bytes)
[2026-08-18T22:07:21.065Z]   ✓ 1706: bearing-housing-ho-01-0003.jpg → Supabase (24764 bytes)
[2026-08-18T22:07:21.461Z] Progress: 290/906 processed, 0 skipped, 0 failures
[2026-08-18T22:07:21.740Z]   ✓ 6465: cartridge-td04-109br.jpg → Supabase (175667 bytes)
[2026-08-18T22:07:22.226Z]   ✓ 6465: cartridge-td04-109br.jpg → Supabase (23287 bytes)
[2026-08-18T22:07:22.912Z]   ✓ 2528: repair-kit-mh-04-0010.jpg → Supabase (117506 bytes)
[2026-08-18T22:07:23.392Z]   ✓ 2528: repair-kit-mh-04-0010.jpg → Supabase (19436 bytes)
[2026-08-18T22:07:24.034Z]   ✓ 1072: repair-kit-bw-04-0002.jpg → Supabase (108116 bytes)
[2026-08-18T22:07:24.685Z]   ✓ 1640: bearing-housing-ga-01-0076.jpg → Supabase (87991 bytes)
[2026-08-18T22:07:25.181Z]   ✓ 1640: bearing-housing-ga-01-0076.jpg → Supabase (17749 bytes)
[2026-08-18T22:07:25.836Z]   ✓ 4665: turbo-54399700011-r.jpg → Supabase (130529 bytes)
[2026-08-18T22:07:26.318Z]   ✓ 4665: turbo-54399700011-r.jpg → Supabase (16236 bytes)
[2026-08-18T22:07:26.903Z]   ✓ 2657: shaft-and-wheel-ga-02-0093.jpg → Supabase (56670 bytes)
[2026-08-18T22:07:27.383Z]   ✓ 2657: shaft-and-wheel-ga-02-0093.jpg → Supabase (10848 bytes)
[2026-08-18T22:07:28.080Z]   ✓ 1653: bearing-housing-ga-01-0100.jpg → Supabase (178871 bytes)
[2026-08-18T22:07:28.585Z]   ✓ 1653: bearing-housing-ga-01-0100.jpg → Supabase (32114 bytes)
[2026-08-18T22:07:29.286Z]   ✓ 6478: cartridge-gt15-082.jpg → Supabase (160314 bytes)
[2026-08-18T22:07:29.778Z]   ✓ 6478: cartridge-gt15-082.jpg → Supabase (18543 bytes)
[2026-08-18T22:07:30.404Z]   ✓ 16: actuator-ga-10-0023.jpg → Supabase (64971 bytes)
[2026-08-18T22:07:31.090Z]   ✓ 16: actuator-ga-10-0023.jpg → Supabase (13791 bytes)
[2026-08-18T22:07:31.791Z]   ✓ 1309: repair-kit-ga-04-0010.jpg → Supabase (76485 bytes)
[2026-08-18T22:07:32.273Z]   ✓ 1309: repair-kit-ga-04-0010.jpg → Supabase (12899 bytes)
[2026-08-18T22:07:32.667Z] Progress: 300/906 processed, 0 skipped, 0 failures
[2026-08-18T22:07:33.025Z]   ✓ 6489: cartridge-gt15-085.jpg → Supabase (163439 bytes)
[2026-08-18T22:07:33.526Z]   ✓ 6489: cartridge-gt15-085.jpg → Supabase (20533 bytes)
[2026-08-18T22:07:34.201Z]   ✓ 6490: cartridge-gt15-086.jpg → Supabase (167654 bytes)
[2026-08-18T22:07:34.690Z]   ✓ 6490: cartridge-gt15-086.jpg → Supabase (18664 bytes)
[2026-08-18T22:07:35.282Z]   ✓ 2045: heat-shield-ga-05-0008.jpg → Supabase (60556 bytes)
[2026-08-18T22:07:35.771Z]   ✓ 2045: heat-shield-ga-05-0008.jpg → Supabase (12559 bytes)
[2026-08-18T22:07:36.429Z]   ✓ 4668: turbo-vb31-r.jpg → Supabase (122354 bytes)
[2026-08-18T22:07:36.987Z]   ✓ 4668: turbo-vb31-r.jpg → Supabase (24234 bytes)
[2026-08-18T22:07:37.669Z]   ✓ 6492: cartridge-gt15-090.jpg → Supabase (150599 bytes)
[2026-08-18T22:07:38.173Z]   ✓ 6492: cartridge-gt15-090.jpg → Supabase (19642 bytes)
[2026-08-18T22:07:38.833Z]   ✓ 1668: bearing-housing-ga-01-0116.jpg → Supabase (163095 bytes)
[2026-08-18T22:07:39.332Z]   ✓ 1668: bearing-housing-ga-01-0116.jpg → Supabase (28394 bytes)
[2026-08-18T22:07:40.115Z]   ✓ 722: repair-kit-bw-04-0009.jpg → Supabase (101050 bytes)
[2026-08-18T22:07:40.602Z]   ✓ 722: repair-kit-bw-04-0009.jpg → Supabase (17624 bytes)
[2026-08-18T22:07:41.263Z]   ✓ 4671: turbo-vb17-r.jpg → Supabase (128757 bytes)
[2026-08-18T22:07:41.765Z]   ✓ 4671: turbo-vb17-r.jpg → Supabase (23032 bytes)
[2026-08-18T22:07:42.421Z]   ✓ 5515: turbo-56209880010.jpg → Supabase (76296 bytes)
[2026-08-18T22:07:42.953Z]   ✓ 5515: turbo-56209880010.jpg → Supabase (15902 bytes)
[2026-08-18T22:07:43.545Z]   ✓ 4196: actuator-connector-plug-eap-4.jpg → Supabase (50932 bytes)
[2026-08-18T22:07:44.020Z]   ✓ 4196: actuator-connector-plug-eap-4.jpg → Supabase (7087 bytes)
[2026-08-18T22:07:44.435Z] Progress: 310/906 processed, 0 skipped, 0 failures
[2026-08-18T22:07:44.663Z]   ✓ 5531: turbo-851831-0002.jpg → Supabase (71425 bytes)
[2026-08-18T22:07:45.177Z]   ✓ 5531: turbo-851831-0002.jpg → Supabase (16079 bytes)
[2026-08-18T22:07:45.757Z]   ✓ 4198: retaining-ring-ct16-144.jpg → Supabase (59837 bytes)
[2026-08-18T22:07:46.635Z]   ✓ 5520: turbo-727264-0005.jpg → Supabase (99090 bytes)
[2026-08-18T22:07:47.415Z]   ✓ 5520: turbo-727264-0005.jpg → Supabase (16849 bytes)
[2026-08-18T22:07:48.421Z]   ✓ 4192: actuator-clip-eac-1.jpg → Supabase (77939 bytes)
[2026-08-18T22:07:49.196Z]   ✓ 1079: repair-kit-bw-04-0031.jpg → Supabase (76386 bytes)
[2026-08-18T22:07:49.834Z]   ✓ 5527: turbo-49373-05105.jpg → Supabase (90927 bytes)
[2026-08-18T22:07:50.350Z]   ✓ 5527: turbo-49373-05105.jpg → Supabase (16046 bytes)
[2026-08-18T22:07:50.984Z]   ✓ 4193: actuator-connector-plug-eap-1.jpg → Supabase (81836 bytes)
[2026-08-18T22:07:51.493Z]   ✓ 4193: actuator-connector-plug-eap-1.jpg → Supabase (13532 bytes)
[2026-08-18T22:07:52.091Z]   ✓ 4188: actuator-clip-eaf-1.jpg → Supabase (56427 bytes)
[2026-08-18T22:07:52.639Z]   ✓ 4188: actuator-clip-eaf-1.jpg → Supabase (9349 bytes)
[2026-08-18T22:07:53.362Z]   ✓ 4676: turbo-54399700070.jpg → Supabase (124176 bytes)
[2026-08-18T22:07:53.849Z]   ✓ 4676: turbo-54399700070.jpg → Supabase (22731 bytes)
[2026-08-18T22:07:54.483Z]   ✓ 4186: electric-actuator-cover-eab-1.jpg → Supabase (95054 bytes)
[2026-08-18T22:07:54.977Z]   ✓ 4186: electric-actuator-cover-eab-1.jpg → Supabase (18334 bytes)
[2026-08-18T22:07:55.374Z] Progress: 320/906 processed, 0 skipped, 0 failures
[2026-08-18T22:07:55.855Z]   ✓ 8523: turbo-54399700059.jpg → Supabase (202311 bytes)
[2026-08-18T22:07:56.670Z]   ✓ 8332: turbo-838417-5006s.jpg → Supabase (85375 bytes)
[2026-08-18T22:07:57.157Z]   ✓ 8332: turbo-838417-5006s.jpg → Supabase (20124 bytes)
[2026-08-18T22:07:57.857Z]   ✓ 4187: electric-actuator-cover-eab-2.jpg → Supabase (87342 bytes)
[2026-08-18T22:07:58.375Z]   ✓ 4187: electric-actuator-cover-eab-2.jpg → Supabase (16607 bytes)
[2026-08-18T22:07:59.085Z]   ✓ 8731: turbo-840069-0015.jpg → Supabase (202311 bytes)
[2026-08-18T22:07:59.660Z]   ✓ 4183: thrust-bearing-td05-121.jpg → Supabase (43017 bytes)
[2026-08-18T22:08:00.377Z]   ✓ 4183: thrust-bearing-td05-121.jpg → Supabase (8123 bytes)
[2026-08-18T22:08:00.945Z]   ✓ 1454: thrust-bearing-td05-120.jpg → Supabase (46522 bytes)
[2026-08-18T22:08:01.505Z]   ✓ 1454: thrust-bearing-td05-120.jpg → Supabase (10337 bytes)
[2026-08-18T22:08:02.257Z]   ✓ 7754: cartridge-gt12-079b.jpg → Supabase (160300 bytes)
[2026-08-18T22:08:02.740Z]   ✓ 7754: cartridge-gt12-079b.jpg → Supabase (21699 bytes)
[2026-08-18T22:08:03.129Z] Refreshing browser session...
[2026-08-18T22:08:03.706Z] Session refreshed.
[2026-08-18T22:08:03.945Z]   ✓ 7755: cartridge-b03-028brg.jpg → Supabase (73231 bytes)
[2026-08-18T22:08:04.429Z]   ✓ 7755: cartridge-b03-028brg.jpg → Supabase (14029 bytes)
[2026-08-18T22:08:05.375Z]   ✓ 4681: turbo-761437-0005-r.jpg → Supabase (107954 bytes)
[2026-08-18T22:08:06.194Z]   ✓ 4681: turbo-761437-0005-r.jpg → Supabase (24432 bytes)
[2026-08-18T22:08:06.830Z]   ✓ 2530: repair-kit-mh-04-0014.jpg → Supabase (92516 bytes)
[2026-08-18T22:08:07.227Z] Progress: 330/906 processed, 0 skipped, 0 failures
[2026-08-18T22:08:07.525Z]   ✓ 7756: cartridge-b03-029brg.jpg → Supabase (177980 bytes)
[2026-08-18T22:08:08.394Z]   ✓ 7756: cartridge-b03-029brg.jpg → Supabase (20065 bytes)
[2026-08-18T22:08:09.062Z]   ✓ 7757: cartridge-bm-007br.jpg → Supabase (87525 bytes)
[2026-08-18T22:08:09.554Z]   ✓ 7757: cartridge-bm-007br.jpg → Supabase (17293 bytes)
[2026-08-18T22:08:10.246Z]   ✓ 7769: cartridge-r2s-044-lb.jpg → Supabase (144841 bytes)
[2026-08-18T22:08:10.727Z]   ✓ 7769: cartridge-r2s-044-lb.jpg → Supabase (17805 bytes)
[2026-08-18T22:08:11.410Z]   ✓ 7770: cartridge-td02-028-1b.jpg → Supabase (158462 bytes)
[2026-08-18T22:08:11.892Z]   ✓ 7770: cartridge-td02-028-1b.jpg → Supabase (20293 bytes)
[2026-08-18T22:08:12.553Z]   ✓ 7772: cartridge-rhf5-023-1.jpg → Supabase (148045 bytes)
[2026-08-18T22:08:13.069Z]   ✓ 7772: cartridge-rhf5-023-1.jpg → Supabase (18069 bytes)
[2026-08-18T22:08:13.864Z]   ✓ 7815: cartridge-ih-00-0006.jpg → Supabase (149128 bytes)
[2026-08-18T22:08:14.347Z]   ✓ 7815: cartridge-ih-00-0006.jpg → Supabase (15129 bytes)
[2026-08-18T22:08:15.059Z]   ✓ 7818: cartridge-tf035-vg12b.jpg → Supabase (166822 bytes)
[2026-08-18T22:08:15.538Z]   ✓ 7818: cartridge-tf035-vg12b.jpg → Supabase (20268 bytes)
[2026-08-18T22:08:16.331Z]   ✓ 7831: cartridge-rhf4-012.jpg → Supabase (142014 bytes)
[2026-08-18T22:08:16.836Z]   ✓ 7831: cartridge-rhf4-012.jpg → Supabase (16945 bytes)
[2026-08-18T22:08:17.562Z]   ✓ 7832: cartridge-rhf3-053b.jpg → Supabase (194626 bytes)
[2026-08-18T22:08:18.106Z]   ✓ 7832: cartridge-rhf3-053b.jpg → Supabase (20109 bytes)
[2026-08-18T22:08:18.768Z]   ✓ 7833: cartridge-k03-047.jpg → Supabase (160776 bytes)
[2026-08-18T22:08:19.250Z]   ✓ 7833: cartridge-k03-047.jpg → Supabase (17983 bytes)
[2026-08-18T22:08:19.641Z] Progress: 340/906 processed, 0 skipped, 0 failures
[2026-08-18T22:08:19.926Z]   ✓ 7834: cartridge-bv38-001b.jpg → Supabase (167880 bytes)
[2026-08-18T22:08:20.413Z]   ✓ 7834: cartridge-bv38-001b.jpg → Supabase (18466 bytes)
[2026-08-18T22:08:21.089Z]   ✓ 7835: cartridge-gt20-020.jpg → Supabase (153531 bytes)
[2026-08-18T22:08:21.572Z]   ✓ 7835: cartridge-gt20-020.jpg → Supabase (20712 bytes)
[2026-08-18T22:08:22.253Z]   ✓ 7836: cartridge-td04-006.jpg → Supabase (182363 bytes)
[2026-08-18T22:08:22.744Z]   ✓ 7836: cartridge-td04-006.jpg → Supabase (19827 bytes)
[2026-08-18T22:08:23.415Z]   ✓ 6494: cartridge-gt15-092.jpg → Supabase (148105 bytes)
[2026-08-18T22:08:23.926Z]   ✓ 6494: cartridge-gt15-092.jpg → Supabase (15833 bytes)
[2026-08-18T22:08:24.613Z]   ✓ 7837: cartridge-tf035-006.jpg → Supabase (164815 bytes)
[2026-08-18T22:08:25.104Z]   ✓ 7837: cartridge-tf035-006.jpg → Supabase (15870 bytes)
[2026-08-18T22:08:25.753Z]   ✓ 7843: cartridge-bm-022br.jpg → Supabase (79852 bytes)
[2026-08-18T22:08:26.229Z]   ✓ 7843: cartridge-bm-022br.jpg → Supabase (14303 bytes)
[2026-08-18T22:08:26.896Z]   ✓ 7926: cartridge-rhf4-051b.jpg → Supabase (174521 bytes)
[2026-08-18T22:08:27.391Z]   ✓ 7926: cartridge-rhf4-051b.jpg → Supabase (19475 bytes)
[2026-08-18T22:08:28.061Z]   ✓ 6495: cartridge-gt15-093.jpg → Supabase (169949 bytes)
[2026-08-18T22:08:28.533Z]   ✓ 6495: cartridge-gt15-093.jpg → Supabase (16408 bytes)
[2026-08-18T22:08:29.189Z]   ✓ 2518: repair-kit-bw-04-0016.jpg → Supabase (100883 bytes)
[2026-08-18T22:08:29.964Z]   ✓ 7949: cartridge-hx-007.jpg → Supabase (142723 bytes)
[2026-08-18T22:08:30.442Z]   ✓ 7949: cartridge-hx-007.jpg → Supabase (18779 bytes)
[2026-08-18T22:08:30.836Z] Progress: 350/906 processed, 0 skipped, 0 failures
[2026-08-18T22:08:31.058Z]   ✓ 7954: cartridge-gt14-086b.jpg → Supabase (66468 bytes)
[2026-08-18T22:08:31.577Z]   ✓ 7954: cartridge-gt14-086b.jpg → Supabase (15220 bytes)
[2026-08-18T22:08:32.343Z]   ✓ 7955: cartridge-gt14-085b.jpg → Supabase (145061 bytes)
[2026-08-18T22:08:32.834Z]   ✓ 7955: cartridge-gt14-085b.jpg → Supabase (14959 bytes)
[2026-08-18T22:08:33.596Z]   ✓ 8004: cartridge-r2s-072-lbr.jpg → Supabase (81336 bytes)
[2026-08-18T22:08:34.078Z]   ✓ 8004: cartridge-r2s-072-lbr.jpg → Supabase (14759 bytes)
[2026-08-18T22:08:34.764Z]   ✓ 8005: cartridge-r2s-072-hb.jpg → Supabase (67559 bytes)
[2026-08-18T22:08:35.240Z]   ✓ 8005: cartridge-r2s-072-hb.jpg → Supabase (15795 bytes)
[2026-08-18T22:08:35.914Z]   ✓ 8013: cartridge-td02-042br.jpg → Supabase (152835 bytes)
[2026-08-18T22:08:36.409Z]   ✓ 8013: cartridge-td02-042br.jpg → Supabase (17550 bytes)
[2026-08-18T22:08:37.231Z]   ✓ 8017: cartridge-r2s-015-hb.jpg → Supabase (157671 bytes)
[2026-08-18T22:08:37.740Z]   ✓ 8017: cartridge-r2s-015-hb.jpg → Supabase (19756 bytes)
[2026-08-18T22:08:38.488Z]   ✓ 8018: cartridge-r2s-010-hb.jpg → Supabase (186729 bytes)
[2026-08-18T22:08:38.971Z]   ✓ 8018: cartridge-r2s-010-hb.jpg → Supabase (19008 bytes)
[2026-08-18T22:08:39.677Z]   ✓ 8019: cartridge-r2s-014-h.jpg → Supabase (163711 bytes)
[2026-08-18T22:08:40.219Z]   ✓ 8019: cartridge-r2s-014-h.jpg → Supabase (17780 bytes)
[2026-08-18T22:08:40.872Z]   ✓ 8020: cartridge-r2s-007-l.jpg → Supabase (172094 bytes)
[2026-08-18T22:08:41.368Z]   ✓ 8020: cartridge-r2s-007-l.jpg → Supabase (14152 bytes)
[2026-08-18T22:08:42.021Z]   ✓ 8021: cartridge-r2s-035-hb.jpg → Supabase (151101 bytes)
[2026-08-18T22:08:42.497Z]   ✓ 8021: cartridge-r2s-035-hb.jpg → Supabase (15735 bytes)
[2026-08-18T22:08:42.887Z] Progress: 360/906 processed, 0 skipped, 0 failures
[2026-08-18T22:08:43.265Z]   ✓ 8022: cartridge-r2s-021-l.jpg → Supabase (139552 bytes)
[2026-08-18T22:08:43.778Z]   ✓ 8022: cartridge-r2s-021-l.jpg → Supabase (16550 bytes)
[2026-08-18T22:08:44.467Z]   ✓ 8025: cartridge-gt14-076b.jpg → Supabase (184206 bytes)
[2026-08-18T22:08:44.940Z]   ✓ 8025: cartridge-gt14-076b.jpg → Supabase (20022 bytes)
[2026-08-18T22:08:45.584Z]   ✓ 8028: cartridge-gt14-055b.jpg → Supabase (80451 bytes)
[2026-08-18T22:08:46.131Z]   ✓ 8028: cartridge-gt14-055b.jpg → Supabase (17093 bytes)
[2026-08-18T22:08:46.971Z]   ✓ 8054: cartridge-rhf3-021.jpg → Supabase (99351 bytes)
[2026-08-18T22:08:47.810Z]   ✓ 8054: cartridge-rhf3-021.jpg → Supabase (19024 bytes)
[2026-08-18T22:08:48.653Z]   ✓ 8056: cartridge-gt17-227b.jpg → Supabase (76431 bytes)
[2026-08-18T22:08:49.226Z]   ✓ 8056: cartridge-gt17-227b.jpg → Supabase (17168 bytes)
[2026-08-18T22:08:50.646Z]   ✓ 8059: cartridge-gt14-021.jpg → Supabase (179216 bytes)
[2026-08-18T22:08:51.181Z]   ✓ 8059: cartridge-gt14-021.jpg → Supabase (21805 bytes)
[2026-08-18T22:08:51.945Z]   ✓ 6500: cartridge-ngt-000.jpg → Supabase (170428 bytes)
[2026-08-18T22:08:52.516Z]   ✓ 6500: cartridge-ngt-000.jpg → Supabase (22176 bytes)
[2026-08-18T22:08:53.507Z]   ✓ 6513: cartridge-dsgt-012-hb.jpg → Supabase (176874 bytes)
[2026-08-18T22:08:54.059Z]   ✓ 6513: cartridge-dsgt-012-hb.jpg → Supabase (20070 bytes)
[2026-08-18T22:08:54.989Z]   ✓ 2523: repair-kit-bw-04-0033.jpg → Supabase (112045 bytes)
[2026-08-18T22:08:55.655Z]   ✓ 2523: repair-kit-bw-04-0033.jpg → Supabase (24609 bytes)
[2026-08-18T22:08:56.490Z]   ✓ 1094: repair-kit-ga-04-0004.jpg → Supabase (74679 bytes)
[2026-08-18T22:08:57.011Z]   ✓ 1094: repair-kit-ga-04-0004.jpg → Supabase (18580 bytes)
[2026-08-18T22:08:57.420Z] Progress: 370/906 processed, 0 skipped, 0 failures
[2026-08-18T22:08:57.833Z]   ✓ 6514: cartridge-dsgt-012-lbr.jpg → Supabase (114593 bytes)
[2026-08-18T22:08:58.388Z]   ✓ 6514: cartridge-dsgt-012-lbr.jpg → Supabase (21950 bytes)
[2026-08-18T22:08:59.218Z]   ✓ 8076: cartridge-td02-021.jpg → Supabase (79789 bytes)
[2026-08-18T22:08:59.725Z]   ✓ 8076: cartridge-td02-021.jpg → Supabase (18996 bytes)
[2026-08-18T22:09:00.599Z]   ✓ 8080: cartridge-bv40-002b.jpg → Supabase (169852 bytes)
[2026-08-18T22:09:01.150Z]   ✓ 8080: cartridge-bv40-002b.jpg → Supabase (20014 bytes)
[2026-08-18T22:09:02.131Z]   ✓ 8082: cartridge-rhf3-003.jpg → Supabase (183807 bytes)
[2026-08-18T22:09:02.777Z]   ✓ 8082: cartridge-rhf3-003.jpg → Supabase (16825 bytes)
[2026-08-18T22:09:03.766Z]   ✓ 8083: cartridge-gt14-015.jpg → Supabase (221175 bytes)
[2026-08-18T22:09:04.369Z]   ✓ 8083: cartridge-gt14-015.jpg → Supabase (19273 bytes)
[2026-08-18T22:09:05.142Z]   ✓ 8085: cartridge-kp35-028b.jpg → Supabase (70600 bytes)
[2026-08-18T22:09:05.700Z]   ✓ 8085: cartridge-kp35-028b.jpg → Supabase (15117 bytes)
[2026-08-18T22:09:06.392Z]   ✓ 8086: cartridge-k03-107-1b.jpg → Supabase (73346 bytes)
[2026-08-18T22:09:06.945Z]   ✓ 8086: cartridge-k03-107-1b.jpg → Supabase (15145 bytes)
[2026-08-18T22:09:08.223Z]   ✓ 8087: cartridge-r2s-003-lb.jpg → Supabase (177151 bytes)
[2026-08-18T22:09:08.737Z]   ✓ 8087: cartridge-r2s-003-lb.jpg → Supabase (19665 bytes)
[2026-08-18T22:09:09.142Z] Refreshing browser session...
[2026-08-18T22:09:10.269Z] Session refreshed.
[2026-08-18T22:09:10.995Z]   ✓ 8088: cartridge-kp39-035b.jpg → Supabase (92410 bytes)
[2026-08-18T22:09:11.679Z]   ✓ 8088: cartridge-kp39-035b.jpg → Supabase (17959 bytes)
[2026-08-18T22:09:12.611Z]   ✓ 8089: cartridge-gt15-112b.jpg → Supabase (188161 bytes)
[2026-08-18T22:09:13.155Z]   ✓ 8089: cartridge-gt15-112b.jpg → Supabase (22076 bytes)
[2026-08-18T22:09:13.606Z] Progress: 380/906 processed, 0 skipped, 0 failures
[2026-08-18T22:09:14.108Z]   ✓ 8090: cartridge-gt15-112-1b.jpg → Supabase (175721 bytes)
[2026-08-18T22:09:14.625Z]   ✓ 8090: cartridge-gt15-112-1b.jpg → Supabase (22349 bytes)
[2026-08-18T22:09:15.396Z]   ✓ 8092: cartridge-gt20-110b.jpg → Supabase (196901 bytes)
[2026-08-18T22:09:16.055Z]   ✓ 8092: cartridge-gt20-110b.jpg → Supabase (20436 bytes)
[2026-08-18T22:09:17.081Z]   ✓ 8093: cartridge-gt12-052b.jpg → Supabase (180511 bytes)
[2026-08-18T22:09:17.680Z]   ✓ 8093: cartridge-gt12-052b.jpg → Supabase (23441 bytes)
[2026-08-18T22:09:18.667Z]   ✓ 8094: cartridge-td02-004.jpg → Supabase (224312 bytes)
[2026-08-18T22:09:19.218Z]   ✓ 8094: cartridge-td02-004.jpg → Supabase (20918 bytes)
[2026-08-18T22:09:20.146Z]   ✓ 4701: turbo-762463-0006-r.jpg → Supabase (130994 bytes)
[2026-08-18T22:09:20.659Z]   ✓ 4701: turbo-762463-0006-r.jpg → Supabase (28147 bytes)
[2026-08-18T22:09:21.577Z]   ✓ 6515: cartridge-bv38-002b.jpg → Supabase (164483 bytes)
[2026-08-18T22:09:22.216Z]   ✓ 6515: cartridge-bv38-002b.jpg → Supabase (19674 bytes)
[2026-08-18T22:09:23.001Z]   ✓ 8105: cartridge-ga-00-0045.jpg → Supabase (61357 bytes)
[2026-08-18T22:09:23.568Z]   ✓ 8105: cartridge-ga-00-0045.jpg → Supabase (13892 bytes)
[2026-08-18T22:09:24.563Z]   ✓ 8106: cartridge-tf035-vg11.jpg → Supabase (204113 bytes)
[2026-08-18T22:09:25.088Z]   ✓ 8106: cartridge-tf035-vg11.jpg → Supabase (22446 bytes)
[2026-08-18T22:09:25.829Z]   ✓ 2513: repair-kit-ho-04-0004.jpg → Supabase (107590 bytes)
[2026-08-18T22:09:26.401Z]   ✓ 2513: repair-kit-ho-04-0004.jpg → Supabase (15416 bytes)
[2026-08-18T22:09:27.354Z]   ✓ 6516: cartridge-co-000br.jpg → Supabase (144171 bytes)
[2026-08-18T22:09:27.841Z]   ✓ 6516: cartridge-co-000br.jpg → Supabase (17923 bytes)
[2026-08-18T22:09:28.232Z] Progress: 390/906 processed, 0 skipped, 0 failures
[2026-08-18T22:09:28.817Z]   ✓ 6517: cartridge-td03-034br.jpg → Supabase (204840 bytes)
[2026-08-18T22:09:29.300Z]   ✓ 6517: cartridge-td03-034br.jpg → Supabase (24233 bytes)
[2026-08-18T22:09:29.941Z]   ✓ 1076: repair-kit-ga-04-0009.jpg → Supabase (66473 bytes)
[2026-08-18T22:09:30.579Z]   ✓ 8110: cartridge-co-006br.jpg → Supabase (86721 bytes)
[2026-08-18T22:09:31.073Z]   ✓ 8110: cartridge-co-006br.jpg → Supabase (18503 bytes)
[2026-08-18T22:09:32.067Z]   ✓ 8111: cartridge-bm-017br.jpg → Supabase (96442 bytes)
[2026-08-18T22:09:32.581Z]   ✓ 8111: cartridge-bm-017br.jpg → Supabase (16092 bytes)
[2026-08-18T22:09:33.258Z]   ✓ 8112: cartridge-gt12-065b.jpg → Supabase (99956 bytes)
[2026-08-18T22:09:33.745Z]   ✓ 8112: cartridge-gt12-065b.jpg → Supabase (16987 bytes)
[2026-08-18T22:09:34.415Z]   ✓ 8238: cartridge-hy55-038b.jpg → Supabase (140719 bytes)
[2026-08-18T22:09:34.959Z]   ✓ 8238: cartridge-hy55-038b.jpg → Supabase (24343 bytes)
[2026-08-18T22:09:35.597Z]   ✓ 8240: cartridge-gt17-148bg.jpg → Supabase (93536 bytes)
[2026-08-18T22:09:36.067Z]   ✓ 8240: cartridge-gt17-148bg.jpg → Supabase (15463 bytes)
[2026-08-18T22:09:36.717Z]   ✓ 8242: cartridge-ngt-015br.jpg → Supabase (92048 bytes)
[2026-08-18T22:09:37.254Z]   ✓ 8242: cartridge-ngt-015br.jpg → Supabase (16092 bytes)
[2026-08-18T22:09:37.883Z]   ✓ 8243: cartridge-r2s-073-hb.jpg → Supabase (84026 bytes)
[2026-08-18T22:09:38.438Z]   ✓ 8243: cartridge-r2s-073-hb.jpg → Supabase (17259 bytes)
[2026-08-18T22:09:39.291Z]   ✓ 8244: cartridge-r2s-073-lbr.jpg → Supabase (103307 bytes)
[2026-08-18T22:09:39.794Z]   ✓ 8244: cartridge-r2s-073-lbr.jpg → Supabase (16423 bytes)
[2026-08-18T22:09:40.178Z] Progress: 400/906 processed, 0 skipped, 0 failures
[2026-08-18T22:09:40.483Z]   ✓ 8247: cartridge-rhf3-054b.jpg → Supabase (176763 bytes)
[2026-08-18T22:09:40.964Z]   ✓ 8247: cartridge-rhf3-054b.jpg → Supabase (21107 bytes)
[2026-08-18T22:09:41.839Z]   ✓ 8251: cartridge-td04-016.jpg → Supabase (139374 bytes)
[2026-08-18T22:09:42.329Z]   ✓ 8251: cartridge-td04-016.jpg → Supabase (24944 bytes)
[2026-08-18T22:09:42.968Z]   ✓ 8254: cartridge-rhf4-141b.jpg → Supabase (99397 bytes)
[2026-08-18T22:09:43.463Z]   ✓ 8254: cartridge-rhf4-141b.jpg → Supabase (18614 bytes)
[2026-08-18T22:09:44.115Z]   ✓ 8258: cartridge-gt17-114br.jpg → Supabase (103288 bytes)
[2026-08-18T22:09:44.591Z]   ✓ 8258: cartridge-gt17-114br.jpg → Supabase (18816 bytes)
[2026-08-18T22:09:45.240Z]   ✓ 4703: turbo-53299707105.jpg → Supabase (122328 bytes)
[2026-08-18T22:09:45.727Z]   ✓ 4703: turbo-53299707105.jpg → Supabase (20985 bytes)
[2026-08-18T22:09:46.402Z]   ✓ 6524: cartridge-b01-022br.jpg → Supabase (159821 bytes)
[2026-08-18T22:09:46.883Z]   ✓ 6524: cartridge-b01-022br.jpg → Supabase (17658 bytes)
[2026-08-18T22:09:47.537Z]   ✓ 8259: cartridge-gt17-113r.jpg → Supabase (101097 bytes)
[2026-08-18T22:09:48.580Z]   ✓ 8259: cartridge-gt17-113r.jpg → Supabase (19717 bytes)
[2026-08-18T22:09:49.210Z]   ✓ 8265: cartridge-bv40-004b.jpg → Supabase (89487 bytes)
[2026-08-18T22:09:49.729Z]   ✓ 8265: cartridge-bv40-004b.jpg → Supabase (21603 bytes)
[2026-08-18T22:09:50.376Z]   ✓ 8266: cartridge-co-012br.jpg → Supabase (101907 bytes)
[2026-08-18T22:09:50.897Z]   ✓ 8266: cartridge-co-012br.jpg → Supabase (17785 bytes)
[2026-08-18T22:09:51.530Z]   ✓ 8275: cartridge-b0-000b.jpg → Supabase (95311 bytes)
[2026-08-18T22:09:52.026Z]   ✓ 8275: cartridge-b0-000b.jpg → Supabase (16672 bytes)
[2026-08-18T22:09:52.414Z] Progress: 410/906 processed, 0 skipped, 0 failures
[2026-08-18T22:09:52.623Z]   ✓ 8278: cartridge-k03-150b.jpg → Supabase (63259 bytes)
[2026-08-18T22:09:53.107Z]   ✓ 8278: cartridge-k03-150b.jpg → Supabase (13440 bytes)
[2026-08-18T22:09:53.761Z]   ✓ 8289: cartridge-gt12-047b.jpg → Supabase (95639 bytes)
[2026-08-18T22:09:54.235Z]   ✓ 8289: cartridge-gt12-047b.jpg → Supabase (19413 bytes)
[2026-08-18T22:09:54.888Z]   ✓ 8310: cartridge-gt17-174.jpg → Supabase (99320 bytes)
[2026-08-18T22:09:55.387Z]   ✓ 8310: cartridge-gt17-174.jpg → Supabase (18528 bytes)
[2026-08-18T22:09:56.017Z]   ✓ 8313: cartridge-gt17-132.jpg → Supabase (83425 bytes)
[2026-08-18T22:09:56.498Z]   ✓ 8313: cartridge-gt17-132.jpg → Supabase (17505 bytes)
[2026-08-18T22:09:57.169Z]   ✓ 8314: cartridge-gt17-131.jpg → Supabase (98190 bytes)
[2026-08-18T22:09:57.646Z]   ✓ 8314: cartridge-gt17-131.jpg → Supabase (20703 bytes)
[2026-08-18T22:09:58.231Z]   ✓ 8320: cartridge-ga-00-0177.jpg → Supabase (61267 bytes)
[2026-08-18T22:09:58.739Z]   ✓ 8320: cartridge-ga-00-0177.jpg → Supabase (11712 bytes)
[2026-08-18T22:09:59.409Z]   ✓ 4706: turbo-751243-0002-r.jpg → Supabase (127765 bytes)
[2026-08-18T22:09:59.912Z]   ✓ 4706: turbo-751243-0002-r.jpg → Supabase (24425 bytes)
[2026-08-18T22:10:00.593Z]   ✓ 6525: cartridge-r2s-044-hb.jpg → Supabase (162145 bytes)
[2026-08-18T22:10:01.158Z]   ✓ 6525: cartridge-r2s-044-hb.jpg → Supabase (19002 bytes)
[2026-08-18T22:10:01.807Z]   ✓ 8323: cartridge-gt22-047.jpg → Supabase (90772 bytes)
[2026-08-18T22:10:02.285Z]   ✓ 8323: cartridge-gt22-047.jpg → Supabase (16156 bytes)
[2026-08-18T22:10:03.242Z]   ✓ 8348: cartridge-rhf3-078b.jpg → Supabase (96835 bytes)
[2026-08-18T22:10:03.751Z]   ✓ 8348: cartridge-rhf3-078b.jpg → Supabase (16609 bytes)
[2026-08-18T22:10:04.142Z] Progress: 420/906 processed, 0 skipped, 0 failures
[2026-08-18T22:10:04.415Z]   ✓ 8349: cartridge-b2-016.jpg → Supabase (105660 bytes)
[2026-08-18T22:10:05.014Z]   ✓ 8349: cartridge-b2-016.jpg → Supabase (20050 bytes)
[2026-08-18T22:10:05.668Z]   ✓ 8360: cartridge-tf035-vg7.jpg → Supabase (103916 bytes)
[2026-08-18T22:10:06.414Z]   ✓ 8360: cartridge-tf035-vg7.jpg → Supabase (20243 bytes)
[2026-08-18T22:10:07.054Z]   ✓ 8384: cartridge-gt40-028-1.jpg → Supabase (89208 bytes)
[2026-08-18T22:10:07.531Z]   ✓ 8384: cartridge-gt40-028-1.jpg → Supabase (16733 bytes)
[2026-08-18T22:10:08.183Z]   ✓ 8400: cartridge-s4-101b.jpg → Supabase (85814 bytes)
[2026-08-18T22:10:08.676Z]   ✓ 8400: cartridge-s4-101b.jpg → Supabase (18034 bytes)
[2026-08-18T22:10:09.322Z]   ✓ 8408: cartridge-b01-014br.jpg → Supabase (91167 bytes)
[2026-08-18T22:10:09.814Z]   ✓ 8408: cartridge-b01-014br.jpg → Supabase (16502 bytes)
[2026-08-18T22:10:10.469Z]   ✓ 8419: cartridge-b03-003b.jpg → Supabase (104884 bytes)
[2026-08-18T22:10:10.943Z]   ✓ 8419: cartridge-b03-003b.jpg → Supabase (19345 bytes)
[2026-08-18T22:10:11.592Z]   ✓ 8435: cartridge-rhf4-014.jpg → Supabase (73997 bytes)
[2026-08-18T22:10:12.058Z]   ✓ 8435: cartridge-rhf4-014.jpg → Supabase (13903 bytes)
[2026-08-18T22:10:12.698Z]   ✓ 8478: cartridge-rhf5-004.jpg → Supabase (95929 bytes)
[2026-08-18T22:10:13.179Z]   ✓ 8478: cartridge-rhf5-004.jpg → Supabase (16077 bytes)
[2026-08-18T22:10:13.819Z]   ✓ 8490: cartridge-bv55-000b.jpg → Supabase (99450 bytes)
[2026-08-18T22:10:14.120Z] Refreshing browser session...
[2026-08-18T22:10:14.962Z] Session refreshed.
[2026-08-18T22:10:15.155Z]   ✓ 8490: cartridge-bv55-000b.jpg → Supabase (21149 bytes)
[2026-08-18T22:10:15.793Z]   ✓ 8517: cartridge-kp35-012.jpg → Supabase (75534 bytes)
[2026-08-18T22:10:16.322Z]   ✓ 8517: cartridge-kp35-012.jpg → Supabase (14128 bytes)
[2026-08-18T22:10:16.711Z] Progress: 430/906 processed, 0 skipped, 0 failures
[2026-08-18T22:10:16.924Z]   ✓ 8518: cartridge-r2s-063-lbr.jpg → Supabase (65399 bytes)
[2026-08-18T22:10:17.417Z]   ✓ 8518: cartridge-r2s-063-lbr.jpg → Supabase (14231 bytes)
[2026-08-18T22:10:18.047Z]   ✓ 8531: cartridge-s4-101-2b.jpg → Supabase (98423 bytes)
[2026-08-18T22:10:18.701Z]   ✓ 8531: cartridge-s4-101-2b.jpg → Supabase (16408 bytes)
[2026-08-18T22:10:19.383Z]   ✓ 8535: cartridge-gt20-082.jpg → Supabase (94097 bytes)
[2026-08-18T22:10:19.954Z]   ✓ 8535: cartridge-gt20-082.jpg → Supabase (14895 bytes)
[2026-08-18T22:10:20.608Z]   ✓ 8536: cartridge-gt40-050.jpg → Supabase (81895 bytes)
[2026-08-18T22:10:21.084Z]   ✓ 8536: cartridge-gt40-050.jpg → Supabase (17430 bytes)
[2026-08-18T22:10:21.700Z]   ✓ 8537: cartridge-gt40-050-1.jpg → Supabase (73416 bytes)
[2026-08-18T22:10:22.177Z]   ✓ 8537: cartridge-gt40-050-1.jpg → Supabase (15020 bytes)
[2026-08-18T22:10:22.847Z]   ✓ 8538: cartridge-k04-044b.jpg → Supabase (77891 bytes)
[2026-08-18T22:10:23.372Z]   ✓ 8538: cartridge-k04-044b.jpg → Supabase (18233 bytes)
[2026-08-18T22:10:24.018Z]   ✓ 8540: cartridge-s2-124b.jpg → Supabase (79392 bytes)
[2026-08-18T22:10:24.523Z]   ✓ 8540: cartridge-s2-124b.jpg → Supabase (13969 bytes)
[2026-08-18T22:10:25.350Z]   ✓ 8541: cartridge-r2s-056-lb.jpg → Supabase (87527 bytes)
[2026-08-18T22:10:25.841Z]   ✓ 8541: cartridge-r2s-056-lb.jpg → Supabase (17898 bytes)
[2026-08-18T22:10:26.567Z]   ✓ 8542: cartridge-r2s-056-hb.jpg → Supabase (99176 bytes)
[2026-08-18T22:10:27.045Z]   ✓ 8542: cartridge-r2s-056-hb.jpg → Supabase (18068 bytes)
[2026-08-18T22:10:27.677Z]   ✓ 8543: cartridge-b03-026br.jpg → Supabase (88884 bytes)
[2026-08-18T22:10:28.207Z]   ✓ 8543: cartridge-b03-026br.jpg → Supabase (18690 bytes)
[2026-08-18T22:10:28.602Z] Progress: 440/906 processed, 0 skipped, 0 failures
[2026-08-18T22:10:28.874Z]   ✓ 6527: cartridge-k03-108b.jpg → Supabase (146310 bytes)
[2026-08-18T22:10:29.440Z]   ✓ 6527: cartridge-k03-108b.jpg → Supabase (20586 bytes)
[2026-08-18T22:10:30.197Z]   ✓ 6528: cartridge-gt20-112-1br.jpg → Supabase (61221 bytes)
[2026-08-18T22:10:30.685Z]   ✓ 6528: cartridge-gt20-112-1br.jpg → Supabase (15023 bytes)
[2026-08-18T22:10:31.391Z]   ✓ 6529: cartridge-gt12-046br.jpg → Supabase (135605 bytes)
[2026-08-18T22:10:31.913Z]   ✓ 6529: cartridge-gt12-046br.jpg → Supabase (14192 bytes)
[2026-08-18T22:10:32.573Z]   ✓ 8550: cartridge-he5-002.jpg → Supabase (95964 bytes)
[2026-08-18T22:10:33.049Z]   ✓ 8550: cartridge-he5-002.jpg → Supabase (17507 bytes)
[2026-08-18T22:10:33.695Z]   ✓ 8554: cartridge-rhf4-167br.jpg → Supabase (98726 bytes)
[2026-08-18T22:10:34.299Z]   ✓ 8554: cartridge-rhf4-167br.jpg → Supabase (15838 bytes)
[2026-08-18T22:10:34.973Z]   ✓ 8555: cartridge-cz-030.jpg → Supabase (76392 bytes)
[2026-08-18T22:10:35.497Z]   ✓ 8555: cartridge-cz-030.jpg → Supabase (13969 bytes)
[2026-08-18T22:10:36.114Z]   ✓ 8563: cartridge-ct-vnt6b.jpg → Supabase (79166 bytes)
[2026-08-18T22:10:36.676Z]   ✓ 8563: cartridge-ct-vnt6b.jpg → Supabase (16380 bytes)
[2026-08-18T22:10:37.559Z]   ✓ 8565: cartridge-rhf4-166b.jpg → Supabase (74196 bytes)
[2026-08-18T22:10:38.048Z]   ✓ 8565: cartridge-rhf4-166b.jpg → Supabase (15855 bytes)
[2026-08-18T22:10:38.708Z]   ✓ 8588: cartridge-he-004b.jpg → Supabase (98257 bytes)
[2026-08-18T22:10:39.231Z]   ✓ 8588: cartridge-he-004b.jpg → Supabase (17513 bytes)
[2026-08-18T22:10:39.900Z]   ✓ 8600: cartridge-rhf3-035br.jpg → Supabase (85772 bytes)
[2026-08-18T22:10:40.436Z]   ✓ 8600: cartridge-rhf3-035br.jpg → Supabase (16991 bytes)
[2026-08-18T22:10:40.821Z] Progress: 450/906 processed, 0 skipped, 0 failures
[2026-08-18T22:10:41.046Z]   ✓ 8623: cartridge-k03-146b.jpg → Supabase (75675 bytes)
[2026-08-18T22:10:41.582Z]   ✓ 8623: cartridge-k03-146b.jpg → Supabase (15592 bytes)
[2026-08-18T22:10:42.157Z]   ✓ 8641: cartridge-bm-004b.jpg → Supabase (64020 bytes)
[2026-08-18T22:10:42.707Z]   ✓ 8641: cartridge-bm-004b.jpg → Supabase (15359 bytes)
[2026-08-18T22:10:43.358Z]   ✓ 8643: cartridge-ct-vnt7bg.jpg → Supabase (66468 bytes)
[2026-08-18T22:10:43.837Z]   ✓ 8643: cartridge-ct-vnt7bg.jpg → Supabase (15220 bytes)
[2026-08-18T22:10:44.459Z]   ✓ 8668: cartridge-bv38-005b.jpg → Supabase (70352 bytes)
[2026-08-18T22:10:44.951Z]   ✓ 8668: cartridge-bv38-005b.jpg → Supabase (14428 bytes)
[2026-08-18T22:10:45.688Z]   ✓ 8678: cartridge-k26-017.jpg → Supabase (80276 bytes)
[2026-08-18T22:10:46.173Z]   ✓ 8678: cartridge-k26-017.jpg → Supabase (15794 bytes)
[2026-08-18T22:10:46.827Z]   ✓ 8683: cartridge-gt40-058b.jpg → Supabase (87446 bytes)
[2026-08-18T22:10:47.307Z]   ✓ 8683: cartridge-gt40-058b.jpg → Supabase (16721 bytes)
[2026-08-18T22:10:47.959Z]   ✓ 8692: cartridge-rhf4-078.jpg → Supabase (106924 bytes)
[2026-08-18T22:10:48.434Z]   ✓ 8692: cartridge-rhf4-078.jpg → Supabase (21255 bytes)
[2026-08-18T22:10:49.071Z]   ✓ 8694: cartridge-hx-071b.jpg → Supabase (82100 bytes)
[2026-08-18T22:10:49.560Z]   ✓ 8694: cartridge-hx-071b.jpg → Supabase (14085 bytes)
[2026-08-18T22:10:50.268Z]   ✓ 8705: cartridge-dsgt-005-hb.jpg → Supabase (88302 bytes)
[2026-08-18T22:10:50.747Z]   ✓ 8705: cartridge-dsgt-005-hb.jpg → Supabase (14354 bytes)
[2026-08-18T22:10:51.429Z]   ✓ 8710: cartridge-gt22-053r.jpg → Supabase (99514 bytes)
[2026-08-18T22:10:51.950Z]   ✓ 8710: cartridge-gt22-053r.jpg → Supabase (18630 bytes)
[2026-08-18T22:10:52.337Z] Progress: 460/906 processed, 0 skipped, 0 failures
[2026-08-18T22:10:52.568Z]   ✓ 8714: cartridge-gt22-054r.jpg → Supabase (71069 bytes)
[2026-08-18T22:10:53.057Z]   ✓ 8714: cartridge-gt22-054r.jpg → Supabase (16339 bytes)
[2026-08-18T22:10:53.682Z]   ✓ 8720: cartridge-gt12-041b.jpg → Supabase (73531 bytes)
[2026-08-18T22:10:54.576Z]   ✓ 8720: cartridge-gt12-041b.jpg → Supabase (13052 bytes)
[2026-08-18T22:10:55.387Z]   ✓ 8728: cartridge-r2s-070-lbr.jpg → Supabase (88119 bytes)
[2026-08-18T22:10:55.927Z]   ✓ 8728: cartridge-r2s-070-lbr.jpg → Supabase (14394 bytes)
[2026-08-18T22:10:56.595Z]   ✓ 5228: turbo-3788670.jpg → Supabase (94090 bytes)
[2026-08-18T22:10:57.116Z]   ✓ 5228: turbo-3788670.jpg → Supabase (18902 bytes)
[2026-08-18T22:10:57.820Z]   ✓ 6534: cartridge-gt14-013.jpg → Supabase (162391 bytes)
[2026-08-18T22:10:58.311Z]   ✓ 6534: cartridge-gt14-013.jpg → Supabase (20333 bytes)
[2026-08-18T22:10:59.113Z]   ✓ 8729: cartridge-r2s-070-hb.jpg → Supabase (78250 bytes)
[2026-08-18T22:10:59.601Z]   ✓ 8729: cartridge-r2s-070-hb.jpg → Supabase (16839 bytes)
[2026-08-18T22:11:00.269Z]   ✓ 8730: cartridge-gt14-082b.jpg → Supabase (75481 bytes)
[2026-08-18T22:11:00.796Z]   ✓ 8730: cartridge-gt14-082b.jpg → Supabase (15461 bytes)
[2026-08-18T22:11:01.428Z]   ✓ 8732: cartridge-td04-099.jpg → Supabase (73984 bytes)
[2026-08-18T22:11:02.061Z]   ✓ 8740: cartridge-rhf4-116b.jpg → Supabase (90909 bytes)
[2026-08-18T22:11:02.551Z]   ✓ 8740: cartridge-rhf4-116b.jpg → Supabase (16815 bytes)
[2026-08-18T22:11:03.189Z]   ✓ 8741: cartridge-b01-001b.jpg → Supabase (70555 bytes)
[2026-08-18T22:11:03.706Z]   ✓ 8741: cartridge-b01-001b.jpg → Supabase (13830 bytes)
[2026-08-18T22:11:04.098Z] Progress: 470/906 processed, 0 skipped, 0 failures
[2026-08-18T22:11:04.341Z]   ✓ 8742: cartridge-gt17-070.jpg → Supabase (69067 bytes)
[2026-08-18T22:11:04.821Z]   ✓ 8742: cartridge-gt17-070.jpg → Supabase (14437 bytes)
[2026-08-18T22:11:05.455Z]   ✓ 8744: cartridge-k16-004.jpg → Supabase (74832 bytes)
[2026-08-18T22:11:05.990Z]   ✓ 8744: cartridge-k16-004.jpg → Supabase (14921 bytes)
[2026-08-18T22:11:06.834Z]   ✓ 8746: cartridge-co-009br.jpg → Supabase (73824 bytes)
[2026-08-18T22:11:07.396Z]   ✓ 8746: cartridge-co-009br.jpg → Supabase (14195 bytes)
[2026-08-18T22:11:08.066Z]   ✓ 8757: cartridge-gt25-018.jpg → Supabase (72068 bytes)
[2026-08-18T22:11:08.559Z]   ✓ 8757: cartridge-gt25-018.jpg → Supabase (15423 bytes)
[2026-08-18T22:11:09.187Z]   ✓ 8762: cartridge-gt17-088.jpg → Supabase (72400 bytes)
[2026-08-18T22:11:09.673Z]   ✓ 8762: cartridge-gt17-088.jpg → Supabase (15131 bytes)
[2026-08-18T22:11:10.313Z]   ✓ 8774: cartridge-gt12-033b.jpg → Supabase (85739 bytes)
[2026-08-18T22:11:10.783Z]   ✓ 8774: cartridge-gt12-033b.jpg → Supabase (15656 bytes)
[2026-08-18T22:11:11.440Z]   ✓ 8847: cartridge-gt17-168.jpg → Supabase (106595 bytes)
[2026-08-18T22:11:11.939Z]   ✓ 8847: cartridge-gt17-168.jpg → Supabase (18530 bytes)
[2026-08-18T22:11:12.591Z]   ✓ 8850: cartridge-tf035-040.jpg → Supabase (82292 bytes)
[2026-08-18T22:11:13.081Z]   ✓ 8850: cartridge-tf035-040.jpg → Supabase (16156 bytes)
[2026-08-18T22:11:13.747Z]   ✓ 8852: cartridge-gt17-169.jpg → Supabase (93642 bytes)
[2026-08-18T22:11:14.223Z]   ✓ 8852: cartridge-gt17-169.jpg → Supabase (16307 bytes)
[2026-08-18T22:11:14.617Z] Refreshing browser session...
[2026-08-18T22:11:15.200Z] Session refreshed.
[2026-08-18T22:11:15.442Z]   ✓ 8856: cartridge-ct-vnt1.jpg → Supabase (82395 bytes)
[2026-08-18T22:11:15.925Z]   ✓ 8856: cartridge-ct-vnt1.jpg → Supabase (15813 bytes)
[2026-08-18T22:11:16.319Z] Progress: 480/906 processed, 0 skipped, 0 failures
[2026-08-18T22:11:16.679Z]   ✓ 8857: cartridge-ct-vnt5.jpg → Supabase (87078 bytes)
[2026-08-18T22:11:17.165Z]   ✓ 8857: cartridge-ct-vnt5.jpg → Supabase (16663 bytes)
[2026-08-18T22:11:17.801Z]   ✓ 8865: cartridge-kp39-001-1.jpg → Supabase (106218 bytes)
[2026-08-18T22:11:18.277Z]   ✓ 8865: cartridge-kp39-001-1.jpg → Supabase (19948 bytes)
[2026-08-18T22:11:19.324Z]   ✓ 8866: cartridge-k27-005-c1.jpg → Supabase (93032 bytes)
[2026-08-18T22:11:19.818Z]   ✓ 8866: cartridge-k27-005-c1.jpg → Supabase (18985 bytes)
[2026-08-18T22:11:20.498Z]   ✓ 8883: cartridge-bv40-007b.jpg → Supabase (90199 bytes)
[2026-08-18T22:11:21.050Z]   ✓ 8883: cartridge-bv40-007b.jpg → Supabase (15457 bytes)
[2026-08-18T22:11:21.708Z]   ✓ 8887: cartridge-b0-005br.jpg → Supabase (98431 bytes)
[2026-08-18T22:11:22.179Z]   ✓ 8887: cartridge-b0-005br.jpg → Supabase (16126 bytes)
[2026-08-18T22:11:22.842Z]   ✓ 4715: turbo-799671-0001-r.jpg → Supabase (121793 bytes)
[2026-08-18T22:11:23.716Z]   ✓ 4715: turbo-799671-0001-r.jpg → Supabase (23958 bytes)
[2026-08-18T22:11:24.489Z]   ✓ 7478: turbo-40008693.jpg → Supabase (202311 bytes)
[2026-08-18T22:11:25.226Z]   ✓ 7468: turbo-40007575.jpg → Supabase (202311 bytes)
[2026-08-18T22:11:25.856Z]   ✓ 8888: cartridge-b03-025brg.jpg → Supabase (89327 bytes)
[2026-08-18T22:11:26.356Z]   ✓ 8888: cartridge-b03-025brg.jpg → Supabase (20766 bytes)
[2026-08-18T22:11:27.002Z]   ✓ 8889: cartridge-gt14-061br.jpg → Supabase (95651 bytes)
[2026-08-18T22:11:27.488Z]   ✓ 8889: cartridge-gt14-061br.jpg → Supabase (17687 bytes)
[2026-08-18T22:11:27.874Z] Progress: 490/906 processed, 0 skipped, 0 failures
[2026-08-18T22:11:28.134Z]   ✓ 8890: cartridge-gt14-099b.jpg → Supabase (78732 bytes)
[2026-08-18T22:11:28.633Z]   ✓ 8890: cartridge-gt14-099b.jpg → Supabase (15618 bytes)
[2026-08-18T22:11:29.288Z]   ✓ 2515: repair-kit-bw-04-0020.jpg → Supabase (90332 bytes)
[2026-08-18T22:11:30.064Z]   ✓ 2515: repair-kit-bw-04-0020.jpg → Supabase (20972 bytes)
[2026-08-18T22:11:30.779Z]   ✓ 7470: turbo-40007867.jpg → Supabase (202311 bytes)
[2026-08-18T22:11:31.460Z]   ✓ 7592: turbo-40006079.jpg → Supabase (104102 bytes)
[2026-08-18T22:11:31.952Z]   ✓ 7592: turbo-40006079.jpg → Supabase (22687 bytes)
[2026-08-18T22:11:32.580Z]   ✓ 8892: cartridge-co-019br.jpg → Supabase (95136 bytes)
[2026-08-18T22:11:33.082Z]   ✓ 8892: cartridge-co-019br.jpg → Supabase (17035 bytes)
[2026-08-18T22:11:33.866Z]   ✓ 8896: cartridge-td04-vg11.jpg → Supabase (68117 bytes)
[2026-08-18T22:11:34.344Z]   ✓ 8896: cartridge-td04-vg11.jpg → Supabase (13969 bytes)
[2026-08-18T22:11:34.959Z]   ✓ 8898: cartridge-td04-vg3.jpg → Supabase (67459 bytes)
[2026-08-18T22:11:35.436Z]   ✓ 8898: cartridge-td04-vg3.jpg → Supabase (14801 bytes)
[2026-08-18T22:11:36.082Z]   ✓ 8899: cartridge-gt14-035.jpg → Supabase (84189 bytes)
[2026-08-18T22:11:36.584Z]   ✓ 8899: cartridge-gt14-035.jpg → Supabase (16573 bytes)
[2026-08-18T22:11:37.689Z]   ✓ 4723: turbo-49131-05312-r.jpg → Supabase (101397 bytes)
[2026-08-18T22:11:38.182Z]   ✓ 4723: turbo-49131-05312-r.jpg → Supabase (19542 bytes)
[2026-08-18T22:11:38.806Z]   ✓ 8900: cartridge-gt20-070b.jpg → Supabase (73894 bytes)
[2026-08-18T22:11:39.284Z]   ✓ 8900: cartridge-gt20-070b.jpg → Supabase (14143 bytes)
[2026-08-18T22:11:39.675Z] Progress: 500/906 processed, 0 skipped, 0 failures
[2026-08-18T22:11:39.991Z]   ✓ 8921: cartridge-k27-088.jpg → Supabase (103646 bytes)
[2026-08-18T22:11:40.471Z]   ✓ 8921: cartridge-k27-088.jpg → Supabase (17774 bytes)
[2026-08-18T22:11:41.126Z]   ✓ 8942: cartridge-gt17-196-1b.jpg → Supabase (97122 bytes)
[2026-08-18T22:11:41.617Z]   ✓ 8942: cartridge-gt17-196-1b.jpg → Supabase (16673 bytes)
[2026-08-18T22:11:42.308Z]   ✓ 8947: cartridge-ngt-011b.jpg → Supabase (79740 bytes)
[2026-08-18T22:11:42.936Z]   ✓ 8947: cartridge-ngt-011b.jpg → Supabase (16043 bytes)
[2026-08-18T22:11:43.713Z]   ✓ 8959: cartridge-b0-008br.jpg → Supabase (101018 bytes)
[2026-08-18T22:11:44.188Z]   ✓ 8959: cartridge-b0-008br.jpg → Supabase (18466 bytes)
[2026-08-18T22:11:44.854Z]   ✓ 8970: cartridge-rh6-010.jpg → Supabase (87285 bytes)
[2026-08-18T22:11:45.343Z]   ✓ 8970: cartridge-rh6-010.jpg → Supabase (16197 bytes)
[2026-08-18T22:11:46.017Z]   ✓ 8986: cartridge-k03-131b.jpg → Supabase (93272 bytes)
[2026-08-18T22:11:46.561Z]   ✓ 8986: cartridge-k03-131b.jpg → Supabase (14450 bytes)
[2026-08-18T22:11:47.181Z]   ✓ 8988: cartridge-b03-017.jpg → Supabase (95557 bytes)
[2026-08-18T22:11:47.665Z]   ✓ 8988: cartridge-b03-017.jpg → Supabase (18769 bytes)
[2026-08-18T22:11:48.305Z]   ✓ 8989: cartridge-td04-067.jpg → Supabase (106238 bytes)
[2026-08-18T22:11:48.786Z]   ✓ 8989: cartridge-td04-067.jpg → Supabase (19269 bytes)
[2026-08-18T22:11:49.426Z]   ✓ 8990: cartridge-gt12-037b.jpg → Supabase (99483 bytes)
[2026-08-18T22:11:49.896Z]   ✓ 8990: cartridge-gt12-037b.jpg → Supabase (18568 bytes)
[2026-08-18T22:11:50.556Z]   ✓ 8991: cartridge-gt12-063-1b.jpg → Supabase (109539 bytes)
[2026-08-18T22:11:51.042Z]   ✓ 8991: cartridge-gt12-063-1b.jpg → Supabase (19097 bytes)
[2026-08-18T22:11:51.428Z] Progress: 510/906 processed, 0 skipped, 0 failures
[2026-08-18T22:11:51.681Z]   ✓ 8992: cartridge-gt14-074.jpg → Supabase (103391 bytes)
[2026-08-18T22:11:52.152Z]   ✓ 8992: cartridge-gt14-074.jpg → Supabase (16243 bytes)
[2026-08-18T22:11:52.808Z]   ✓ 8993: cartridge-gt17-060-1.jpg → Supabase (101997 bytes)
[2026-08-18T22:11:53.322Z]   ✓ 8993: cartridge-gt17-060-1.jpg → Supabase (18367 bytes)
[2026-08-18T22:11:54.211Z]   ✓ 8994: cartridge-gt17-129.jpg → Supabase (99646 bytes)
[2026-08-18T22:11:54.693Z]   ✓ 8994: cartridge-gt17-129.jpg → Supabase (19483 bytes)
[2026-08-18T22:11:55.356Z]   ✓ 8995: cartridge-gt22-088.jpg → Supabase (100138 bytes)
[2026-08-18T22:11:55.837Z]   ✓ 8995: cartridge-gt22-088.jpg → Supabase (18050 bytes)
[2026-08-18T22:11:56.467Z]   ✓ 8996: cartridge-gt23-008.jpg → Supabase (87476 bytes)
[2026-08-18T22:11:56.945Z]   ✓ 8996: cartridge-gt23-008.jpg → Supabase (16523 bytes)
[2026-08-18T22:11:57.568Z]   ✓ 8997: cartridge-k03-136b.jpg → Supabase (83335 bytes)
[2026-08-18T22:11:58.050Z]   ✓ 8997: cartridge-k03-136b.jpg → Supabase (16521 bytes)
[2026-08-18T22:11:58.677Z]   ✓ 8998: cartridge-k03-181b.jpg → Supabase (102416 bytes)
[2026-08-18T22:11:59.165Z]   ✓ 8998: cartridge-k03-181b.jpg → Supabase (21120 bytes)
[2026-08-18T22:11:59.787Z]   ✓ 8999: cartridge-rhf4-127.jpg → Supabase (83353 bytes)
[2026-08-18T22:12:00.584Z]   ✓ 8999: cartridge-rhf4-127.jpg → Supabase (17888 bytes)
[2026-08-18T22:12:01.241Z]   ✓ 9000: cartridge-dsgt-006-lb.jpg → Supabase (91311 bytes)
[2026-08-18T22:12:01.716Z]   ✓ 9000: cartridge-dsgt-006-lb.jpg → Supabase (17120 bytes)
[2026-08-18T22:12:02.743Z]   ✓ 9001: cartridge-dsgt-006-h.jpg → Supabase (95675 bytes)
[2026-08-18T22:12:03.214Z]   ✓ 9001: cartridge-dsgt-006-h.jpg → Supabase (16135 bytes)
[2026-08-18T22:12:03.604Z] Progress: 520/906 processed, 0 skipped, 0 failures
[2026-08-18T22:12:03.848Z]   ✓ 9008: cartridge-gt20-147b.jpg → Supabase (92358 bytes)
[2026-08-18T22:12:04.334Z]   ✓ 9008: cartridge-gt20-147b.jpg → Supabase (15843 bytes)
[2026-08-18T22:12:04.960Z]   ✓ 9052: cartridge-gtr-039bg.jpg → Supabase (86700 bytes)
[2026-08-18T22:12:05.449Z]   ✓ 9052: cartridge-gtr-039bg.jpg → Supabase (18097 bytes)
[2026-08-18T22:12:06.073Z]   ✓ 9053: cartridge-td02-047.jpg → Supabase (96213 bytes)
[2026-08-18T22:12:06.547Z]   ✓ 9053: cartridge-td02-047.jpg → Supabase (17566 bytes)
[2026-08-18T22:12:07.214Z]   ✓ 9055: cartridge-gt22-119r.jpg → Supabase (92463 bytes)
[2026-08-18T22:12:07.716Z]   ✓ 9055: cartridge-gt22-119r.jpg → Supabase (18334 bytes)
[2026-08-18T22:12:08.361Z]   ✓ 9056: cartridge-rhf4-027.jpg → Supabase (72046 bytes)
[2026-08-18T22:12:08.863Z]   ✓ 9056: cartridge-rhf4-027.jpg → Supabase (15204 bytes)
[2026-08-18T22:12:09.525Z]   ✓ 7599: turbo-40006262.jpg → Supabase (98014 bytes)
[2026-08-18T22:12:10.015Z]   ✓ 7599: turbo-40006262.jpg → Supabase (20832 bytes)
[2026-08-18T22:12:10.637Z]   ✓ 9057: cartridge-gt15-099.jpg → Supabase (88039 bytes)
[2026-08-18T22:12:11.188Z]   ✓ 9057: cartridge-gt15-099.jpg → Supabase (17834 bytes)
[2026-08-18T22:12:11.854Z]   ✓ 9062: cartridge-tf035-023.jpg → Supabase (95885 bytes)
[2026-08-18T22:12:12.359Z]   ✓ 9062: cartridge-tf035-023.jpg → Supabase (16871 bytes)
[2026-08-18T22:12:13.246Z]   ✓ 9063: cartridge-td02-022.jpg → Supabase (92367 bytes)
[2026-08-18T22:12:13.725Z]   ✓ 9063: cartridge-td02-022.jpg → Supabase (18594 bytes)
[2026-08-18T22:12:14.405Z]   ✓ 7705: turbo-40006266.jpg → Supabase (132639 bytes)
[2026-08-18T22:12:14.898Z]   ✓ 7705: turbo-40006266.jpg → Supabase (20738 bytes)
[2026-08-18T22:12:15.286Z] Progress: 530/906 processed, 0 skipped, 0 failures
[2026-08-18T22:12:15.747Z]   ✓ 7759: turbo-17201-67010-r.jpg → Supabase (208554 bytes)
[2026-08-18T22:12:16.050Z] Refreshing browser session...
[2026-08-18T22:12:16.635Z] Session refreshed.
[2026-08-18T22:12:16.827Z]   ✓ 7759: turbo-17201-67010-r.jpg → Supabase (18897 bytes)
[2026-08-18T22:12:17.465Z]   ✓ 4918: turbo-178737.jpg → Supabase (115656 bytes)
[2026-08-18T22:12:17.950Z]   ✓ 4918: turbo-178737.jpg → Supabase (23923 bytes)
[2026-08-18T22:12:18.762Z]   ✓ 7689: turbo-40007031.jpg → Supabase (138338 bytes)
[2026-08-18T22:12:19.246Z]   ✓ 7689: turbo-40007031.jpg → Supabase (20282 bytes)
[2026-08-18T22:12:19.883Z]   ✓ 2476: cartridge-ga-00-0123.jpg → Supabase (102869 bytes)
[2026-08-18T22:12:20.362Z]   ✓ 2476: cartridge-ga-00-0123.jpg → Supabase (19465 bytes)
[2026-08-18T22:12:21.239Z]   ✓ 9066: cartridge-rhf4-032.jpg → Supabase (72158 bytes)
[2026-08-18T22:12:21.708Z]   ✓ 9066: cartridge-rhf4-032.jpg → Supabase (14304 bytes)
[2026-08-18T22:12:22.540Z]   ✓ 9068: cartridge-rhf5-031br.jpg → Supabase (84373 bytes)
[2026-08-18T22:12:23.085Z]   ✓ 9068: cartridge-rhf5-031br.jpg → Supabase (17708 bytes)
[2026-08-18T22:12:23.738Z]   ✓ 9072: cartridge-gt20-081.jpg → Supabase (74957 bytes)
[2026-08-18T22:12:24.284Z]   ✓ 9072: cartridge-gt20-081.jpg → Supabase (15136 bytes)
[2026-08-18T22:12:25.012Z]   ✓ 6539: cartridge-gta-016.jpg → Supabase (185146 bytes)
[2026-08-18T22:12:25.495Z]   ✓ 6539: cartridge-gta-016.jpg → Supabase (18402 bytes)
[2026-08-18T22:12:26.137Z]   ✓ 9073: cartridge-rhf4-041-1.jpg → Supabase (93920 bytes)
[2026-08-18T22:12:26.607Z]   ✓ 9073: cartridge-rhf4-041-1.jpg → Supabase (15715 bytes)
[2026-08-18T22:12:27.263Z]   ✓ 9080: cartridge-gt17-123.jpg → Supabase (78007 bytes)
[2026-08-18T22:12:27.755Z]   ✓ 9080: cartridge-gt17-123.jpg → Supabase (16705 bytes)
[2026-08-18T22:12:28.140Z] Progress: 540/906 processed, 0 skipped, 0 failures
[2026-08-18T22:12:28.411Z]   ✓ 9081: cartridge-co-008br.jpg → Supabase (105104 bytes)
[2026-08-18T22:13:48.713Z]   ✗ 9081: https://turbocentras.com/24696-large_default/cartridge-co-008br.jpg — apiRequestContext.get: read ECONNRESET
Call log:
[2m  - → GET https://turbocentras.com/24696-large_default/cartridge-co-008br.jpg[22m
[2m    - user-agent: Mozilla/5.0 (Macintosh; Intel Mac OS X 10_15_7) AppleWebKit/537.36 (KHTML, like Gecko) Chrome/120.0.0.0 Safari/537.36[22m
[2m    - accept: */*[22m
[2m    - accept-encoding: gzip,deflate,br[22m
[2m    - Referer: https://www.turbocentras.com/[22m
[2m    - cookie: PHPSESSID=p1smm4kjnsat20u45a70uio38o; TurboShop-9388d7558663f3b5c6726cee75dd09a5=def50200df68bca96a2683d602b8f0fc057999122b4c6965b332485de9ff3faed32a2c5c7964295729daa2bec6ae57a5cf7f9f20d3b56d35d3ebc4c2d01c81210f010e26ee70cca27b1482418c2ca864eb77bf213346cf6ff3eaea4afebed1fd61896310c6d9c375599a9864d821c4b46b96183afd2268f2359b70e89f691d4b66187453ae60c5912a57742b904ce8cdf077931f3a724341dca2387778f2c9536dcb0a774ac01a0e6bd73207db517a942c014f8c9d9c63026a25475ad2b877fc450062a8350e2b1f41e09c63f72a9ebecda17403ea[22m

[2026-08-18T22:13:49.971Z]   ✓ 9084: cartridge-k03-104b.jpg → Supabase (90177 bytes)
[2026-08-18T22:13:50.536Z]   ✓ 9084: cartridge-k03-104b.jpg → Supabase (22520 bytes)
[2026-08-18T22:13:51.332Z]   ✓ 9096: cartridge-mh-00-0054.jpg → Supabase (102526 bytes)
[2026-08-18T22:13:51.946Z]   ✓ 9096: cartridge-mh-00-0054.jpg → Supabase (19399 bytes)
[2026-08-18T22:13:52.585Z]   ✓ 9102: cartridge-ga-00-0060.jpg → Supabase (92885 bytes)
[2026-08-18T22:13:53.111Z]   ✓ 9102: cartridge-ga-00-0060.jpg → Supabase (17674 bytes)
[2026-08-18T22:13:53.872Z]   ✓ 9103: cartridge-td03-005.jpg → Supabase (90379 bytes)
[2026-08-18T22:13:54.608Z]   ✓ 9103: cartridge-td03-005.jpg → Supabase (16177 bytes)
[2026-08-18T22:13:55.251Z]   ✓ 9104: cartridge-td03-007.jpg → Supabase (87468 bytes)
[2026-08-18T22:13:55.780Z]   ✓ 9104: cartridge-td03-007.jpg → Supabase (21534 bytes)
[2026-08-18T22:13:56.408Z]   ✓ 9105: cartridge-gt17-058.jpg → Supabase (86987 bytes)
[2026-08-18T22:13:56.897Z]   ✓ 9105: cartridge-gt17-058.jpg → Supabase (15615 bytes)
[2026-08-18T22:13:57.538Z]   ✓ 9106: cartridge-k0cg-005b.jpg → Supabase (96902 bytes)
[2026-08-18T22:13:58.020Z]   ✓ 9106: cartridge-k0cg-005b.jpg → Supabase (17231 bytes)
[2026-08-18T22:13:58.671Z]   ✓ 9107: cartridge-k0cg-006b.jpg → Supabase (98146 bytes)
[2026-08-18T22:13:59.166Z]   ✓ 9107: cartridge-k0cg-006b.jpg → Supabase (18503 bytes)
[2026-08-18T22:13:59.791Z]   ✓ 9111: cartridge-bv40-006b.jpg → Supabase (86795 bytes)
[2026-08-18T22:14:00.280Z]   ✓ 9111: cartridge-bv40-006b.jpg → Supabase (16243 bytes)
[2026-08-18T22:14:00.667Z] Progress: 550/906 processed, 0 skipped, 1 failures
[2026-08-18T22:14:00.970Z]   ✓ 8099: turbo-40009372.jpg → Supabase (186005 bytes)
[2026-08-18T22:14:01.629Z]   ✓ 8077: turbo-40008485.jpg → Supabase (151228 bytes)
[2026-08-18T22:14:02.361Z]   ✓ 8077: turbo-40008485.jpg → Supabase (25908 bytes)
[2026-08-18T22:14:03.177Z]   ✓ 9125: cartridge-gt15-100.jpg → Supabase (78118 bytes)
[2026-08-18T22:14:03.688Z]   ✓ 9125: cartridge-gt15-100.jpg → Supabase (15725 bytes)
[2026-08-18T22:14:04.310Z]   ✓ 9129: cartridge-gt14-051b.jpg → Supabase (83745 bytes)
[2026-08-18T22:14:04.789Z]   ✓ 9129: cartridge-gt14-051b.jpg → Supabase (15906 bytes)
[2026-08-18T22:14:05.466Z]   ✓ 8506: turbo-894023-0001.jpg → Supabase (202311 bytes)
[2026-08-18T22:14:06.107Z]   ✓ 8599: turbo-894018-0005.jpg → Supabase (115243 bytes)
[2026-08-18T22:14:06.587Z]   ✓ 8599: turbo-894018-0005.jpg → Supabase (15806 bytes)
[2026-08-18T22:14:07.211Z]   ✓ 1308: repair-kit-ga-04-0005.jpg → Supabase (78352 bytes)
[2026-08-18T22:14:08.177Z]   ✓ 2497: repair-kit-bw-04-0005.jpg → Supabase (89696 bytes)
[2026-08-18T22:14:08.743Z]   ✓ 2497: repair-kit-bw-04-0005.jpg → Supabase (17316 bytes)
[2026-08-18T22:14:09.401Z]   ✓ 3098: heat-shield-ih-05-0020.jpg → Supabase (103596 bytes)
[2026-08-18T22:14:10.072Z]   ✓ 6547: cartridge-kp39-014.jpg → Supabase (179504 bytes)
[2026-08-18T22:14:10.564Z]   ✓ 6547: cartridge-kp39-014.jpg → Supabase (24059 bytes)
[2026-08-18T22:14:10.949Z] Progress: 560/906 processed, 0 skipped, 1 failures
[2026-08-18T22:14:11.195Z]   ✓ 1063: repair-kit-ga-04-0018.jpg → Supabase (85771 bytes)
[2026-08-18T22:14:11.707Z]   ✓ 1063: repair-kit-ga-04-0018.jpg → Supabase (16272 bytes)
[2026-08-18T22:14:12.363Z]   ✓ 9170: cartridge-bw-00-0162.jpg → Supabase (97486 bytes)
[2026-08-18T22:14:12.839Z]   ✓ 9170: cartridge-bw-00-0162.jpg → Supabase (16265 bytes)
[2026-08-18T22:14:13.478Z]   ✓ 2501: repair-kit-ga-04-0008.jpg → Supabase (100600 bytes)
[2026-08-18T22:14:14.158Z]   ✓ 9202: cartridge-ga-00-0155.jpg → Supabase (84817 bytes)
[2026-08-18T22:14:14.664Z]   ✓ 9202: cartridge-ga-00-0155.jpg → Supabase (16221 bytes)
[2026-08-18T22:14:15.316Z]   ✓ 9213: cartridge-rhf4-036.jpg → Supabase (107658 bytes)
[2026-08-18T22:14:15.815Z]   ✓ 9213: cartridge-rhf4-036.jpg → Supabase (22087 bytes)
[2026-08-18T22:14:16.435Z]   ✓ 9223: cartridge-gt22-040-1.jpg → Supabase (90017 bytes)
[2026-08-18T22:14:16.959Z]   ✓ 9223: cartridge-gt22-040-1.jpg → Supabase (14748 bytes)
[2026-08-18T22:14:17.601Z]   ✓ 9225: cartridge-k03-137br.jpg → Supabase (82307 bytes)
[2026-08-18T22:14:18.093Z]   ✓ 9225: cartridge-k03-137br.jpg → Supabase (17119 bytes)
[2026-08-18T22:14:18.724Z]   ✓ 9241: cartridge-tf035-039b.jpg → Supabase (89334 bytes)
[2026-08-18T22:14:19.218Z]   ✓ 9241: cartridge-tf035-039b.jpg → Supabase (18210 bytes)
[2026-08-18T22:14:19.881Z]   ✓ 9251: cartridge-gt15-006.jpg → Supabase (88226 bytes)
[2026-08-18T22:14:20.357Z]   ✓ 9251: cartridge-gt15-006.jpg → Supabase (15481 bytes)
[2026-08-18T22:14:20.988Z]   ✓ 9262: cartridge-rhf5-045.jpg → Supabase (80478 bytes)
[2026-08-18T22:14:21.489Z]   ✓ 9262: cartridge-rhf5-045.jpg → Supabase (16421 bytes)
[2026-08-18T22:14:21.875Z] Progress: 570/906 processed, 0 skipped, 1 failures
[2026-08-18T22:14:22.072Z]   ✓ 1452: thrust-bearing-td04-120.jpg → Supabase (46776 bytes)
[2026-08-18T22:14:22.597Z]   ✓ 1452: thrust-bearing-td04-120.jpg → Supabase (9918 bytes)
[2026-08-18T22:14:23.173Z]   ✓ 1451: thrust-bearing-td025-120.jpg → Supabase (52781 bytes)
[2026-08-18T22:14:23.645Z]   ✓ 1451: thrust-bearing-td025-120.jpg → Supabase (9849 bytes)
[2026-08-18T22:14:24.236Z]   ✓ 1446: thrust-bearing-s400-120.jpg → Supabase (60271 bytes)
[2026-08-18T22:14:24.725Z]   ✓ 1446: thrust-bearing-s400-120.jpg → Supabase (16348 bytes)
[2026-08-18T22:14:25.299Z]   ✓ 1444: thrust-bearing-s300-120.jpg → Supabase (29186 bytes)
[2026-08-18T22:14:25.780Z]   ✓ 1444: thrust-bearing-s300-120.jpg → Supabase (11188 bytes)
[2026-08-18T22:14:26.358Z]   ✓ 1445: thrust-bearing-s3a-120.jpg → Supabase (55507 bytes)
[2026-08-18T22:14:26.900Z]   ✓ 1445: thrust-bearing-s3a-120.jpg → Supabase (11441 bytes)
[2026-08-18T22:14:27.465Z]   ✓ 1441: thrust-bearing-s200-120.jpg → Supabase (54531 bytes)
[2026-08-18T22:14:27.943Z]   ✓ 1441: thrust-bearing-s200-120.jpg → Supabase (12565 bytes)
[2026-08-18T22:14:28.542Z]   ✓ 1443: thrust-bearing-s2b-120.jpg → Supabase (53604 bytes)
[2026-08-18T22:14:29.087Z]   ✓ 1443: thrust-bearing-s2b-120.jpg → Supabase (11021 bytes)
[2026-08-18T22:14:29.721Z]   ✓ 3516: gasket-kit-tc1094.jpg → Supabase (75885 bytes)
[2026-08-18T22:14:30.541Z]   ✓ 3220: gasket-kit-tc1088.jpg → Supabase (80693 bytes)
[2026-08-18T22:14:31.182Z]   ✓ 3221: gasket-kit-tc1089.jpg → Supabase (87412 bytes)
[2026-08-18T22:14:31.572Z] Progress: 580/906 processed, 0 skipped, 1 failures
[2026-08-18T22:14:31.930Z]   ✓ 3222: gasket-kit-tc1090.jpg → Supabase (90869 bytes)
[2026-08-18T22:14:32.617Z]   ✓ 3423: gasket-kit-tc1092.jpg → Supabase (81758 bytes)
[2026-08-18T22:14:33.245Z]   ✓ 3172: gasket-kit-tc1085.jpg → Supabase (75091 bytes)
[2026-08-18T22:14:33.906Z]   ✓ 3218: gasket-kit-tc1086.jpg → Supabase (92770 bytes)
[2026-08-18T22:14:34.538Z]   ✓ 3219: gasket-kit-tc1087.jpg → Supabase (82669 bytes)
[2026-08-18T22:14:35.239Z]   ✓ 3012: gasket-kit-tc1081.jpg → Supabase (82315 bytes)
[2026-08-18T22:14:35.856Z]   ✓ 3013: gasket-kit-tc1082.jpg → Supabase (77377 bytes)
[2026-08-18T22:14:36.432Z]   ✓ 1453: thrust-bearing-td04-121.jpg → Supabase (45539 bytes)
[2026-08-18T22:14:37.000Z]   ✓ 1453: thrust-bearing-td04-121.jpg → Supabase (8682 bytes)
[2026-08-18T22:14:37.606Z]   ✓ 1442: thrust-bearing-s2a-120.jpg → Supabase (52270 bytes)
[2026-08-18T22:14:37.908Z] Refreshing browser session...
[2026-08-18T22:14:38.726Z] Session refreshed.
[2026-08-18T22:14:38.891Z]   ✓ 1442: thrust-bearing-s2a-120.jpg → Supabase (10072 bytes)
[2026-08-18T22:14:39.523Z]   ✓ 4734: turbo-53149707025-r.jpg → Supabase (110418 bytes)
[2026-08-18T22:14:40.001Z]   ✓ 4734: turbo-53149707025-r.jpg → Supabase (23120 bytes)
[2026-08-18T22:14:40.458Z] Progress: 590/906 processed, 0 skipped, 1 failures
[2026-08-18T22:14:40.762Z]   ✓ 8791: turbo-40010439.jpg → Supabase (202311 bytes)
[2026-08-18T22:14:41.401Z]   ✓ 3238: repair-kit-mh-04-0009.jpg → Supabase (84808 bytes)
[2026-08-18T22:14:42.528Z]   ✓ 8985: turbo-turbo-k143.jpg → Supabase (202311 bytes)
[2026-08-18T22:14:43.527Z]   ✓ 9216: turbo-40010440.jpg → Supabase (202311 bytes)
[2026-08-18T22:14:44.199Z]   ✓ 4980: turbo-17459700009.jpg → Supabase (120024 bytes)
[2026-08-18T22:14:44.674Z]   ✓ 4980: turbo-17459700009.jpg → Supabase (22501 bytes)
[2026-08-18T22:14:45.407Z]   ✓ 101: cartridge-ga-00-0110.jpg → Supabase (274260 bytes)
[2026-08-18T22:14:45.893Z]   ✓ 101: cartridge-ga-00-0110.jpg → Supabase (24650 bytes)
[2026-08-18T22:14:46.542Z]   ✓ 1017: cartridge-ga-00-0136.jpg → Supabase (110594 bytes)
[2026-08-18T22:14:47.101Z]   ✓ 1017: cartridge-ga-00-0136.jpg → Supabase (16398 bytes)
[2026-08-18T22:14:47.735Z]   ✓ 1019: cartridge-ga-00-0138.jpg → Supabase (94390 bytes)
[2026-08-18T22:14:48.214Z]   ✓ 1019: cartridge-ga-00-0138.jpg → Supabase (17058 bytes)
[2026-08-18T22:14:48.887Z]   ✓ 102: cartridge-ga-00-0109.jpg → Supabase (205239 bytes)
[2026-08-18T22:14:49.481Z]   ✓ 102: cartridge-ga-00-0109.jpg → Supabase (27381 bytes)
[2026-08-18T22:14:50.115Z]   ✓ 4737: turbo-53149707018-r.jpg → Supabase (114894 bytes)
[2026-08-18T22:14:50.587Z]   ✓ 4737: turbo-53149707018-r.jpg → Supabase (24464 bytes)
[2026-08-18T22:14:50.974Z] Progress: 600/906 processed, 0 skipped, 1 failures
[2026-08-18T22:14:51.266Z]   ✓ 9227: turbo-49t35-01990.jpg → Supabase (202311 bytes)
[2026-08-18T22:14:51.898Z]   ✓ 9092: turbo-100002-01.jpg → Supabase (116512 bytes)
[2026-08-18T22:14:52.439Z]   ✓ 9092: turbo-100002-01.jpg → Supabase (19828 bytes)
[2026-08-18T22:14:53.112Z]   ✓ 4938: turbo-819968-0001.jpg → Supabase (112692 bytes)
[2026-08-18T22:14:53.579Z]   ✓ 4938: turbo-819968-0001.jpg → Supabase (22445 bytes)
[2026-08-18T22:14:54.260Z]   ✓ 8787: turbo-40010434.jpg → Supabase (202311 bytes)
[2026-08-18T22:14:54.984Z]   ✓ 8651: turbo-822206-0016.jpg → Supabase (202311 bytes)
[2026-08-18T22:14:55.637Z]   ✓ 8719: turbo-808549-5006.jpg → Supabase (113722 bytes)
[2026-08-18T22:14:56.125Z]   ✓ 8719: turbo-808549-5006.jpg → Supabase (15766 bytes)
[2026-08-18T22:14:56.792Z]   ✓ 1021: cartridge-ga-00-0001.jpg → Supabase (92128 bytes)
[2026-08-18T22:14:57.267Z]   ✓ 1021: cartridge-ga-00-0001.jpg → Supabase (16854 bytes)
[2026-08-18T22:14:57.915Z]   ✓ 1024: cartridge-mh-00-0019.jpg → Supabase (92400 bytes)
[2026-08-18T22:14:58.392Z]   ✓ 1024: cartridge-mh-00-0019.jpg → Supabase (23745 bytes)
[2026-08-18T22:14:59.054Z]   ✓ 4981: turbo-53049700279.jpg → Supabase (106731 bytes)
[2026-08-18T22:14:59.621Z]   ✓ 4981: turbo-53049700279.jpg → Supabase (21977 bytes)
[2026-08-18T22:15:00.423Z]   ✓ 4984: turbo-49189-02914.jpg → Supabase (115600 bytes)
[2026-08-18T22:15:00.918Z]   ✓ 4984: turbo-49189-02914.jpg → Supabase (20169 bytes)
[2026-08-18T22:15:01.301Z] Progress: 610/906 processed, 0 skipped, 1 failures
[2026-08-18T22:15:01.558Z]   ✓ 4985: turbo-53039700029-r.jpg → Supabase (118860 bytes)
[2026-08-18T22:15:02.089Z]   ✓ 4985: turbo-53039700029-r.jpg → Supabase (16977 bytes)
[2026-08-18T22:15:02.733Z]   ✓ 4987: turbo-49189-02951.jpg → Supabase (133128 bytes)
[2026-08-18T22:15:03.484Z]   ✓ 4987: turbo-49189-02951.jpg → Supabase (22258 bytes)
[2026-08-18T22:15:04.155Z]   ✓ 103: cartridge-ga-00-0108.jpg → Supabase (91969 bytes)
[2026-08-18T22:15:04.672Z]   ✓ 103: cartridge-ga-00-0108.jpg → Supabase (15548 bytes)
[2026-08-18T22:15:05.296Z]   ✓ 104: cartridge-ga-00-0107.jpg → Supabase (80554 bytes)
[2026-08-18T22:15:05.796Z]   ✓ 104: cartridge-ga-00-0107.jpg → Supabase (16836 bytes)
[2026-08-18T22:15:06.378Z]   ✓ 3564: cartridge-bw-00-0016.jpg → Supabase (58901 bytes)
[2026-08-18T22:15:06.859Z]   ✓ 3564: cartridge-bw-00-0016.jpg → Supabase (17323 bytes)
[2026-08-18T22:15:07.522Z]   ✓ 4743: turbo-10009700231.jpg → Supabase (113929 bytes)
[2026-08-18T22:15:08.026Z]   ✓ 4743: turbo-10009700231.jpg → Supabase (24418 bytes)
[2026-08-18T22:15:08.757Z]   ✓ 8958: turbo-turbo-bw061.jpg → Supabase (202311 bytes)
[2026-08-18T22:15:09.638Z]   ✓ 8782: turbo-40010402.jpg → Supabase (202311 bytes)
[2026-08-18T22:15:10.561Z]   ✓ 8885: turbo-49s31-07406.jpg → Supabase (102238 bytes)
[2026-08-18T22:15:11.058Z]   ✓ 8885: turbo-49s31-07406.jpg → Supabase (19844 bytes)
[2026-08-18T22:15:11.726Z]   ✓ 9116: turbo-5499100.jpg → Supabase (137877 bytes)
[2026-08-18T22:15:12.293Z]   ✓ 9116: turbo-5499100.jpg → Supabase (19319 bytes)
[2026-08-18T22:15:12.683Z] Progress: 620/906 processed, 0 skipped, 1 failures
[2026-08-18T22:15:13.057Z]   ✓ 105: cartridge-ga-00-0106.jpg → Supabase (281444 bytes)
[2026-08-18T22:15:13.543Z]   ✓ 105: cartridge-ga-00-0106.jpg → Supabase (26414 bytes)
[2026-08-18T22:15:14.272Z]   ✓ 106: cartridge-ga-00-0105.jpg → Supabase (190484 bytes)
[2026-08-18T22:15:14.762Z]   ✓ 106: cartridge-ga-00-0105.jpg → Supabase (24209 bytes)
[2026-08-18T22:15:15.556Z]   ✓ 107: cartridge-ga-00-0101.jpg → Supabase (292784 bytes)
[2026-08-18T22:15:16.097Z]   ✓ 107: cartridge-ga-00-0101.jpg → Supabase (27795 bytes)
[2026-08-18T22:15:16.912Z]   ✓ 108: cartridge-ga-00-0100.jpg → Supabase (201619 bytes)
[2026-08-18T22:15:17.402Z]   ✓ 108: cartridge-ga-00-0100.jpg → Supabase (28870 bytes)
[2026-08-18T22:15:18.053Z]   ✓ 1084: cartridge-ga-00-0183.jpg → Supabase (103128 bytes)
[2026-08-18T22:15:18.532Z]   ✓ 1084: cartridge-ga-00-0183.jpg → Supabase (19140 bytes)
[2026-08-18T22:15:19.163Z]   ✓ 9119: turbo-5328621.jpg → Supabase (96473 bytes)
[2026-08-18T22:15:19.634Z]   ✓ 9119: turbo-5328621.jpg → Supabase (22885 bytes)
[2026-08-18T22:15:20.406Z]   ✓ 8784: turbo-40010407.jpg → Supabase (202311 bytes)
[2026-08-18T22:15:21.129Z]   ✓ 8786: turbo-40010410.jpg → Supabase (202311 bytes)
[2026-08-18T22:15:21.809Z]   ✓ 8972: turbo-9v110.jpg → Supabase (202311 bytes)
[2026-08-18T22:15:22.591Z]   ✓ 9217: turbo-40010442.jpg → Supabase (202311 bytes)
[2026-08-18T22:15:22.982Z] Progress: 630/906 processed, 0 skipped, 1 failures
[2026-08-18T22:15:23.348Z]   ✓ 9108: turbo-turbo-k088.jpg → Supabase (202311 bytes)
[2026-08-18T22:15:24.029Z]   ✓ 1085: cartridge-ga-00-0205.jpg → Supabase (93167 bytes)
[2026-08-18T22:15:24.508Z]   ✓ 1085: cartridge-ga-00-0205.jpg → Supabase (16641 bytes)
[2026-08-18T22:15:25.155Z]   ✓ 1086: cartridge-bw-00-0051.jpg → Supabase (104029 bytes)
[2026-08-18T22:15:25.638Z]   ✓ 1086: cartridge-bw-00-0051.jpg → Supabase (20404 bytes)
[2026-08-18T22:15:26.435Z]   ✓ 1088: cartridge-ih-00-0017.jpg → Supabase (105837 bytes)
[2026-08-18T22:15:26.940Z]   ✓ 1088: cartridge-ih-00-0017.jpg → Supabase (20058 bytes)
[2026-08-18T22:15:27.578Z]   ✓ 1089: cartridge-ih-00-0028.jpg → Supabase (100696 bytes)
[2026-08-18T22:15:28.108Z]   ✓ 1089: cartridge-ih-00-0028.jpg → Supabase (16994 bytes)
[2026-08-18T22:15:28.770Z]   ✓ 6548: cartridge-gt12-021b.jpg → Supabase (163088 bytes)
[2026-08-18T22:15:29.239Z]   ✓ 6548: cartridge-gt12-021b.jpg → Supabase (15384 bytes)
[2026-08-18T22:15:29.866Z]   ✓ 1090: cartridge-mh-00-0020.jpg → Supabase (97504 bytes)
[2026-08-18T22:15:30.368Z]   ✓ 1090: cartridge-mh-00-0020.jpg → Supabase (20812 bytes)
[2026-08-18T22:15:31.050Z]   ✓ 1104: cartridge-ga-00-0083.jpg → Supabase (91390 bytes)
[2026-08-18T22:15:31.539Z]   ✓ 1104: cartridge-ga-00-0083.jpg → Supabase (18277 bytes)
[2026-08-18T22:15:32.219Z]   ✓ 1105: cartridge-ga-00-0130.jpg → Supabase (78631 bytes)
[2026-08-18T22:15:32.715Z]   ✓ 1105: cartridge-ga-00-0130.jpg → Supabase (17934 bytes)
[2026-08-18T22:15:33.468Z]   ✓ 1106: cartridge-bw-00-0027.jpg → Supabase (96962 bytes)
[2026-08-18T22:15:33.950Z]   ✓ 1106: cartridge-bw-00-0027.jpg → Supabase (16509 bytes)
[2026-08-18T22:15:34.346Z] Progress: 640/906 processed, 0 skipped, 1 failures
[2026-08-18T22:15:34.601Z]   ✓ 1107: cartridge-bw-00-0033.jpg → Supabase (92878 bytes)
[2026-08-18T22:15:35.095Z]   ✓ 1107: cartridge-bw-00-0033.jpg → Supabase (17618 bytes)
[2026-08-18T22:15:35.774Z]   ✓ 112: cartridge-ga-00-0094.jpg → Supabase (215616 bytes)
[2026-08-18T22:15:36.255Z]   ✓ 112: cartridge-ga-00-0094.jpg → Supabase (24474 bytes)
[2026-08-18T22:15:36.943Z]   ✓ 4744: turbo-53049700216.jpg → Supabase (127659 bytes)
[2026-08-18T22:15:37.597Z]   ✓ 4744: turbo-53049700216.jpg → Supabase (25848 bytes)
[2026-08-18T22:15:38.292Z]   ✓ 113: cartridge-ga-00-0090.jpg → Supabase (236348 bytes)
[2026-08-18T22:15:38.783Z]   ✓ 113: cartridge-ga-00-0090.jpg → Supabase (27187 bytes)
[2026-08-18T22:15:39.412Z]   ✓ 1139: cartridge-bw-00-0011.jpg → Supabase (79234 bytes)
[2026-08-18T22:15:39.955Z]   ✓ 1139: cartridge-bw-00-0011.jpg → Supabase (20506 bytes)
[2026-08-18T22:15:40.782Z]   ✓ 116: cartridge-ga-00-0065.jpg → Supabase (250439 bytes)
[2026-08-18T22:15:41.083Z] Refreshing browser session...
[2026-08-18T22:15:41.658Z] Session refreshed.
[2026-08-18T22:15:41.835Z]   ✓ 116: cartridge-ga-00-0065.jpg → Supabase (24502 bytes)
[2026-08-18T22:15:42.509Z]   ✓ 117: cartridge-ga-00-0063.jpg → Supabase (73774 bytes)
[2026-08-18T22:15:42.981Z]   ✓ 117: cartridge-ga-00-0063.jpg → Supabase (16473 bytes)
[2026-08-18T22:15:43.619Z]   ✓ 3372: repair-kit-ga-04-0011.jpg → Supabase (82202 bytes)
[2026-08-18T22:15:44.291Z]   ✓ 118: cartridge-ga-00-0062.jpg → Supabase (72939 bytes)
[2026-08-18T22:15:44.781Z]   ✓ 118: cartridge-ga-00-0062.jpg → Supabase (13203 bytes)
[2026-08-18T22:15:45.502Z]   ✓ 1186: cartridge-bw-00-0120.jpg → Supabase (72633 bytes)
[2026-08-18T22:15:46.015Z]   ✓ 1186: cartridge-bw-00-0120.jpg → Supabase (20089 bytes)
[2026-08-18T22:15:46.406Z] Progress: 650/906 processed, 0 skipped, 1 failures
[2026-08-18T22:15:46.742Z]   ✓ 1187: cartridge-ga-00-0182.jpg → Supabase (71795 bytes)
[2026-08-18T22:15:47.250Z]   ✓ 1187: cartridge-ga-00-0182.jpg → Supabase (15032 bytes)
[2026-08-18T22:15:47.956Z]   ✓ 1189: cartridge-ga-00-0207.jpg → Supabase (97314 bytes)
[2026-08-18T22:15:48.466Z]   ✓ 1189: cartridge-ga-00-0207.jpg → Supabase (17238 bytes)
[2026-08-18T22:15:49.175Z]   ✓ 6550: cartridge-gt15-103br.jpg → Supabase (162951 bytes)
[2026-08-18T22:15:49.664Z]   ✓ 6550: cartridge-gt15-103br.jpg → Supabase (22186 bytes)
[2026-08-18T22:15:50.498Z]   ✓ 119: cartridge-ga-00-0059.jpg → Supabase (166238 bytes)
[2026-08-18T22:15:50.993Z]   ✓ 119: cartridge-ga-00-0059.jpg → Supabase (22533 bytes)
[2026-08-18T22:15:51.632Z]   ✓ 1190: cartridge-bw-00-0052.jpg → Supabase (69256 bytes)
[2026-08-18T22:15:52.549Z]   ✓ 1190: cartridge-bw-00-0052.jpg → Supabase (13617 bytes)
[2026-08-18T22:15:53.317Z]   ✓ 1191: cartridge-ih-00-0027.jpg → Supabase (67144 bytes)
[2026-08-18T22:15:53.803Z]   ✓ 1191: cartridge-ih-00-0027.jpg → Supabase (18517 bytes)
[2026-08-18T22:15:54.460Z]   ✓ 1192: cartridge-mh-00-0036.jpg → Supabase (82204 bytes)
[2026-08-18T22:15:54.943Z]   ✓ 1192: cartridge-mh-00-0036.jpg → Supabase (18745 bytes)
[2026-08-18T22:15:55.693Z]   ✓ 1193: cartridge-ga-00-0084.jpg → Supabase (78086 bytes)
[2026-08-18T22:15:56.187Z]   ✓ 1193: cartridge-ga-00-0084.jpg → Supabase (19809 bytes)
[2026-08-18T22:15:56.869Z]   ✓ 6556: cartridge-gt14-001.jpg → Supabase (164476 bytes)
[2026-08-18T22:15:57.351Z]   ✓ 6556: cartridge-gt14-001.jpg → Supabase (18882 bytes)
[2026-08-18T22:15:57.983Z]   ✓ 3635: cartridge-bw-00-0017.jpg → Supabase (75662 bytes)
[2026-08-18T22:15:58.459Z]   ✓ 3635: cartridge-bw-00-0017.jpg → Supabase (14132 bytes)
[2026-08-18T22:15:58.854Z] Progress: 660/906 processed, 0 skipped, 1 failures
[2026-08-18T22:15:59.089Z]   ✓ 1194: cartridge-ga-00-0208.jpg → Supabase (87855 bytes)
[2026-08-18T22:15:59.579Z]   ✓ 1194: cartridge-ga-00-0208.jpg → Supabase (16731 bytes)
[2026-08-18T22:16:00.206Z]   ✓ 1195: cartridge-ga-00-0131.jpg → Supabase (92759 bytes)
[2026-08-18T22:16:00.768Z]   ✓ 1195: cartridge-ga-00-0131.jpg → Supabase (15360 bytes)
[2026-08-18T22:16:01.661Z]   ✓ 120: cartridge-ga-00-0058.jpg → Supabase (257631 bytes)
[2026-08-18T22:16:02.156Z]   ✓ 120: cartridge-ga-00-0058.jpg → Supabase (24018 bytes)
[2026-08-18T22:16:02.925Z]   ✓ 121: cartridge-ga-00-0057.jpg → Supabase (250320 bytes)
[2026-08-18T22:16:03.448Z]   ✓ 121: cartridge-ga-00-0057.jpg → Supabase (27268 bytes)
[2026-08-18T22:16:04.532Z]   ✓ 6557: cartridge-gt14-007.jpg → Supabase (185946 bytes)
[2026-08-18T22:16:05.005Z]   ✓ 6557: cartridge-gt14-007.jpg → Supabase (16949 bytes)
[2026-08-18T22:16:05.669Z]   ✓ 6558: cartridge-gt14-002.jpg → Supabase (167843 bytes)
[2026-08-18T22:16:06.235Z]   ✓ 6558: cartridge-gt14-002.jpg → Supabase (24401 bytes)
[2026-08-18T22:16:06.894Z]   ✓ 6562: cartridge-gt14-008.jpg → Supabase (156606 bytes)
[2026-08-18T22:16:07.366Z]   ✓ 6562: cartridge-gt14-008.jpg → Supabase (18573 bytes)
[2026-08-18T22:16:08.093Z]   ✓ 122: cartridge-ga-00-0055.jpg → Supabase (254468 bytes)
[2026-08-18T22:16:08.627Z]   ✓ 122: cartridge-ga-00-0055.jpg → Supabase (25519 bytes)
[2026-08-18T22:16:09.671Z]   ✓ 123: cartridge-ga-00-0054.jpg → Supabase (208120 bytes)
[2026-08-18T22:16:10.476Z]   ✓ 123: cartridge-ga-00-0054.jpg → Supabase (24977 bytes)
[2026-08-18T22:16:11.218Z]   ✓ 125: cartridge-ga-00-0052.jpg → Supabase (127174 bytes)
[2026-08-18T22:34:45.654Z]   ✗ 125: https://turbocentras.com/486-large_default/cartridge-ga-00-0052.jpg — apiRequestContext.get: read EADDRNOTAVAIL
Call log:
[2m  - → GET https://turbocentras.com/486-large_default/cartridge-ga-00-0052.jpg[22m
[2m    - user-agent: Mozilla/5.0 (Macintosh; Intel Mac OS X 10_15_7) AppleWebKit/537.36 (KHTML, like Gecko) Chrome/120.0.0.0 Safari/537.36[22m
[2m    - accept: */*[22m
[2m    - accept-encoding: gzip,deflate,br[22m
[2m    - Referer: https://www.turbocentras.com/[22m
[2m    - cookie: PHPSESSID=p1smm4kjnsat20u45a70uio38o; TurboShop-9388d7558663f3b5c6726cee75dd09a5=def50200df68bca96a2683d602b8f0fc057999122b4c6965b332485de9ff3faed32a2c5c7964295729daa2bec6ae57a5cf7f9f20d3b56d35d3ebc4c2d01c81210f010e26ee70cca27b1482418c2ca864eb77bf213346cf6ff3eaea4afebed1fd61896310c6d9c375599a9864d821c4b46b96183afd2268f2359b70e89f691d4b66187453ae60c5912a57742b904ce8cdf077931f3a724341dca2387778f2c9536dcb0a774ac01a0e6bd73207db517a942c014f8c9d9c63026a25475ad2b877fc450062a8350e2b1f41e09c63f72a9ebecda17403ea[22m

[2026-08-18T22:44:43.748Z] === Image mirror starting (Playwright edition) ===
[2026-08-18T22:44:44.065Z] Establishing browser session with turbocentras.com...
[2026-08-18T22:44:45.227Z] Session ready.
[2026-08-18T22:44:45.549Z] Products with turbocentras images: 362
[2026-08-18T22:44:46.195Z]   ✓ 125: cartridge-ga-00-0052.jpg → Supabase (127174 bytes)
[2026-08-18T22:44:46.764Z]   ✓ 125: cartridge-ga-00-0052.jpg → Supabase (23973 bytes)
[2026-08-18T22:44:47.631Z]   ✓ 126: cartridge-ga-00-0049.jpg → Supabase (230605 bytes)
[2026-08-18T22:44:48.154Z]   ✓ 126: cartridge-ga-00-0049.jpg → Supabase (25397 bytes)
[2026-08-18T22:44:49.932Z]   ✓ 4492: turbo-53039700151.jpg → Supabase (203531 bytes)
[2026-08-18T22:44:50.554Z]   ✓ 4492: turbo-53039700151.jpg → Supabase (29010 bytes)
[2026-08-18T22:44:51.242Z]   ✓ 2750: shaft-and-wheel-bw-02-0034.jpg → Supabase (69172 bytes)
[2026-08-18T22:44:51.750Z]   ✓ 2750: shaft-and-wheel-bw-02-0034.jpg → Supabase (9918 bytes)
[2026-08-18T22:44:52.621Z]   ✓ 2751: shaft-and-wheel-bw-02-0035.jpg → Supabase (62012 bytes)
[2026-08-18T22:44:53.340Z]   ✓ 2751: shaft-and-wheel-bw-02-0035.jpg → Supabase (8840 bytes)
[2026-08-18T22:44:54.891Z]   ✓ 1695: bearing-housing-ga-01-0146.jpg → Supabase (95830 bytes)
[2026-08-18T22:44:55.411Z]   ✓ 1695: bearing-housing-ga-01-0146.jpg → Supabase (18636 bytes)
[2026-08-18T22:44:56.138Z]   ✓ 1696: bearing-housing-ga-01-0147.jpg → Supabase (96201 bytes)
[2026-08-18T22:44:56.842Z]   ✓ 1696: bearing-housing-ga-01-0147.jpg → Supabase (16700 bytes)
[2026-08-18T22:44:57.863Z]   ✓ 1693: bearing-housing-ga-01-0144.jpg → Supabase (126248 bytes)
[2026-08-18T22:44:58.392Z]   ✓ 1693: bearing-housing-ga-01-0144.jpg → Supabase (25350 bytes)
[2026-08-18T22:44:59.094Z]   ✓ 1694: bearing-housing-ga-01-0145.jpg → Supabase (96327 bytes)
[2026-08-18T22:44:59.608Z]   ✓ 1694: bearing-housing-ga-01-0145.jpg → Supabase (19840 bytes)
[2026-08-18T22:45:00.732Z]   ✓ 4496: turbo-708639-0006-r.jpg → Supabase (150211 bytes)
[2026-08-18T22:45:01.296Z]   ✓ 4496: turbo-708639-0006-r.jpg → Supabase (26836 bytes)
[2026-08-18T22:45:01.789Z] Progress: 10/361 processed, 1 skipped, 0 failures
[2026-08-18T22:45:02.474Z]   ✓ 1690: bearing-housing-ga-01-0141.jpg → Supabase (137418 bytes)
[2026-08-18T22:45:02.974Z]   ✓ 1690: bearing-housing-ga-01-0141.jpg → Supabase (25636 bytes)
[2026-08-18T22:45:03.822Z]   ✓ 1691: bearing-housing-ga-01-0142.jpg → Supabase (133906 bytes)
[2026-08-18T22:45:04.338Z]   ✓ 1691: bearing-housing-ga-01-0142.jpg → Supabase (26888 bytes)
[2026-08-18T22:45:05.056Z]   ✓ 1692: bearing-housing-ga-01-0143.jpg → Supabase (70872 bytes)
[2026-08-18T22:45:05.591Z]   ✓ 1692: bearing-housing-ga-01-0143.jpg → Supabase (13510 bytes)
[2026-08-18T22:45:06.261Z]   ✓ 1688: bearing-housing-ga-01-0139.jpg → Supabase (103909 bytes)
[2026-08-18T22:45:07.049Z]   ✓ 1688: bearing-housing-ga-01-0139.jpg → Supabase (24643 bytes)
[2026-08-18T22:45:07.804Z]   ✓ 1689: bearing-housing-ga-01-0140.jpg → Supabase (123255 bytes)
[2026-08-18T22:45:08.504Z]   ✓ 1689: bearing-housing-ga-01-0140.jpg → Supabase (22182 bytes)
[2026-08-18T22:45:09.276Z]   ✓ 1686: bearing-housing-ga-01-0137.jpg → Supabase (149742 bytes)
[2026-08-18T22:45:09.793Z]   ✓ 1686: bearing-housing-ga-01-0137.jpg → Supabase (24987 bytes)
[2026-08-18T22:45:10.766Z]   ✓ 1687: bearing-housing-ga-01-0138.jpg → Supabase (146073 bytes)
[2026-08-18T22:45:11.375Z]   ✓ 1687: bearing-housing-ga-01-0138.jpg → Supabase (27263 bytes)
[2026-08-18T22:45:12.248Z]   ✓ 1684: bearing-housing-ga-01-0135.jpg → Supabase (174803 bytes)
[2026-08-18T22:45:12.729Z]   ✓ 1684: bearing-housing-ga-01-0135.jpg → Supabase (31030 bytes)
[2026-08-18T22:45:13.483Z]   ✓ 1685: bearing-housing-ga-01-0136.jpg → Supabase (154453 bytes)
[2026-08-18T22:45:14.027Z]   ✓ 1685: bearing-housing-ga-01-0136.jpg → Supabase (28802 bytes)
[2026-08-18T22:45:15.141Z]   ✓ 127: cartridge-ga-00-0048.jpg → Supabase (272022 bytes)
[2026-08-18T22:45:15.699Z]   ✓ 127: cartridge-ga-00-0048.jpg → Supabase (23295 bytes)
[2026-08-18T22:45:16.092Z] Progress: 20/361 processed, 1 skipped, 0 failures
[2026-08-18T22:45:16.413Z]   ✓ 9124: turbo-4042735.jpg → Supabase (122021 bytes)
[2026-08-18T22:45:16.902Z]   ✓ 9124: turbo-4042735.jpg → Supabase (21171 bytes)
[2026-08-18T22:45:17.626Z]   ✓ 9123: turbo-4047757.jpg → Supabase (115644 bytes)
[2026-08-18T22:45:18.106Z]   ✓ 9123: turbo-4047757.jpg → Supabase (11538 bytes)
[2026-08-18T22:45:18.967Z]   ✓ 4944: turbo-53049700266.jpg → Supabase (119464 bytes)
[2026-08-18T22:45:19.558Z]   ✓ 4944: turbo-53049700266.jpg → Supabase (24266 bytes)
[2026-08-18T22:45:20.373Z]   ✓ 4940: turbo-871284-0001.jpg → Supabase (127299 bytes)
[2026-08-18T22:45:20.895Z]   ✓ 4940: turbo-871284-0001.jpg → Supabase (22924 bytes)
[2026-08-18T22:45:21.827Z]   ✓ 4942: turbo-18539700063.jpg → Supabase (87765 bytes)
[2026-08-18T22:45:22.348Z]   ✓ 4942: turbo-18539700063.jpg → Supabase (17316 bytes)
[2026-08-18T22:45:23.088Z]   ✓ 4943: turbo-53049700265.jpg → Supabase (119817 bytes)
[2026-08-18T22:45:24.353Z]   ✓ 4943: turbo-53049700265.jpg → Supabase (20519 bytes)
[2026-08-18T22:45:25.312Z]   ✓ 4947: turbo-452281-0016.jpg → Supabase (118574 bytes)
[2026-08-18T22:45:25.798Z]   ✓ 4947: turbo-452281-0016.jpg → Supabase (25654 bytes)
[2026-08-18T22:45:26.801Z]   ✓ 128: cartridge-ga-00-0047.jpg → Supabase (253616 bytes)
[2026-08-18T22:45:27.376Z]   ✓ 128: cartridge-ga-00-0047.jpg → Supabase (25362 bytes)
[2026-08-18T22:45:28.295Z]   ✓ 129: cartridge-ga-00-0046.jpg → Supabase (233065 bytes)
[2026-08-18T22:45:28.852Z]   ✓ 129: cartridge-ga-00-0046.jpg → Supabase (24730 bytes)
[2026-08-18T22:45:29.669Z]   ✓ 131: cartridge-ga-00-0043.jpg → Supabase (232707 bytes)
[2026-08-18T22:45:30.267Z]   ✓ 131: cartridge-ga-00-0043.jpg → Supabase (24437 bytes)
[2026-08-18T22:45:30.656Z] Progress: 30/361 processed, 1 skipped, 0 failures
[2026-08-18T22:45:30.938Z]   ✓ 132: cartridge-ga-00-0042.jpg → Supabase (71409 bytes)
[2026-08-18T22:45:31.440Z]   ✓ 132: cartridge-ga-00-0042.jpg → Supabase (14960 bytes)
[2026-08-18T22:45:32.197Z]   ✓ 133: cartridge-ga-00-0041.jpg → Supabase (231040 bytes)
[2026-08-18T22:45:32.754Z]   ✓ 133: cartridge-ga-00-0041.jpg → Supabase (25752 bytes)
[2026-08-18T22:45:33.542Z]   ✓ 4752: turbo-53049700115.jpg → Supabase (112260 bytes)
[2026-08-18T22:45:34.153Z]   ✓ 4752: turbo-53049700115.jpg → Supabase (18662 bytes)
[2026-08-18T22:45:34.815Z]   ✓ 1333: cartridge-ga-00-0085.jpg → Supabase (78131 bytes)
[2026-08-18T22:45:35.390Z]   ✓ 1333: cartridge-ga-00-0085.jpg → Supabase (20721 bytes)
[2026-08-18T22:45:36.025Z]   ✓ 1334: cartridge-ga-00-0139.jpg → Supabase (83206 bytes)
[2026-08-18T22:45:36.527Z]   ✓ 1334: cartridge-ga-00-0139.jpg → Supabase (15549 bytes)
[2026-08-18T22:45:37.244Z]   ✓ 1335: cartridge-ga-00-0184.jpg → Supabase (75970 bytes)
[2026-08-18T22:45:37.752Z]   ✓ 1335: cartridge-ga-00-0184.jpg → Supabase (18481 bytes)
[2026-08-18T22:45:38.441Z]   ✓ 6563: cartridge-gt14-009.jpg → Supabase (176421 bytes)
[2026-08-18T22:45:38.921Z]   ✓ 6563: cartridge-gt14-009.jpg → Supabase (23517 bytes)
[2026-08-18T22:45:39.561Z]   ✓ 4076: heat-shield-ga-05-0004.jpg → Supabase (53358 bytes)
[2026-08-18T22:45:40.115Z]   ✓ 4076: heat-shield-ga-05-0004.jpg → Supabase (10496 bytes)
[2026-08-18T22:45:40.854Z]   ✓ 6564: cartridge-gt14-010.jpg → Supabase (169327 bytes)
[2026-08-18T22:45:41.451Z]   ✓ 6564: cartridge-gt14-010.jpg → Supabase (23750 bytes)
[2026-08-18T22:45:42.306Z]   ✓ 6565: cartridge-gt14-011.jpg → Supabase (157538 bytes)
[2026-08-18T22:45:42.789Z]   ✓ 6565: cartridge-gt14-011.jpg → Supabase (19179 bytes)
[2026-08-18T22:45:43.176Z] Progress: 40/361 processed, 1 skipped, 0 failures
[2026-08-18T22:45:43.425Z]   ✓ 1336: cartridge-ga-00-0209.jpg → Supabase (93634 bytes)
[2026-08-18T22:45:43.920Z]   ✓ 1336: cartridge-ga-00-0209.jpg → Supabase (18454 bytes)
[2026-08-18T22:45:44.744Z]   ✓ 134: cartridge-ga-00-0040.jpg → Supabase (98333 bytes)
[2026-08-18T22:45:45.257Z]   ✓ 134: cartridge-ga-00-0040.jpg → Supabase (17731 bytes)
[2026-08-18T22:45:45.891Z]   ✓ 4755: turbo-49335-01000-r.jpg → Supabase (110441 bytes)
[2026-08-18T22:45:46.389Z]   ✓ 4755: turbo-49335-01000-r.jpg → Supabase (19024 bytes)
[2026-08-18T22:45:47.121Z]   ✓ 135: cartridge-ga-00-0038.jpg → Supabase (221018 bytes)
[2026-08-18T22:45:47.625Z]   ✓ 135: cartridge-ga-00-0038.jpg → Supabase (26479 bytes)
[2026-08-18T22:45:48.288Z]   ✓ 4760: turbo-10009700076.jpg → Supabase (112031 bytes)
[2026-08-18T22:45:48.859Z]   ✓ 4760: turbo-10009700076.jpg → Supabase (23681 bytes)
[2026-08-18T22:45:49.600Z]   ✓ 6566: cartridge-gt14-012.jpg → Supabase (163942 bytes)
[2026-08-18T22:45:50.110Z]   ✓ 6566: cartridge-gt14-012.jpg → Supabase (21051 bytes)
[2026-08-18T22:45:50.850Z]   ✓ 6567: cartridge-gt14-016.jpg → Supabase (177020 bytes)
[2026-08-18T22:45:51.424Z]   ✓ 6567: cartridge-gt14-016.jpg → Supabase (20853 bytes)
[2026-08-18T22:45:52.146Z]   ✓ 136: cartridge-ga-00-0037.jpg → Supabase (244581 bytes)
[2026-08-18T22:45:52.991Z]   ✓ 136: cartridge-ga-00-0037.jpg → Supabase (26977 bytes)
[2026-08-18T22:45:53.665Z]   ✓ 6569: cartridge-gt14-022.jpg → Supabase (134574 bytes)
[2026-08-18T22:45:54.201Z]   ✓ 6569: cartridge-gt14-022.jpg → Supabase (17933 bytes)
[2026-08-18T22:45:54.817Z]   ✓ 2895: shaft-nut-mh-21-0002.jpg → Supabase (37352 bytes)
[2026-08-18T22:45:55.331Z]   ✓ 2895: shaft-nut-mh-21-0002.jpg → Supabase (6401 bytes)
[2026-08-18T22:45:55.741Z] Progress: 50/361 processed, 1 skipped, 0 failures
[2026-08-18T22:45:55.742Z] Refreshing browser session...
[2026-08-18T22:45:56.466Z] Session refreshed.
[2026-08-18T22:45:56.647Z]   ✓ 2894: shaft-nut-mh-21-0001.jpg → Supabase (40652 bytes)
[2026-08-18T22:45:57.185Z]   ✓ 2894: shaft-nut-mh-21-0001.jpg → Supabase (6542 bytes)
[2026-08-18T22:45:57.803Z]   ✓ 2881: shaft-nut-ih-21-0002.jpg → Supabase (39798 bytes)
[2026-08-18T22:45:58.500Z]   ✓ 6571: cartridge-gt14-023.jpg → Supabase (165557 bytes)
[2026-08-18T22:45:59.036Z]   ✓ 6571: cartridge-gt14-023.jpg → Supabase (17665 bytes)
[2026-08-18T22:45:59.758Z]   ✓ 6572: cartridge-gt14-030.jpg → Supabase (143185 bytes)
[2026-08-18T22:46:00.246Z]   ✓ 6572: cartridge-gt14-030.jpg → Supabase (17681 bytes)
[2026-08-18T22:46:00.887Z]   ✓ 3014: gasket-kit-tc1083.jpg → Supabase (63247 bytes)
[2026-08-18T22:46:01.469Z]   ✓ 3173: gasket-kit-tc1084.jpg → Supabase (64371 bytes)
[2026-08-18T22:46:02.103Z]   ✓ 2998: gasket-kit-tc1079.jpg → Supabase (71900 bytes)
[2026-08-18T22:46:02.942Z]   ✓ 3010: gasket-kit-tc1080.jpg → Supabase (99749 bytes)
[2026-08-18T22:46:03.587Z]   ✓ 1262: gasket-kit-tc1077.jpg → Supabase (90142 bytes)
[2026-08-18T22:46:04.302Z]   ✓ 1263: gasket-kit-tc1078.jpg → Supabase (97140 bytes)
[2026-08-18T22:46:04.792Z]   ✓ 1263: gasket-kit-tc1078.jpg → Supabase (19429 bytes)
[2026-08-18T22:46:05.178Z] Progress: 60/361 processed, 1 skipped, 0 failures
[2026-08-18T22:46:05.657Z]   ✓ 1175: gasket-kit-tc1075.jpg → Supabase (86027 bytes)
[2026-08-18T22:46:06.539Z]   ✓ 1178: gasket-kit-tc1073.jpg → Supabase (104145 bytes)
[2026-08-18T22:46:07.188Z]   ✓ 1179: gasket-kit-tc1076.jpg → Supabase (80558 bytes)
[2026-08-18T22:46:07.818Z]   ✓ 1261: gasket-kit-tc1074.jpg → Supabase (82126 bytes)
[2026-08-18T22:46:08.493Z]   ✓ 1142: gasket-kit-tc1070.jpg → Supabase (104961 bytes)
[2026-08-18T22:46:09.212Z]   ✓ 1143: gasket-kit-tc1071.jpg → Supabase (96632 bytes)
[2026-08-18T22:46:09.940Z]   ✓ 1176: gasket-kit-tc1069.jpg → Supabase (91661 bytes)
[2026-08-18T22:46:10.756Z]   ✓ 1177: gasket-kit-tc1072.jpg → Supabase (99201 bytes)
[2026-08-18T22:46:11.475Z]   ✓ 1141: gasket-kit-tc1068.jpg → Supabase (96396 bytes)
[2026-08-18T22:46:12.133Z]   ✓ 1148: gasket-kit-tc1067.jpg → Supabase (106945 bytes)
[2026-08-18T22:46:12.516Z] Progress: 70/361 processed, 1 skipped, 0 failures
[2026-08-18T22:46:12.821Z]   ✓ 1140: gasket-kit-tc1065.jpg → Supabase (105037 bytes)
[2026-08-18T22:46:13.469Z]   ✓ 1144: gasket-kit-tc1064.jpg → Supabase (99534 bytes)
[2026-08-18T22:46:14.104Z]   ✓ 1147: gasket-kit-tc1066.jpg → Supabase (111406 bytes)
[2026-08-18T22:46:15.075Z]   ✓ 1149: gasket-kit-tc1062.jpg → Supabase (100328 bytes)
[2026-08-18T22:46:15.832Z]   ✓ 139: cartridge-ga-00-0034.jpg → Supabase (145642 bytes)
[2026-08-18T22:46:16.316Z]   ✓ 139: cartridge-ga-00-0034.jpg → Supabase (26984 bytes)
[2026-08-18T22:46:17.027Z]   ✓ 142: cartridge-ga-00-0030.jpg → Supabase (111601 bytes)
[2026-08-18T22:46:17.643Z]   ✓ 142: cartridge-ga-00-0030.jpg → Supabase (22024 bytes)
[2026-08-18T22:46:18.417Z]   ✓ 143: cartridge-ga-00-0029.jpg → Supabase (246329 bytes)
[2026-08-18T22:46:18.925Z]   ✓ 143: cartridge-ga-00-0029.jpg → Supabase (26592 bytes)
[2026-08-18T22:46:19.787Z]   ✓ 4495: turbo-a2710903580.jpg → Supabase (208320 bytes)
[2026-08-18T22:46:20.315Z]   ✓ 4495: turbo-a2710903580.jpg → Supabase (25328 bytes)
[2026-08-18T22:46:21.321Z]   ✓ 4503: turbo-49135-05671-r.jpg → Supabase (194921 bytes)
[2026-08-18T22:46:21.799Z]   ✓ 4503: turbo-49135-05671-r.jpg → Supabase (25631 bytes)
[2026-08-18T22:46:22.576Z]   ✓ 6576: cartridge-gt14-041.jpg → Supabase (176305 bytes)
[2026-08-18T22:46:23.053Z]   ✓ 6576: cartridge-gt14-041.jpg → Supabase (21372 bytes)
[2026-08-18T22:46:23.450Z] Progress: 80/361 processed, 1 skipped, 0 failures
[2026-08-18T22:46:23.810Z]   ✓ 144: cartridge-ga-00-0028.jpg → Supabase (96720 bytes)
[2026-08-18T22:46:24.333Z]   ✓ 144: cartridge-ga-00-0028.jpg → Supabase (20147 bytes)
[2026-08-18T22:46:25.484Z]   ✓ 145: cartridge-ga-00-0027.jpg → Supabase (158770 bytes)
[2026-08-18T22:46:26.118Z]   ✓ 145: cartridge-ga-00-0027.jpg → Supabase (29294 bytes)
[2026-08-18T22:46:27.022Z]   ✓ 204: cartridge-bw-00-0041.jpg → Supabase (78964 bytes)
[2026-08-18T22:46:27.531Z]   ✓ 204: cartridge-bw-00-0041.jpg → Supabase (20455 bytes)
[2026-08-18T22:46:28.439Z]   ✓ 4487: turbo-49377-07515.jpg → Supabase (225283 bytes)
[2026-08-18T22:46:28.978Z]   ✓ 4487: turbo-49377-07515.jpg → Supabase (23095 bytes)
[2026-08-18T22:46:30.026Z]   ✓ 4485: turbo-49377-07440.jpg → Supabase (255610 bytes)
[2026-08-18T22:46:30.540Z]   ✓ 4485: turbo-49377-07440.jpg → Supabase (29040 bytes)
[2026-08-18T22:46:31.390Z]   ✓ 6577: cartridge-gt14-042b.jpg → Supabase (165460 bytes)
[2026-08-18T22:46:31.877Z]   ✓ 6577: cartridge-gt14-042b.jpg → Supabase (19757 bytes)
[2026-08-18T22:46:32.650Z]   ✓ 206: cartridge-bw-00-0043.jpg → Supabase (82047 bytes)
[2026-08-18T22:46:33.130Z]   ✓ 206: cartridge-bw-00-0043.jpg → Supabase (15563 bytes)
[2026-08-18T22:46:33.801Z]   ✓ 210: cartridge-bw-00-0070.jpg → Supabase (80809 bytes)
[2026-08-18T22:46:34.398Z]   ✓ 210: cartridge-bw-00-0070.jpg → Supabase (17704 bytes)
[2026-08-18T22:46:35.029Z]   ✓ 211: cartridge-bw-00-0069.jpg → Supabase (69797 bytes)
[2026-08-18T22:46:35.576Z]   ✓ 211: cartridge-bw-00-0069.jpg → Supabase (20781 bytes)
[2026-08-18T22:46:36.291Z]   ✓ 212: cartridge-bw-00-0068.jpg → Supabase (86905 bytes)
[2026-08-18T22:46:36.782Z]   ✓ 212: cartridge-bw-00-0068.jpg → Supabase (16821 bytes)
[2026-08-18T22:46:37.187Z] Progress: 90/361 processed, 1 skipped, 0 failures
[2026-08-18T22:46:37.708Z]   ✓ 4514: turbo-751851-0001-r.jpg → Supabase (168193 bytes)
[2026-08-18T22:46:38.201Z]   ✓ 4514: turbo-751851-0001-r.jpg → Supabase (28950 bytes)
[2026-08-18T22:46:39.038Z]   ✓ 6578: cartridge-gt14-044b.jpg → Supabase (163465 bytes)
[2026-08-18T22:46:39.644Z]   ✓ 6578: cartridge-gt14-044b.jpg → Supabase (23520 bytes)
[2026-08-18T22:46:40.477Z]   ✓ 6579: cartridge-gt14-046b.jpg → Supabase (176242 bytes)
[2026-08-18T22:46:40.960Z]   ✓ 6579: cartridge-gt14-046b.jpg → Supabase (17399 bytes)
[2026-08-18T22:46:41.617Z]   ✓ 213: cartridge-bw-00-0064.jpg → Supabase (70414 bytes)
[2026-08-18T22:46:42.128Z]   ✓ 213: cartridge-bw-00-0064.jpg → Supabase (12931 bytes)
[2026-08-18T22:46:42.826Z]   ✓ 215: cartridge-bw-00-0095.jpg → Supabase (103271 bytes)
[2026-08-18T22:46:43.362Z]   ✓ 215: cartridge-bw-00-0095.jpg → Supabase (19402 bytes)
[2026-08-18T22:46:44.112Z]   ✓ 6580: cartridge-gt14-053-1b.jpg → Supabase (164028 bytes)
[2026-08-18T22:46:44.636Z]   ✓ 6580: cartridge-gt14-053-1b.jpg → Supabase (19825 bytes)
[2026-08-18T22:46:45.796Z]   ✓ 4489: turbo-53039700029.jpg → Supabase (190021 bytes)
[2026-08-18T22:46:46.345Z]   ✓ 4489: turbo-53039700029.jpg → Supabase (28646 bytes)
[2026-08-18T22:46:47.117Z]   ✓ 4517: turbo-742693-5004s.jpg → Supabase (185155 bytes)
[2026-08-18T22:46:47.642Z]   ✓ 4517: turbo-742693-5004s.jpg → Supabase (27467 bytes)
[2026-08-18T22:46:48.409Z]   ✓ 4773: turbo-10009700232.jpg → Supabase (107476 bytes)
[2026-08-18T22:46:48.912Z]   ✓ 4773: turbo-10009700232.jpg → Supabase (23402 bytes)
[2026-08-18T22:46:49.641Z]   ✓ 216: cartridge-ga-00-0174.jpg → Supabase (111548 bytes)
[2026-08-18T22:46:50.248Z]   ✓ 216: cartridge-ga-00-0174.jpg → Supabase (20279 bytes)
[2026-08-18T22:46:50.638Z] Progress: 100/361 processed, 1 skipped, 0 failures
[2026-08-18T22:46:50.968Z]   ✓ 218: cartridge-ga-00-0176.jpg → Supabase (91486 bytes)
[2026-08-18T22:46:51.574Z]   ✓ 218: cartridge-ga-00-0176.jpg → Supabase (19833 bytes)
[2026-08-18T22:46:52.305Z]   ✓ 2474: cartridge-ga-00-0018.jpg → Supabase (63523 bytes)
[2026-08-18T22:46:52.889Z]   ✓ 2474: cartridge-ga-00-0018.jpg → Supabase (16695 bytes)
[2026-08-18T22:46:53.538Z]   ✓ 2475: cartridge-ga-00-0093.jpg → Supabase (76952 bytes)
[2026-08-18T22:46:54.018Z]   ✓ 2475: cartridge-ga-00-0093.jpg → Supabase (17046 bytes)
[2026-08-18T22:46:54.695Z]   ✓ 4500: turbo-49173-07508-r.jpg → Supabase (97660 bytes)
[2026-08-18T22:46:55.170Z]   ✓ 4500: turbo-49173-07508-r.jpg → Supabase (20471 bytes)
[2026-08-18T22:46:55.804Z]   ✓ 2480: cartridge-bw-00-0080.jpg → Supabase (54437 bytes)
[2026-08-18T22:46:56.421Z]   ✓ 2480: cartridge-bw-00-0080.jpg → Supabase (17571 bytes)
[2026-08-18T22:46:57.392Z]   ✓ 2481: cartridge-bw-00-0081.jpg → Supabase (65769 bytes)
[2026-08-18T22:46:57.876Z]   ✓ 2481: cartridge-bw-00-0081.jpg → Supabase (17345 bytes)
[2026-08-18T22:46:58.683Z]   ✓ 2483: cartridge-bw-00-0107.jpg → Supabase (64822 bytes)
[2026-08-18T22:46:59.201Z]   ✓ 2483: cartridge-bw-00-0107.jpg → Supabase (17658 bytes)
[2026-08-18T22:46:59.961Z]   ✓ 4498: turbo-763647-0014-r.jpg → Supabase (244405 bytes)
[2026-08-18T22:47:00.493Z]   ✓ 4498: turbo-763647-0014-r.jpg → Supabase (26111 bytes)
[2026-08-18T22:47:01.360Z]   ✓ 4505: turbo-709836-5004s.jpg → Supabase (148653 bytes)
[2026-08-18T22:47:01.842Z]   ✓ 4505: turbo-709836-5004s.jpg → Supabase (30742 bytes)
[2026-08-18T22:47:02.594Z]   ✓ 2487: cartridge-ih-00-0018.jpg → Supabase (86538 bytes)
[2026-08-18T22:47:03.106Z]   ✓ 2487: cartridge-ih-00-0018.jpg → Supabase (16733 bytes)
[2026-08-18T22:47:03.518Z] Progress: 110/361 processed, 1 skipped, 0 failures
[2026-08-18T22:47:03.519Z] Refreshing browser session...
[2026-08-18T22:47:04.230Z] Session refreshed.
[2026-08-18T22:47:04.751Z]   ✓ 2490: cartridge-mh-00-0021.jpg → Supabase (78612 bytes)
[2026-08-18T22:47:05.232Z]   ✓ 2490: cartridge-mh-00-0021.jpg → Supabase (16787 bytes)
[2026-08-18T22:47:06.093Z]   ✓ 2492: cartridge-mh-00-0041.jpg → Supabase (70164 bytes)
[2026-08-18T22:47:06.573Z]   ✓ 2492: cartridge-mh-00-0041.jpg → Supabase (17649 bytes)
[2026-08-18T22:47:07.243Z]   ✓ 2493: cartridge-mh-00-0042.jpg → Supabase (76251 bytes)
[2026-08-18T22:47:07.779Z]   ✓ 2493: cartridge-mh-00-0042.jpg → Supabase (17113 bytes)
[2026-08-18T22:47:08.671Z]   ✓ 6597: cartridge-gt14-033-c.jpg → Supabase (190192 bytes)
[2026-08-18T22:47:09.310Z]   ✓ 6597: cartridge-gt14-033-c.jpg → Supabase (23749 bytes)
[2026-08-18T22:47:44.764Z]   ✗ 4488: https://turbocentras.com/631-thickbox_default/turbo-758351-0024.jpg — apiRequestContext.get: read ECONNRESET
Call log:
[2m  - → GET https://turbocentras.com/631-thickbox_default/turbo-758351-0024.jpg[22m
[2m    - user-agent: Mozilla/5.0 (Macintosh; Intel Mac OS X 10_15_7) AppleWebKit/537.36 (KHTML, like Gecko) Chrome/120.0.0.0 Safari/537.36[22m
[2m    - accept: */*[22m
[2m    - accept-encoding: gzip,deflate,br[22m
[2m    - Referer: https://www.turbocentras.com/[22m
[2m    - cookie: PHPSESSID=kbq0r90bi4jb3ce7odql0v4clq; TurboShop-9388d7558663f3b5c6726cee75dd09a5=def50200bbc0fe1f28e952046875c1e1c87352c4888526ab49a93c00f3babb688d6013c1fa6d0ec21442677773097852ed1b9d15ba4e88306d460c88b8e1375afde35b282c7db33d3245690baca6c8f42f12997e0732e17ecb5fba726da1efe65a3b166d66006825137594e816ece5a1923bc345796c1075ab428fc3ab6c45e731c1243dcd7ae8fb85803d1e1ab87ff13d11250414cae4a53c9add33835d7d8cbeaa709be015cdd30c74847dcd9ec43556a0313bf1352627978f70b78950c783bb0ef7b998b0f7736fa212e30ae368aa8f37ff07f8[22m
[2m  - ← 200 OK[22m
[2m    - date: Tue, 18 Aug 2026 22:46:09 GMT[22m
[2m    - server: Apache[22m
[2m    - last-modified: Fri, 13 Sep 2024 10:46:47 GMT[22m
[2m    - accept-ranges: bytes[22m
[2m    - content-length: 235025[22m
[2m    - cache-control: max-age=31536000, public[22m
[2m    - expires: Thu, 17 Sep 2026 22:46:09 GMT[22m
[2m    - keep-alive: timeout=5, max=94[22m
[2m    - connection: Keep-Alive[22m
[2m    - content-type: image/jpeg[22m

[2026-08-18T22:47:45.931Z]   ✓ 4488: turbo-758351-0024.jpg → Supabase (29794 bytes)
[2026-08-18T22:47:46.907Z]   ✓ 255: cartridge-ga-00-0158.jpg → Supabase (125263 bytes)
[2026-08-18T22:47:47.433Z]   ✓ 255: cartridge-ga-00-0158.jpg → Supabase (25459 bytes)
[2026-08-18T22:47:48.159Z]   ✓ 256: cartridge-ga-00-0195.jpg → Supabase (114262 bytes)
[2026-08-18T22:47:48.665Z]   ✓ 256: cartridge-ga-00-0195.jpg → Supabase (19923 bytes)
[2026-08-18T22:47:49.317Z]   ✓ 4293: repair-kit-ga-04-0012.jpg → Supabase (67786 bytes)
[2026-08-18T22:47:49.805Z]   ✓ 4293: repair-kit-ga-04-0012.jpg → Supabase (12530 bytes)
[2026-08-18T22:47:50.505Z]   ✓ 257: cartridge-bw-00-0096.jpg → Supabase (83470 bytes)
[2026-08-18T22:47:51.042Z]   ✓ 257: cartridge-bw-00-0096.jpg → Supabase (18579 bytes)
[2026-08-18T22:47:51.800Z]   ✓ 258: cartridge-bw-00-0045.jpg → Supabase (122831 bytes)
[2026-08-18T22:47:52.288Z]   ✓ 258: cartridge-bw-00-0045.jpg → Supabase (24305 bytes)
[2026-08-18T22:47:52.680Z] Progress: 120/361 processed, 1 skipped, 1 failures
[2026-08-18T22:47:52.972Z]   ✓ 260: cartridge-ih-00-0011.jpg → Supabase (119867 bytes)
[2026-08-18T22:47:53.455Z]   ✓ 260: cartridge-ih-00-0011.jpg → Supabase (20970 bytes)
[2026-08-18T22:47:54.215Z]   ✓ 4486: turbo-49373-01005.jpg → Supabase (215802 bytes)
[2026-08-18T22:47:54.701Z]   ✓ 4486: turbo-49373-01005.jpg → Supabase (27493 bytes)
[2026-08-18T22:47:55.349Z]   ✓ 4791: turbo-703894-0002-r.jpg → Supabase (116711 bytes)
[2026-08-18T22:47:55.872Z]   ✓ 4791: turbo-703894-0002-r.jpg → Supabase (21700 bytes)
[2026-08-18T22:47:56.714Z]   ✓ 266: cartridge-ga-00-0056.jpg → Supabase (123239 bytes)
[2026-08-18T22:47:57.205Z]   ✓ 266: cartridge-ga-00-0056.jpg → Supabase (17734 bytes)
[2026-08-18T22:47:58.296Z]   ✓ 271: cartridge-ga-00-0170.jpg → Supabase (124758 bytes)
[2026-08-18T22:47:58.830Z]   ✓ 271: cartridge-ga-00-0170.jpg → Supabase (21069 bytes)
[2026-08-18T22:47:59.482Z]   ✓ 274: cartridge-ga-00-0091.jpg → Supabase (112365 bytes)
[2026-08-18T22:48:00.139Z]   ✓ 274: cartridge-ga-00-0091.jpg → Supabase (24435 bytes)
[2026-08-18T22:48:01.085Z]   ✓ 276: cartridge-ga-00-0196.jpg → Supabase (138149 bytes)
[2026-08-18T22:48:01.583Z]   ✓ 276: cartridge-ga-00-0196.jpg → Supabase (25117 bytes)
[2026-08-18T22:48:02.185Z]   ✓ 2945: cartridge-ga-00-0112.jpg → Supabase (63808 bytes)
[2026-08-18T22:48:02.670Z]   ✓ 2945: cartridge-ga-00-0112.jpg → Supabase (15494 bytes)
[2026-08-18T22:48:03.290Z]   ✓ 2947: cartridge-bw-00-0036.jpg → Supabase (68832 bytes)
[2026-08-18T22:48:03.933Z]   ✓ 2947: cartridge-bw-00-0036.jpg → Supabase (15376 bytes)
[2026-08-18T22:48:04.981Z]   ✓ 2878: shaft-nut-bw-21-0001.jpg → Supabase (35254 bytes)
[2026-08-18T22:48:05.626Z]   ✓ 2878: shaft-nut-bw-21-0001.jpg → Supabase (5881 bytes)
[2026-08-18T22:48:06.019Z] Progress: 130/361 processed, 1 skipped, 1 failures
[2026-08-18T22:48:06.372Z]   ✓ 4419: retaining-screw-gt22-181.jpg → Supabase (37112 bytes)
[2026-08-18T22:48:06.912Z]   ✓ 4419: retaining-screw-gt22-181.jpg → Supabase (5941 bytes)
[2026-08-18T22:48:07.488Z]   ✓ 2868: shaft-nut-ga-21-0005.jpg → Supabase (51117 bytes)
[2026-08-18T22:48:07.956Z]   ✓ 2868: shaft-nut-ga-21-0005.jpg → Supabase (5850 bytes)
[2026-08-18T22:48:08.747Z]   ✓ 4418: retaining-screw-ga-44-0002.jpg → Supabase (94659 bytes)
[2026-08-18T22:48:09.247Z]   ✓ 4418: retaining-screw-ga-44-0002.jpg → Supabase (9691 bytes)
[2026-08-18T22:48:09.834Z]   ✓ 2866: shaft-nut-ga-21-0003.jpg → Supabase (38840 bytes)
[2026-08-18T22:48:10.688Z]   ✓ 2867: retaining-screw-ga-44-0001.jpg → Supabase (59439 bytes)
[2026-08-18T22:48:11.287Z]   ✓ 2036: piston-ring-td05-170.jpg → Supabase (36828 bytes)
[2026-08-18T22:48:11.921Z]   ✓ 2948: cartridge-bw-00-0085.jpg → Supabase (75431 bytes)
[2026-08-18T22:48:12.429Z]   ✓ 2948: cartridge-bw-00-0085.jpg → Supabase (19207 bytes)
[2026-08-18T22:48:13.001Z]   ✓ 2949: cartridge-ga-00-0003.jpg → Supabase (58452 bytes)
[2026-08-18T22:48:13.487Z]   ✓ 2949: cartridge-ga-00-0003.jpg → Supabase (13126 bytes)
[2026-08-18T22:48:14.064Z]   ✓ 2951: cartridge-bw-00-0056.jpg → Supabase (58176 bytes)
[2026-08-18T22:48:14.539Z]   ✓ 2951: cartridge-bw-00-0056.jpg → Supabase (17691 bytes)
[2026-08-18T22:48:15.171Z]   ✓ 2952: cartridge-ih-00-0019.jpg → Supabase (79068 bytes)
[2026-08-18T22:48:15.650Z]   ✓ 2952: cartridge-ih-00-0019.jpg → Supabase (17625 bytes)
[2026-08-18T22:48:16.041Z] Progress: 140/361 processed, 1 skipped, 1 failures
[2026-08-18T22:48:16.313Z]   ✓ 6618: cartridge-r2s-028-lb.jpg → Supabase (152187 bytes)
[2026-08-18T22:48:16.798Z]   ✓ 6618: cartridge-r2s-028-lb.jpg → Supabase (18529 bytes)
[2026-08-18T22:48:17.446Z]   ✓ 4506: turbo-54389700002.jpg → Supabase (169125 bytes)
[2026-08-18T22:48:17.927Z]   ✓ 4506: turbo-54389700002.jpg → Supabase (39547 bytes)
[2026-08-18T22:48:18.563Z]   ✓ 4946: turbo-466071-0006-r.jpg → Supabase (124104 bytes)
[2026-08-18T22:48:19.045Z]   ✓ 4946: turbo-466071-0006-r.jpg → Supabase (24511 bytes)
[2026-08-18T22:48:19.623Z]   ✓ 2010: piston-ring-s1b-170.jpg → Supabase (49860 bytes)
[2026-08-18T22:48:20.221Z]   ✓ 1966: piston-ring-gt15-170.jpg → Supabase (46137 bytes)
[2026-08-18T22:48:20.861Z]   ✓ 3417: gasket-kit-tc1100.jpg → Supabase (88535 bytes)
[2026-08-18T22:48:21.496Z]   ✓ 3514: gasket-kit-tc1101.jpg → Supabase (77402 bytes)
[2026-08-18T22:48:22.260Z]   ✓ 3418: gasket-kit-tc1099.jpg → Supabase (91857 bytes)
[2026-08-18T22:48:22.877Z]   ✓ 3419: gasket-kit-tc1097.jpg → Supabase (74660 bytes)
[2026-08-18T22:48:23.490Z]   ✓ 2953: cartridge-ih-00-0020.jpg → Supabase (74247 bytes)
[2026-08-18T22:48:23.967Z]   ✓ 2953: cartridge-ih-00-0020.jpg → Supabase (18426 bytes)
[2026-08-18T22:48:24.355Z] Progress: 150/361 processed, 1 skipped, 1 failures
[2026-08-18T22:48:24.579Z]   ✓ 2954: cartridge-ga-00-0017.jpg → Supabase (80381 bytes)
[2026-08-18T22:48:25.061Z]   ✓ 2954: cartridge-ga-00-0017.jpg → Supabase (18130 bytes)
[2026-08-18T22:48:25.638Z]   ✓ 2955: cartridge-ga-00-0229.jpg → Supabase (61712 bytes)
[2026-08-18T22:48:26.109Z]   ✓ 2955: cartridge-ga-00-0229.jpg → Supabase (17707 bytes)
[2026-08-18T22:48:26.735Z]   ✓ 2957: cartridge-ih-00-0021.jpg → Supabase (70909 bytes)
[2026-08-18T22:48:27.207Z]   ✓ 2957: cartridge-ih-00-0021.jpg → Supabase (17577 bytes)
[2026-08-18T22:48:27.997Z]   ✓ 2958: cartridge-ga-00-0039.jpg → Supabase (71425 bytes)
[2026-08-18T22:48:28.574Z]   ✓ 2958: cartridge-ga-00-0039.jpg → Supabase (18087 bytes)
[2026-08-18T22:48:29.206Z]   ✓ 2959: cartridge-ga-00-0224.jpg → Supabase (70078 bytes)
[2026-08-18T22:48:29.739Z]   ✓ 2959: cartridge-ga-00-0224.jpg → Supabase (17496 bytes)
[2026-08-18T22:48:30.367Z]   ✓ 4519: turbo-762463-0006.jpg → Supabase (90790 bytes)
[2026-08-18T22:48:30.873Z]   ✓ 4519: turbo-762463-0006.jpg → Supabase (18791 bytes)
[2026-08-18T22:48:31.535Z]   ✓ 2961: cartridge-bw-00-0112.jpg → Supabase (112436 bytes)
[2026-08-18T22:48:32.011Z]   ✓ 2961: cartridge-bw-00-0112.jpg → Supabase (17459 bytes)
[2026-08-18T22:48:32.643Z]   ✓ 2962: cartridge-bw-00-0002.jpg → Supabase (74170 bytes)
[2026-08-18T22:48:33.129Z]   ✓ 2962: cartridge-bw-00-0002.jpg → Supabase (17925 bytes)
[2026-08-18T22:48:33.773Z]   ✓ 2963: cartridge-ga-00-0212.jpg → Supabase (78632 bytes)
[2026-08-18T22:48:34.286Z]   ✓ 2963: cartridge-ga-00-0212.jpg → Supabase (14402 bytes)
[2026-08-18T22:48:34.893Z]   ✓ 2964: cartridge-ga-00-0081.jpg → Supabase (63797 bytes)
[2026-08-18T22:48:35.395Z]   ✓ 2964: cartridge-ga-00-0081.jpg → Supabase (18153 bytes)
[2026-08-18T22:48:35.783Z] Progress: 160/361 processed, 1 skipped, 1 failures
[2026-08-18T22:48:36.033Z]   ✓ 2965: cartridge-mh-00-0026.jpg → Supabase (86644 bytes)
[2026-08-18T22:48:36.511Z]   ✓ 2965: cartridge-mh-00-0026.jpg → Supabase (15353 bytes)
[2026-08-18T22:48:37.193Z]   ✓ 2966: cartridge-mh-00-0025.jpg → Supabase (65018 bytes)
[2026-08-18T22:48:37.764Z]   ✓ 2966: cartridge-mh-00-0025.jpg → Supabase (16249 bytes)
[2026-08-18T22:48:38.388Z]   ✓ 2967: cartridge-ga-00-0160.jpg → Supabase (66901 bytes)
[2026-08-18T22:48:38.875Z]   ✓ 2967: cartridge-ga-00-0160.jpg → Supabase (17966 bytes)
[2026-08-18T22:48:39.522Z]   ✓ 2968: cartridge-mh-00-0024.jpg → Supabase (80073 bytes)
[2026-08-18T22:48:40.017Z]   ✓ 2968: cartridge-mh-00-0024.jpg → Supabase (17604 bytes)
[2026-08-18T22:48:40.644Z]   ✓ 2969: cartridge-bw-00-0028.jpg → Supabase (76194 bytes)
[2026-08-18T22:48:41.137Z]   ✓ 2969: cartridge-bw-00-0028.jpg → Supabase (16975 bytes)
[2026-08-18T22:48:41.537Z] Refreshing browser session...
[2026-08-18T22:48:42.050Z] Session refreshed.
[2026-08-18T22:48:42.225Z]   ✓ 2970: cartridge-ga-00-0213.jpg → Supabase (64334 bytes)
[2026-08-18T22:48:42.693Z]   ✓ 2970: cartridge-ga-00-0213.jpg → Supabase (17770 bytes)
[2026-08-18T22:48:43.346Z]   ✓ 4580: turbo-03f145701k-r.jpg → Supabase (96634 bytes)
[2026-08-18T22:48:43.831Z]   ✓ 4580: turbo-03f145701k-r.jpg → Supabase (26410 bytes)
[2026-08-18T22:48:44.404Z]   ✓ 2971: cartridge-ga-00-0005.jpg → Supabase (62078 bytes)
[2026-08-18T22:48:44.882Z]   ✓ 2971: cartridge-ga-00-0005.jpg → Supabase (13871 bytes)
[2026-08-18T22:48:45.496Z]   ✓ 2972: cartridge-bw-00-0057.jpg → Supabase (71611 bytes)
[2026-08-18T22:48:45.974Z]   ✓ 2972: cartridge-bw-00-0057.jpg → Supabase (18371 bytes)
[2026-08-18T22:48:46.676Z]   ✓ 2973: cartridge-bw-00-0084.jpg → Supabase (71292 bytes)
[2026-08-18T22:48:47.221Z]   ✓ 2973: cartridge-bw-00-0084.jpg → Supabase (17947 bytes)
[2026-08-18T22:48:47.608Z] Progress: 170/361 processed, 1 skipped, 1 failures
[2026-08-18T22:48:47.868Z]   ✓ 2974: cartridge-ih-00-0004.jpg → Supabase (86082 bytes)
[2026-08-18T22:48:48.338Z]   ✓ 2974: cartridge-ih-00-0004.jpg → Supabase (17975 bytes)
[2026-08-18T22:48:48.951Z]   ✓ 2975: cartridge-bw-00-0058.jpg → Supabase (70281 bytes)
[2026-08-18T22:48:49.429Z]   ✓ 2975: cartridge-bw-00-0058.jpg → Supabase (16146 bytes)
[2026-08-18T22:48:50.053Z]   ✓ 2977: cartridge-bw-00-0122.jpg → Supabase (67193 bytes)
[2026-08-18T22:48:50.519Z]   ✓ 2977: cartridge-bw-00-0122.jpg → Supabase (16898 bytes)
[2026-08-18T22:48:51.084Z]   ✓ 2978: cartridge-ga-00-0086.jpg → Supabase (60688 bytes)
[2026-08-18T22:48:51.623Z]   ✓ 2978: cartridge-ga-00-0086.jpg → Supabase (17132 bytes)
[2026-08-18T22:48:52.243Z]   ✓ 2979: cartridge-ga-00-0142.jpg → Supabase (70108 bytes)
[2026-08-18T22:48:52.712Z]   ✓ 2979: cartridge-ga-00-0142.jpg → Supabase (14585 bytes)
[2026-08-18T22:48:53.322Z]   ✓ 299: cartridge-bw-00-0065.jpg → Supabase (77084 bytes)
[2026-08-18T22:48:53.798Z]   ✓ 299: cartridge-bw-00-0065.jpg → Supabase (27162 bytes)
[2026-08-18T22:48:54.450Z]   ✓ 300: cartridge-ih-00-0012.jpg → Supabase (90111 bytes)
[2026-08-18T22:48:54.916Z]   ✓ 300: cartridge-ih-00-0012.jpg → Supabase (24012 bytes)
[2026-08-18T22:48:55.488Z]   ✓ 3007: cartridge-ga-00-0211.jpg → Supabase (61897 bytes)
[2026-08-18T22:48:55.977Z]   ✓ 3007: cartridge-ga-00-0211.jpg → Supabase (14565 bytes)
[2026-08-18T22:48:56.598Z]   ✓ 3021: cartridge-ga-00-0007.jpg → Supabase (73448 bytes)
[2026-08-18T22:48:57.076Z]   ✓ 3021: cartridge-ga-00-0007.jpg → Supabase (17203 bytes)
[2026-08-18T22:48:57.710Z]   ✓ 3022: cartridge-mh-00-0027.jpg → Supabase (73736 bytes)
[2026-08-18T22:48:58.204Z]   ✓ 3022: cartridge-mh-00-0027.jpg → Supabase (17873 bytes)
[2026-08-18T22:48:58.589Z] Progress: 180/361 processed, 1 skipped, 1 failures
[2026-08-18T22:48:58.827Z]   ✓ 3023: cartridge-mh-00-0043.jpg → Supabase (85785 bytes)
[2026-08-18T22:48:59.290Z]   ✓ 3023: cartridge-mh-00-0043.jpg → Supabase (15221 bytes)
[2026-08-18T22:48:59.918Z]   ✓ 3036: cartridge-bw-00-0086.jpg → Supabase (71882 bytes)
[2026-08-18T22:49:00.392Z]   ✓ 3036: cartridge-bw-00-0086.jpg → Supabase (18496 bytes)
[2026-08-18T22:49:01.012Z]   ✓ 3037: cartridge-ih-00-0031.jpg → Supabase (73923 bytes)
[2026-08-18T22:49:01.483Z]   ✓ 3037: cartridge-ih-00-0031.jpg → Supabase (18554 bytes)
[2026-08-18T22:49:02.128Z]   ✓ 3038: cartridge-bw-00-0113.jpg → Supabase (87201 bytes)
[2026-08-18T22:49:02.633Z]   ✓ 3038: cartridge-bw-00-0113.jpg → Supabase (17684 bytes)
[2026-08-18T22:49:03.258Z]   ✓ 3042: cartridge-ga-00-0187.jpg → Supabase (84060 bytes)
[2026-08-18T22:49:03.737Z]   ✓ 3042: cartridge-ga-00-0187.jpg → Supabase (17047 bytes)
[2026-08-18T22:49:04.359Z]   ✓ 3129: cartridge-bw-00-0059.jpg → Supabase (75123 bytes)
[2026-08-18T22:49:04.822Z]   ✓ 3129: cartridge-bw-00-0059.jpg → Supabase (16564 bytes)
[2026-08-18T22:49:05.611Z]   ✓ 3223: cartridge-ga-00-0006.jpg → Supabase (80797 bytes)
[2026-08-18T22:49:06.109Z]   ✓ 3223: cartridge-ga-00-0006.jpg → Supabase (14970 bytes)
[2026-08-18T22:49:06.699Z]   ✓ 3250: cartridge-bw-00-0109.jpg → Supabase (63117 bytes)
[2026-08-18T22:49:07.212Z]   ✓ 3250: cartridge-bw-00-0109.jpg → Supabase (18691 bytes)
[2026-08-18T22:49:07.862Z]   ✓ 3251: cartridge-ga-00-0219.jpg → Supabase (65781 bytes)
[2026-08-18T22:49:08.371Z]   ✓ 3251: cartridge-ga-00-0219.jpg → Supabase (17046 bytes)
[2026-08-18T22:49:08.999Z]   ✓ 3252: cartridge-ga-00-0215.jpg → Supabase (65784 bytes)
[2026-08-18T22:49:09.493Z]   ✓ 3252: cartridge-ga-00-0215.jpg → Supabase (14554 bytes)
[2026-08-18T22:49:09.881Z] Progress: 190/361 processed, 1 skipped, 1 failures
[2026-08-18T22:49:10.152Z]   ✓ 4600: turbo-10009700005.jpg → Supabase (140380 bytes)
[2026-08-18T22:49:10.627Z]   ✓ 4600: turbo-10009700005.jpg → Supabase (30367 bytes)
[2026-08-18T22:49:11.243Z]   ✓ 3253: cartridge-ga-00-0214.jpg → Supabase (77976 bytes)
[2026-08-18T22:49:11.715Z]   ✓ 3253: cartridge-ga-00-0214.jpg → Supabase (18164 bytes)
[2026-08-18T22:49:12.336Z]   ✓ 3254: cartridge-ga-00-0188.jpg → Supabase (67493 bytes)
[2026-08-18T22:49:12.832Z]   ✓ 3254: cartridge-ga-00-0188.jpg → Supabase (15802 bytes)
[2026-08-18T22:49:13.446Z]   ✓ 3255: cartridge-ga-00-0087.jpg → Supabase (68370 bytes)
[2026-08-18T22:49:13.934Z]   ✓ 3255: cartridge-ga-00-0087.jpg → Supabase (13442 bytes)
[2026-08-18T22:49:14.547Z]   ✓ 3256: cartridge-ga-00-0022.jpg → Supabase (72612 bytes)
[2026-08-18T22:49:15.037Z]   ✓ 3256: cartridge-ga-00-0022.jpg → Supabase (15717 bytes)
[2026-08-18T22:49:15.612Z]   ✓ 3257: cartridge-ga-00-0021.jpg → Supabase (63548 bytes)
[2026-08-18T22:49:16.091Z]   ✓ 3257: cartridge-ga-00-0021.jpg → Supabase (15423 bytes)
[2026-08-18T22:49:16.761Z]   ✓ 6624: cartridge-r2s-010-l.jpg → Supabase (147056 bytes)
[2026-08-18T22:49:17.247Z]   ✓ 6624: cartridge-r2s-010-l.jpg → Supabase (15957 bytes)
[2026-08-18T22:49:17.810Z]   ✓ 3258: cartridge-ga-00-0020.jpg → Supabase (64094 bytes)
[2026-08-18T22:49:18.285Z]   ✓ 3258: cartridge-ga-00-0020.jpg → Supabase (15112 bytes)
[2026-08-18T22:49:18.901Z]   ✓ 3259: cartridge-to-00-0002.jpg → Supabase (65682 bytes)
[2026-08-18T22:49:19.376Z]   ✓ 3259: cartridge-to-00-0002.jpg → Supabase (16370 bytes)
[2026-08-18T22:49:19.989Z]   ✓ 3260: cartridge-bw-00-0014.jpg → Supabase (67290 bytes)
[2026-08-18T22:49:20.474Z]   ✓ 3260: cartridge-bw-00-0014.jpg → Supabase (18159 bytes)
[2026-08-18T22:49:20.867Z] Progress: 200/361 processed, 1 skipped, 1 failures
[2026-08-18T22:49:21.096Z]   ✓ 3265: cartridge-mh-00-0030.jpg → Supabase (71849 bytes)
[2026-08-18T22:49:21.579Z]   ✓ 3265: cartridge-mh-00-0030.jpg → Supabase (17096 bytes)
[2026-08-18T22:49:22.289Z]   ✓ 6625: cartridge-r2s-007-h.jpg → Supabase (178945 bytes)
[2026-08-18T22:49:22.787Z]   ✓ 6625: cartridge-r2s-007-h.jpg → Supabase (18021 bytes)
[2026-08-18T22:49:23.451Z]   ✓ 6626: cartridge-r2s-002-l.jpg → Supabase (171578 bytes)
[2026-08-18T22:49:23.929Z]   ✓ 6626: cartridge-r2s-002-l.jpg → Supabase (19260 bytes)
[2026-08-18T22:49:24.545Z]   ✓ 3266: cartridge-mh-00-0029.jpg → Supabase (72674 bytes)
[2026-08-18T22:49:25.236Z]   ✓ 3266: cartridge-mh-00-0029.jpg → Supabase (18557 bytes)
[2026-08-18T22:49:25.858Z]   ✓ 3268: cartridge-ga-00-0218.jpg → Supabase (75622 bytes)
[2026-08-18T22:49:26.344Z]   ✓ 3268: cartridge-ga-00-0218.jpg → Supabase (16378 bytes)
[2026-08-18T22:49:26.974Z]   ✓ 3269: cartridge-ga-00-0190.jpg → Supabase (70359 bytes)
[2026-08-18T22:49:27.454Z]   ✓ 3269: cartridge-ga-00-0190.jpg → Supabase (18567 bytes)
[2026-08-18T22:49:28.047Z]   ✓ 3290: cartridge-bw-00-0088.jpg → Supabase (62012 bytes)
[2026-08-18T22:49:28.569Z]   ✓ 3290: cartridge-bw-00-0088.jpg → Supabase (18402 bytes)
[2026-08-18T22:49:29.228Z]   ✓ 6628: cartridge-gt17-144b.jpg → Supabase (162084 bytes)
[2026-08-18T22:49:29.713Z]   ✓ 6628: cartridge-gt17-144b.jpg → Supabase (19256 bytes)
[2026-08-18T22:49:30.385Z]   ✓ 3291: cartridge-bw-00-0115.jpg → Supabase (80723 bytes)
[2026-08-18T22:49:30.899Z]   ✓ 3291: cartridge-bw-00-0115.jpg → Supabase (17630 bytes)
[2026-08-18T22:49:31.538Z]   ✓ 3292: cartridge-bw-00-0029.jpg → Supabase (63078 bytes)
[2026-08-18T22:49:32.032Z]   ✓ 3292: cartridge-bw-00-0029.jpg → Supabase (18594 bytes)
[2026-08-18T22:49:32.429Z] Progress: 210/361 processed, 1 skipped, 1 failures
[2026-08-18T22:49:32.655Z]   ✓ 3293: cartridge-bw-00-0055.jpg → Supabase (67352 bytes)
[2026-08-18T22:49:33.137Z]   ✓ 3293: cartridge-bw-00-0055.jpg → Supabase (15292 bytes)
[2026-08-18T22:49:33.742Z]   ✓ 3294: cartridge-ih-00-0032.jpg → Supabase (67723 bytes)
[2026-08-18T22:49:34.234Z]   ✓ 3294: cartridge-ih-00-0032.jpg → Supabase (17531 bytes)
[2026-08-18T22:49:34.867Z]   ✓ 3296: cartridge-bw-00-0110.jpg → Supabase (75138 bytes)
[2026-08-18T22:49:35.350Z]   ✓ 3296: cartridge-bw-00-0110.jpg → Supabase (19880 bytes)
[2026-08-18T22:49:35.991Z]   ✓ 3298: cartridge-mh-00-0031.jpg → Supabase (76381 bytes)
[2026-08-18T22:49:36.471Z]   ✓ 3298: cartridge-mh-00-0031.jpg → Supabase (17826 bytes)
[2026-08-18T22:49:37.142Z]   ✓ 3316: cartridge-ga-00-0011.jpg → Supabase (79179 bytes)
[2026-08-18T22:49:37.667Z]   ✓ 3316: cartridge-ga-00-0011.jpg → Supabase (16000 bytes)
[2026-08-18T22:49:38.089Z] Refreshing browser session...
[2026-08-18T22:49:38.628Z] Session refreshed.
[2026-08-18T22:49:38.858Z]   ✓ 3351: cartridge-bw-00-0123.jpg → Supabase (82867 bytes)
[2026-08-18T22:49:39.332Z]   ✓ 3351: cartridge-bw-00-0123.jpg → Supabase (18793 bytes)
[2026-08-18T22:49:40.087Z]   ✓ 3383: cartridge-mh-00-0045.jpg → Supabase (74790 bytes)
[2026-08-18T22:49:40.572Z]   ✓ 3383: cartridge-mh-00-0045.jpg → Supabase (17256 bytes)
[2026-08-18T22:49:41.190Z]   ✓ 3384: cartridge-ih-00-0005.jpg → Supabase (70277 bytes)
[2026-08-18T22:49:41.693Z]   ✓ 3384: cartridge-ih-00-0005.jpg → Supabase (17324 bytes)
[2026-08-18T22:49:42.335Z]   ✓ 3385: cartridge-ih-00-0007.jpg → Supabase (88128 bytes)
[2026-08-18T22:49:42.812Z]   ✓ 3385: cartridge-ih-00-0007.jpg → Supabase (18036 bytes)
[2026-08-18T22:49:43.435Z]   ✓ 341: cartridge-ga-00-0173.jpg → Supabase (105511 bytes)
[2026-08-18T22:49:43.901Z]   ✓ 341: cartridge-ga-00-0173.jpg → Supabase (19811 bytes)
[2026-08-18T22:49:44.289Z] Progress: 220/361 processed, 1 skipped, 1 failures
[2026-08-18T22:49:44.955Z]   ✓ 348: cartridge-ga-00-0013.jpg → Supabase (143281 bytes)
[2026-08-18T22:49:45.439Z]   ✓ 348: cartridge-ga-00-0013.jpg → Supabase (26862 bytes)
[2026-08-18T22:49:46.062Z]   ✓ 3517: cartridge-bw-00-0001.jpg → Supabase (77177 bytes)
[2026-08-18T22:49:46.550Z]   ✓ 3517: cartridge-bw-00-0001.jpg → Supabase (15458 bytes)
[2026-08-18T22:49:47.165Z]   ✓ 3518: cartridge-ga-00-0002.jpg → Supabase (71456 bytes)
[2026-08-18T22:49:47.650Z]   ✓ 3518: cartridge-ga-00-0002.jpg → Supabase (16576 bytes)
[2026-08-18T22:49:48.224Z]   ✓ 3519: cartridge-ga-00-0004.jpg → Supabase (64658 bytes)
[2026-08-18T22:49:48.695Z]   ✓ 3519: cartridge-ga-00-0004.jpg → Supabase (14026 bytes)
[2026-08-18T22:49:49.306Z]   ✓ 3520: cartridge-ga-00-0024.jpg → Supabase (67020 bytes)
[2026-08-18T22:49:49.784Z]   ✓ 3520: cartridge-ga-00-0024.jpg → Supabase (16386 bytes)
[2026-08-18T22:49:50.419Z]   ✓ 3521: cartridge-bw-00-0116.jpg → Supabase (67110 bytes)
[2026-08-18T22:49:50.899Z]   ✓ 3521: cartridge-bw-00-0116.jpg → Supabase (16824 bytes)
[2026-08-18T22:49:51.591Z]   ✓ 3522: cartridge-bw-00-0117.jpg → Supabase (159266 bytes)
[2026-08-18T22:49:52.073Z]   ✓ 3522: cartridge-bw-00-0117.jpg → Supabase (17434 bytes)
[2026-08-18T22:49:52.695Z]   ✓ 3523: cartridge-bw-00-0121.jpg → Supabase (68575 bytes)
[2026-08-18T22:49:53.198Z]   ✓ 3523: cartridge-bw-00-0121.jpg → Supabase (12722 bytes)
[2026-08-18T22:49:54.072Z]   ✓ 3524: cartridge-bw-00-0030.jpg → Supabase (68829 bytes)
[2026-08-18T22:49:54.670Z]   ✓ 3524: cartridge-bw-00-0030.jpg → Supabase (16819 bytes)
[2026-08-18T22:49:55.296Z]   ✓ 3525: cartridge-ga-00-0080.jpg → Supabase (90436 bytes)
[2026-08-18T22:49:55.768Z]   ✓ 3525: cartridge-ga-00-0080.jpg → Supabase (21755 bytes)
[2026-08-18T22:49:56.155Z] Progress: 230/361 processed, 1 skipped, 1 failures
[2026-08-18T22:49:56.363Z]   ✓ 3526: cartridge-ga-00-0143.jpg → Supabase (62752 bytes)
[2026-08-18T22:49:56.849Z]   ✓ 3526: cartridge-ga-00-0143.jpg → Supabase (13894 bytes)
[2026-08-18T22:49:57.430Z]   ✓ 3527: cartridge-ga-00-0144.jpg → Supabase (61348 bytes)
[2026-08-18T22:49:57.895Z]   ✓ 3527: cartridge-ga-00-0144.jpg → Supabase (16326 bytes)
[2026-08-18T22:49:58.548Z]   ✓ 355: cartridge-bw-00-0097.jpg → Supabase (142683 bytes)
[2026-08-18T22:49:59.025Z]   ✓ 355: cartridge-bw-00-0097.jpg → Supabase (25669 bytes)
[2026-08-18T22:49:59.641Z]   ✓ 3553: cartridge-bw-00-0012.jpg → Supabase (68776 bytes)
[2026-08-18T22:50:00.149Z]   ✓ 3553: cartridge-bw-00-0012.jpg → Supabase (15608 bytes)
[2026-08-18T22:50:00.878Z]   ✓ 3556: cartridge-co-00-0001.jpg → Supabase (79892 bytes)
[2026-08-18T22:50:01.400Z]   ✓ 3556: cartridge-co-00-0001.jpg → Supabase (20739 bytes)
[2026-08-18T22:50:02.027Z]   ✓ 3558: cartridge-ga-00-0025.jpg → Supabase (67159 bytes)
[2026-08-18T22:50:02.512Z]   ✓ 3558: cartridge-ga-00-0025.jpg → Supabase (16566 bytes)
[2026-08-18T22:50:03.098Z]   ✓ 3559: cartridge-bw-00-0089.jpg → Supabase (59861 bytes)
[2026-08-18T22:50:03.575Z]   ✓ 3559: cartridge-bw-00-0089.jpg → Supabase (16642 bytes)
[2026-08-18T22:50:04.210Z]   ✓ 356: cartridge-bw-00-0006.jpg → Supabase (112516 bytes)
[2026-08-18T22:50:04.703Z]   ✓ 356: cartridge-bw-00-0006.jpg → Supabase (21029 bytes)
[2026-08-18T22:50:05.281Z]   ✓ 3560: cartridge-bw-00-0111.jpg → Supabase (55858 bytes)
[2026-08-18T22:50:05.843Z]   ✓ 3560: cartridge-bw-00-0111.jpg → Supabase (18533 bytes)
[2026-08-18T22:50:06.512Z]   ✓ 3561: cartridge-bw-00-0114.jpg → Supabase (65825 bytes)
[2026-08-18T22:50:07.031Z]   ✓ 3561: cartridge-bw-00-0114.jpg → Supabase (16751 bytes)
[2026-08-18T22:50:07.494Z] Progress: 240/361 processed, 1 skipped, 1 failures
[2026-08-18T22:50:07.761Z]   ✓ 3566: cartridge-ga-00-0204.jpg → Supabase (59412 bytes)
[2026-08-18T22:50:08.249Z]   ✓ 3566: cartridge-ga-00-0204.jpg → Supabase (12893 bytes)
[2026-08-18T22:50:08.880Z]   ✓ 357: cartridge-to-00-0001.jpg → Supabase (108724 bytes)
[2026-08-18T22:50:09.360Z]   ✓ 357: cartridge-to-00-0001.jpg → Supabase (21881 bytes)
[2026-08-18T22:50:10.182Z]   ✓ 3570: cartridge-bw-00-0003.jpg → Supabase (71937 bytes)
[2026-08-18T22:50:10.651Z]   ✓ 3570: cartridge-bw-00-0003.jpg → Supabase (16970 bytes)
[2026-08-18T22:50:11.287Z]   ✓ 358: cartridge-ga-00-0068.jpg → Supabase (118955 bytes)
[2026-08-18T22:50:11.767Z]   ✓ 358: cartridge-ga-00-0068.jpg → Supabase (22568 bytes)
[2026-08-18T22:50:12.398Z]   ✓ 3580: cartridge-bm-00-0001.jpg → Supabase (72953 bytes)
[2026-08-18T22:50:12.906Z]   ✓ 3580: cartridge-bm-00-0001.jpg → Supabase (16115 bytes)
[2026-08-18T22:50:13.513Z]   ✓ 3581: cartridge-ga-00-0221.jpg → Supabase (64357 bytes)
[2026-08-18T22:50:14.038Z]   ✓ 3581: cartridge-ga-00-0221.jpg → Supabase (16628 bytes)
[2026-08-18T22:50:14.810Z]   ✓ 3585: cartridge-bw-00-0061.jpg → Supabase (71762 bytes)
[2026-08-18T22:50:15.391Z]   ✓ 3585: cartridge-bw-00-0061.jpg → Supabase (14335 bytes)
[2026-08-18T22:50:16.036Z]   ✓ 359: cartridge-ga-00-0061.jpg → Supabase (123165 bytes)
[2026-08-18T22:50:16.515Z]   ✓ 359: cartridge-ga-00-0061.jpg → Supabase (20715 bytes)
[2026-08-18T22:50:17.255Z]   ✓ 3591: cartridge-ga-00-0147.jpg → Supabase (64985 bytes)
[2026-08-18T22:50:17.757Z]   ✓ 3591: cartridge-ga-00-0147.jpg → Supabase (15070 bytes)
[2026-08-18T22:50:18.999Z]   ✓ 9029: wastegate-valve-bw-49-0019.jpg → Supabase (92122 bytes)
[2026-08-18T22:50:19.712Z]   ✓ 9029: wastegate-valve-bw-49-0019.jpg → Supabase (14619 bytes)
[2026-08-18T22:50:20.096Z] Progress: 250/361 processed, 1 skipped, 1 failures
[2026-08-18T22:50:20.346Z]   ✓ 9025: compressor-housing-ga-11-0007.jpg → Supabase (115196 bytes)
[2026-08-18T22:50:20.878Z]   ✓ 9025: compressor-housing-ga-11-0007.jpg → Supabase (15103 bytes)
[2026-08-18T22:50:21.499Z]   ✓ 9023: repair-kit-ga-04-0065.jpg → Supabase (81906 bytes)
[2026-08-18T22:50:22.132Z]   ✓ 9028: turbine-housing-bw-09-0046.jpg → Supabase (125162 bytes)
[2026-08-18T22:50:22.620Z]   ✓ 9028: turbine-housing-bw-09-0046.jpg → Supabase (17604 bytes)
[2026-08-18T22:50:23.258Z]   ✓ 9026: repair-kit-bm-04-0006.jpg → Supabase (69529 bytes)
[2026-08-18T22:50:24.117Z]   ✓ 9021: compressor-plate-ga-08-0091.jpg → Supabase (182370 bytes)
[2026-08-18T22:50:24.613Z]   ✓ 9021: compressor-plate-ga-08-0091.jpg → Supabase (16710 bytes)
[2026-08-18T22:50:25.240Z]   ✓ 9019: compressor-wheel-ga-03-0183.jpg → Supabase (79762 bytes)
[2026-08-18T22:50:25.736Z]   ✓ 9019: compressor-wheel-ga-03-0183.jpg → Supabase (13932 bytes)
[2026-08-18T22:50:26.301Z]   ✓ 9018: shaft-and-wheel-ga-02-0191.jpg → Supabase (55526 bytes)
[2026-08-18T22:50:26.820Z]   ✓ 9018: shaft-and-wheel-ga-02-0191.jpg → Supabase (9646 bytes)
[2026-08-18T22:50:27.393Z]   ✓ 9017: compressor-wheel-mh-03-0075.jpg → Supabase (63343 bytes)
[2026-08-18T22:50:27.920Z]   ✓ 9017: compressor-wheel-mh-03-0075.jpg → Supabase (12959 bytes)
[2026-08-18T22:50:28.486Z]   ✓ 9014: vnt-nozzle-cage-ga-07-0020.jpg → Supabase (53953 bytes)
[2026-08-18T22:50:29.120Z]   ✓ 9013: nozzle-ring-assembly-ga-06-0072.jpg → Supabase (126096 bytes)
[2026-08-18T22:50:29.605Z]   ✓ 9013: nozzle-ring-assembly-ga-06-0072.jpg → Supabase (16768 bytes)
[2026-08-18T22:50:30.037Z] Progress: 260/361 processed, 1 skipped, 1 failures
[2026-08-18T22:50:30.353Z]   ✓ 9012: repair-kit-ga-04-0064.jpg → Supabase (82675 bytes)
[2026-08-18T22:50:31.104Z]   ✓ 9011: heat-shield-ga-05-0041.jpg → Supabase (127274 bytes)
[2026-08-18T22:50:31.611Z]   ✓ 9011: heat-shield-ga-05-0041.jpg → Supabase (17250 bytes)
[2026-08-18T22:50:32.232Z]   ✓ 9010: bearing-housing-ga-01-0225.jpg → Supabase (90007 bytes)
[2026-08-18T22:50:32.705Z]   ✓ 9010: bearing-housing-ga-01-0225.jpg → Supabase (15083 bytes)
[2026-08-18T22:50:33.332Z]   ✓ 9009: compressor-wheel-ga-03-0182.jpg → Supabase (90207 bytes)
[2026-08-18T22:50:33.806Z]   ✓ 9009: compressor-wheel-ga-03-0182.jpg → Supabase (14413 bytes)
[2026-08-18T22:50:34.461Z]   ✓ 9007: compressor-plate-to-08-0006.jpg → Supabase (117019 bytes)
[2026-08-18T22:50:34.964Z]   ✓ 9007: compressor-plate-to-08-0006.jpg → Supabase (21222 bytes)
[2026-08-18T22:50:35.618Z]   ✓ 9006: bearing-housing-to-01-0010.jpg → Supabase (105059 bytes)
[2026-08-18T22:50:36.115Z]   ✓ 9006: bearing-housing-to-01-0010.jpg → Supabase (16401 bytes)
[2026-08-18T22:50:36.762Z]   ✓ 8984: actuator-49s80-18485.jpg → Supabase (91267 bytes)
[2026-08-18T22:50:37.275Z]   ✓ 8984: actuator-49s80-18485.jpg → Supabase (17339 bytes)
[2026-08-18T22:50:37.669Z] Refreshing browser session...
[2026-08-18T22:50:38.279Z] Session refreshed.
[2026-08-18T22:50:38.656Z]   ✓ 8983: wastegate-valve-mh-49-0010.jpg → Supabase (90483 bytes)
[2026-08-18T22:50:39.258Z]   ✓ 8982: shaft-and-wheel-ga-02-0190.jpg → Supabase (60071 bytes)
[2026-08-18T22:50:39.741Z]   ✓ 8982: shaft-and-wheel-ga-02-0190.jpg → Supabase (10872 bytes)
[2026-08-18T22:50:40.359Z]   ✓ 8981: turbine-housing-bw-09-0045.jpg → Supabase (86210 bytes)
[2026-08-18T22:50:40.848Z]   ✓ 8981: turbine-housing-bw-09-0045.jpg → Supabase (15136 bytes)
[2026-08-18T22:50:41.232Z] Progress: 270/361 processed, 1 skipped, 1 failures
[2026-08-18T22:50:41.468Z]   ✓ 8980: repair-kit-bw-04-0083.jpg → Supabase (95864 bytes)
[2026-08-18T22:50:42.005Z]   ✓ 8980: repair-kit-bw-04-0083.jpg → Supabase (16408 bytes)
[2026-08-18T22:50:42.834Z]   ✓ 8979: compressor-plate-bw-08-0082.jpg → Supabase (70765 bytes)
[2026-08-18T22:50:43.471Z]   ✓ 8979: compressor-plate-bw-08-0082.jpg → Supabase (16485 bytes)
[2026-08-18T22:50:44.332Z]   ✓ 8978: bearing-housing-bw-01-0148.jpg → Supabase (97365 bytes)
[2026-08-18T22:50:44.822Z]   ✓ 8978: bearing-housing-bw-01-0148.jpg → Supabase (15412 bytes)
[2026-08-18T22:50:45.651Z]   ✓ 8977: repair-kit-bw-04-0082.jpg → Supabase (84933 bytes)
[2026-08-18T22:50:46.130Z]   ✓ 8977: repair-kit-bw-04-0082.jpg → Supabase (19697 bytes)
[2026-08-18T22:50:46.776Z]   ✓ 8974: compressor-wheel-bw-03-0195.jpg → Supabase (103840 bytes)
[2026-08-18T22:50:47.246Z]   ✓ 8974: compressor-wheel-bw-03-0195.jpg → Supabase (11697 bytes)
[2026-08-18T22:50:47.928Z]   ✓ 8971: wastegate-valve-bm-49-0002.jpg → Supabase (96973 bytes)
[2026-08-18T22:50:48.551Z]   ✓ 8976: compressor-plate-bw-08-0081.jpg → Supabase (88278 bytes)
[2026-08-18T22:50:49.030Z]   ✓ 8976: compressor-plate-bw-08-0081.jpg → Supabase (21301 bytes)
[2026-08-18T22:50:49.653Z]   ✓ 8975: bearing-housing-bw-01-0147.jpg → Supabase (88186 bytes)
[2026-08-18T22:50:50.181Z]   ✓ 8975: bearing-housing-bw-01-0147.jpg → Supabase (16345 bytes)
[2026-08-18T22:50:50.770Z]   ✓ 8973: shaft-and-wheel-bw-02-0143.jpg → Supabase (52660 bytes)
[2026-08-18T22:50:51.372Z]   ✓ 8973: shaft-and-wheel-bw-02-0143.jpg → Supabase (11278 bytes)
[2026-08-18T22:50:52.187Z]   ✓ 8966: heat-shield-to-05-0003.jpg → Supabase (83618 bytes)
[2026-08-18T22:50:52.583Z] Progress: 280/361 processed, 1 skipped, 1 failures
[2026-08-18T22:50:52.777Z]   ✓ 8969: actuator-bw-10-0049.jpg → Supabase (61313 bytes)
[2026-08-18T22:50:53.461Z]   ✓ 8969: actuator-bw-10-0049.jpg → Supabase (11168 bytes)
[2026-08-18T22:50:54.471Z]   ✓ 8968: recirculation-valve-el-bw-12-0001.jpg → Supabase (61380 bytes)
[2026-08-18T22:50:55.008Z]   ✓ 8968: recirculation-valve-el-bw-12-0001.jpg → Supabase (11670 bytes)
[2026-08-18T22:50:55.665Z]   ✓ 8967: repair-kit-to-04-0011.jpg → Supabase (77930 bytes)
[2026-08-18T22:50:56.277Z]   ✓ 8965: compressor-wheel-to-03-0014.jpg → Supabase (79615 bytes)
[2026-08-18T22:50:56.752Z]   ✓ 8965: compressor-wheel-to-03-0014.jpg → Supabase (11262 bytes)
[2026-08-18T22:50:57.358Z]   ✓ 8961: compressor-wheel-bw-03-0194.jpg → Supabase (77973 bytes)
[2026-08-18T22:50:57.826Z]   ✓ 8961: compressor-wheel-bw-03-0194.jpg → Supabase (11022 bytes)
[2026-08-18T22:50:58.392Z]   ✓ 8960: shaft-and-wheel-bw-02-0142.jpg → Supabase (48921 bytes)
[2026-08-18T22:50:59.016Z]   ✓ 8960: shaft-and-wheel-bw-02-0142.jpg → Supabase (9237 bytes)
[2026-08-18T22:50:59.675Z]   ✓ 8953: actuator-ga-10-0078.jpg → Supabase (77109 bytes)
[2026-08-18T22:51:00.169Z]   ✓ 8953: actuator-ga-10-0078.jpg → Supabase (14454 bytes)
[2026-08-18T22:51:00.781Z]   ✓ 8949: compressor-wheel-ga-03-0181.jpg → Supabase (73895 bytes)
[2026-08-18T22:51:01.269Z]   ✓ 8949: compressor-wheel-ga-03-0181.jpg → Supabase (11381 bytes)
[2026-08-18T22:51:01.906Z]   ✓ 8951: heat-shield-ga-05-0040.jpg → Supabase (79581 bytes)
[2026-08-18T22:51:02.392Z]   ✓ 8951: heat-shield-ga-05-0040.jpg → Supabase (17066 bytes)
[2026-08-18T22:51:02.971Z]   ✓ 8948: shaft-and-wheel-ga-02-0189.jpg → Supabase (51729 bytes)
[2026-08-18T22:51:03.491Z]   ✓ 8948: shaft-and-wheel-ga-02-0189.jpg → Supabase (10502 bytes)
[2026-08-18T22:51:03.896Z] Progress: 290/361 processed, 1 skipped, 1 failures
[2026-08-18T22:51:04.139Z]   ✓ 8946: vnt-nozzle-cage-ga-07-0019.jpg → Supabase (75019 bytes)
[2026-08-18T22:51:04.626Z]   ✓ 8946: vnt-nozzle-cage-ga-07-0019.jpg → Supabase (13610 bytes)
[2026-08-18T22:51:05.793Z]   ✓ 8945: nozzle-ring-assembly-ga-06-0070.jpg → Supabase (102985 bytes)
[2026-08-18T22:51:06.557Z]   ✓ 8945: nozzle-ring-assembly-ga-06-0070.jpg → Supabase (15401 bytes)
[2026-08-18T22:51:07.192Z]   ✓ 8941: repair-kit-ga-04-0062.jpg → Supabase (65104 bytes)
[2026-08-18T22:51:07.880Z]   ✓ 8944: heat-shield-ga-05-0039.jpg → Supabase (86444 bytes)
[2026-08-18T22:51:08.369Z]   ✓ 8944: heat-shield-ga-05-0039.jpg → Supabase (13802 bytes)
[2026-08-18T22:51:09.192Z]   ✓ 8943: bearing-housing-ga-01-0223.jpg → Supabase (115306 bytes)
[2026-08-18T22:51:09.691Z]   ✓ 8943: bearing-housing-ga-01-0223.jpg → Supabase (19206 bytes)
[2026-08-18T22:51:10.348Z]   ✓ 8067: actuator-bw-10-0036.jpg → Supabase (93681 bytes)
[2026-08-18T22:51:10.883Z]   ✓ 8067: actuator-bw-10-0036.jpg → Supabase (7788 bytes)
[2026-08-18T22:51:11.559Z]   ✓ 8063: actuator-ih-10-0002.jpg → Supabase (100760 bytes)
[2026-08-18T22:51:12.050Z]   ✓ 8063: actuator-ih-10-0002.jpg → Supabase (15636 bytes)
[2026-08-18T22:51:12.692Z]   ✓ 8062: actuator-ga-10-0061.jpg → Supabase (76781 bytes)
[2026-08-18T22:51:13.156Z]   ✓ 8062: actuator-ga-10-0061.jpg → Supabase (15335 bytes)
[2026-08-18T22:51:13.796Z]   ✓ 8061: turbine-housing-co-09-0003.jpg → Supabase (97836 bytes)
[2026-08-18T22:51:14.280Z]   ✓ 8061: turbine-housing-co-09-0003.jpg → Supabase (14178 bytes)
[2026-08-18T22:51:15.111Z]   ✓ 8060: wastegate-valve-co-49-0003.jpg → Supabase (169931 bytes)
[2026-08-18T22:51:15.508Z] Progress: 300/361 processed, 1 skipped, 1 failures
[2026-08-18T22:51:15.747Z]   ✓ 8939: bearing-housing-ga-01-0222.jpg → Supabase (114675 bytes)
[2026-08-18T22:51:16.253Z]   ✓ 8939: bearing-housing-ga-01-0222.jpg → Supabase (19170 bytes)
[2026-08-18T22:51:16.901Z]   ✓ 8940: heat-shield-ga-05-0038.jpg → Supabase (115554 bytes)
[2026-08-18T22:51:17.390Z]   ✓ 8940: heat-shield-ga-05-0038.jpg → Supabase (19246 bytes)
[2026-08-18T22:51:18.027Z]   ✓ 8938: compressor-wheel-ga-03-0180.jpg → Supabase (93358 bytes)
[2026-08-18T22:51:18.501Z]   ✓ 8938: compressor-wheel-ga-03-0180.jpg → Supabase (11889 bytes)
[2026-08-18T22:51:19.142Z]   ✓ 8935: vnt-nozzle-cage-ga-07-0018.jpg → Supabase (97947 bytes)
[2026-08-18T22:51:19.615Z]   ✓ 8935: vnt-nozzle-cage-ga-07-0018.jpg → Supabase (17822 bytes)
[2026-08-18T22:51:20.209Z]   ✓ 8937: shaft-and-wheel-ga-02-0188.jpg → Supabase (51738 bytes)
[2026-08-18T22:51:20.704Z]   ✓ 8937: shaft-and-wheel-ga-02-0188.jpg → Supabase (9979 bytes)
[2026-08-18T22:51:21.360Z]   ✓ 8934: bearing-housing-ga-01-0221.jpg → Supabase (112042 bytes)
[2026-08-18T22:51:21.845Z]   ✓ 8934: bearing-housing-ga-01-0221.jpg → Supabase (17657 bytes)
[2026-08-18T22:51:22.588Z]   ✓ 8933: bearing-housing-bw-01-0145.jpg → Supabase (100895 bytes)
[2026-08-18T22:51:23.151Z]   ✓ 8933: bearing-housing-bw-01-0145.jpg → Supabase (16817 bytes)
[2026-08-18T22:51:23.807Z]   ✓ 8930: compressor-plate-to-08-0005.jpg → Supabase (76407 bytes)
[2026-08-18T22:51:24.285Z]   ✓ 8930: compressor-plate-to-08-0005.jpg → Supabase (16934 bytes)
[2026-08-18T22:51:24.849Z]   ✓ 8925: piston-ring-pr-37-0071.jpg → Supabase (43596 bytes)
[2026-08-18T22:51:25.469Z]   ✓ 8924: heat-shield-bw-05-0046.jpg → Supabase (89556 bytes)
[2026-08-18T22:51:26.149Z]   ✓ 8924: heat-shield-bw-05-0046.jpg → Supabase (17570 bytes)
[2026-08-18T22:51:26.544Z] Progress: 310/361 processed, 1 skipped, 1 failures
[2026-08-18T22:51:26.806Z]   ✓ 8923: compressor-plate-bw-08-0080.jpg → Supabase (81140 bytes)
[2026-08-18T22:51:27.281Z]   ✓ 8923: compressor-plate-bw-08-0080.jpg → Supabase (25225 bytes)
[2026-08-18T22:51:27.898Z]   ✓ 8922: compressor-wheel-bw-03-0193.jpg → Supabase (73431 bytes)
[2026-08-18T22:51:28.387Z]   ✓ 8922: compressor-wheel-bw-03-0193.jpg → Supabase (13182 bytes)
[2026-08-18T22:51:29.041Z]   ✓ 5398: turbo-871200-0003.jpg → Supabase (94536 bytes)
[2026-08-18T22:51:29.512Z]   ✓ 5398: turbo-871200-0003.jpg → Supabase (17294 bytes)
[2026-08-18T22:51:30.274Z]   ✓ 8919: nozzle-ring-assembly-ga-06-0069.jpg → Supabase (106475 bytes)
[2026-08-18T22:51:30.744Z]   ✓ 8919: nozzle-ring-assembly-ga-06-0069.jpg → Supabase (18781 bytes)
[2026-08-18T22:51:31.459Z]   ✓ 8918: bearing-housing-ga-01-0220.jpg → Supabase (135985 bytes)
[2026-08-18T22:51:31.940Z]   ✓ 8918: bearing-housing-ga-01-0220.jpg → Supabase (21053 bytes)
[2026-08-18T22:51:32.527Z]   ✓ 8917: compressor-wheel-ga-03-0179.jpg → Supabase (60055 bytes)
[2026-08-18T22:51:33.008Z]   ✓ 8917: compressor-wheel-ga-03-0179.jpg → Supabase (11693 bytes)
[2026-08-18T22:51:33.575Z]   ✓ 8916: vnt-outer-gasket-ga-50-0016.jpg → Supabase (54496 bytes)
[2026-08-18T22:51:34.187Z]   ✓ 8864: actuator-bw-10-0045.jpg → Supabase (67232 bytes)
[2026-08-18T22:51:34.665Z]   ✓ 8864: actuator-bw-10-0045.jpg → Supabase (13926 bytes)
[2026-08-18T22:51:35.278Z]   ✓ 8915: vnt-nozzle-cage-ga-07-0017.jpg → Supabase (70527 bytes)
[2026-08-18T22:51:35.862Z]   ✓ 8915: vnt-nozzle-cage-ga-07-0017.jpg → Supabase (12405 bytes)
[2026-08-18T22:51:36.484Z]   ✓ 8914: bearing-housing-ga-01-0219.jpg → Supabase (98526 bytes)
[2026-08-18T22:51:37.084Z]   ✓ 8914: bearing-housing-ga-01-0219.jpg → Supabase (19019 bytes)
[2026-08-18T22:51:37.474Z] Progress: 320/361 processed, 1 skipped, 1 failures
[2026-08-18T22:51:37.701Z]   ✓ 8913: compressor-wheel-ga-03-0178.jpg → Supabase (82728 bytes)
[2026-08-18T22:51:38.197Z]   ✓ 8913: compressor-wheel-ga-03-0178.jpg → Supabase (11375 bytes)
[2026-08-18T22:51:38.584Z] Refreshing browser session...
[2026-08-18T22:51:39.121Z] Session refreshed.
[2026-08-18T22:51:39.293Z]   ✓ 8895: actuator-ga-10-0077.jpg → Supabase (53874 bytes)
[2026-08-18T22:51:39.767Z]   ✓ 8895: actuator-ga-10-0077.jpg → Supabase (10480 bytes)
[2026-08-18T22:51:40.379Z]   ✓ 8891: nozzle-ring-assembly-ga-06-0068.jpg → Supabase (93648 bytes)
[2026-08-18T22:51:40.883Z]   ✓ 8891: nozzle-ring-assembly-ga-06-0068.jpg → Supabase (14138 bytes)
[2026-08-18T22:51:41.572Z]   ✓ 8893: turbine-housing-ga-09-0034.jpg → Supabase (108269 bytes)
[2026-08-18T22:51:42.048Z]   ✓ 8893: turbine-housing-ga-09-0034.jpg → Supabase (19509 bytes)
[2026-08-18T22:51:42.614Z]   ✓ 8884: vnt-outer-gasket-bw-50-0010.jpg → Supabase (49502 bytes)
[2026-08-18T22:51:43.274Z]   ✓ 8876: actuator-bw-10-0047.jpg → Supabase (97350 bytes)
[2026-08-18T22:51:43.753Z]   ✓ 8876: actuator-bw-10-0047.jpg → Supabase (15367 bytes)
[2026-08-18T22:51:44.328Z]   ✓ 8877: actuator-bw-10-0048.jpg → Supabase (56352 bytes)
[2026-08-18T22:51:44.890Z]   ✓ 8877: actuator-bw-10-0048.jpg → Supabase (11658 bytes)
[2026-08-18T22:51:45.511Z]   ✓ 8879: actuator-to-10-0004.jpg → Supabase (69948 bytes)
[2026-08-18T22:51:46.172Z]   ✓ 8872: actuator-bw-10-0046.jpg → Supabase (63738 bytes)
[2026-08-18T22:51:46.649Z]   ✓ 8872: actuator-bw-10-0046.jpg → Supabase (11914 bytes)
[2026-08-18T22:51:47.242Z]   ✓ 8874: actuator-ih-10-0017.jpg → Supabase (64315 bytes)
[2026-08-18T22:51:47.722Z]   ✓ 8874: actuator-ih-10-0017.jpg → Supabase (13825 bytes)
[2026-08-18T22:51:48.140Z] Progress: 330/361 processed, 1 skipped, 1 failures
[2026-08-18T22:51:48.380Z]   ✓ 8875: actuator-ih-10-0018.jpg → Supabase (59458 bytes)
[2026-08-18T22:51:49.046Z]   ✓ 8871: heat-shield-bw-05-0045.jpg → Supabase (88253 bytes)
[2026-08-18T22:51:49.565Z]   ✓ 8871: heat-shield-bw-05-0045.jpg → Supabase (12684 bytes)
[2026-08-18T22:51:50.141Z]   ✓ 8869: compressor-wheel-bw-03-0192.jpg → Supabase (60859 bytes)
[2026-08-18T22:51:50.626Z]   ✓ 8869: compressor-wheel-bw-03-0192.jpg → Supabase (10704 bytes)
[2026-08-18T22:51:51.288Z]   ✓ 8870: compressor-plate-bw-08-0079.jpg → Supabase (135817 bytes)
[2026-08-18T22:51:51.764Z]   ✓ 8870: compressor-plate-bw-08-0079.jpg → Supabase (27838 bytes)
[2026-08-18T22:51:52.391Z]   ✓ 8868: shaft-and-wheel-bw-02-0140.jpg → Supabase (49025 bytes)
[2026-08-18T22:51:52.929Z]   ✓ 8868: shaft-and-wheel-bw-02-0140.jpg → Supabase (10127 bytes)
[2026-08-18T22:51:53.628Z]   ✓ 8867: bearing-housing-bw-01-0144.jpg → Supabase (102254 bytes)
[2026-08-18T22:51:54.139Z]   ✓ 8867: bearing-housing-bw-01-0144.jpg → Supabase (18058 bytes)
[2026-08-18T22:51:54.738Z]   ✓ 8859: shaft-and-wheel-ga-02-0187.jpg → Supabase (55250 bytes)
[2026-08-18T22:51:55.267Z]   ✓ 8859: shaft-and-wheel-ga-02-0187.jpg → Supabase (9972 bytes)
[2026-08-18T22:51:56.060Z]   ✓ 8860: compressor-wheel-ga-03-0177.jpg → Supabase (95458 bytes)
[2026-08-18T22:51:56.531Z]   ✓ 8860: compressor-wheel-ga-03-0177.jpg → Supabase (12789 bytes)
[2026-08-18T22:51:57.196Z]   ✓ 8861: bearing-housing-ga-01-0218.jpg → Supabase (137283 bytes)
[2026-08-18T22:51:57.719Z]   ✓ 8861: bearing-housing-ga-01-0218.jpg → Supabase (19996 bytes)
[2026-08-18T22:51:58.365Z]   ✓ 8851: heat-shield-ga-05-0037.jpg → Supabase (108177 bytes)
[2026-08-18T22:51:58.853Z]   ✓ 8851: heat-shield-ga-05-0037.jpg → Supabase (19952 bytes)
[2026-08-18T22:51:59.240Z] Progress: 340/361 processed, 1 skipped, 1 failures
[2026-08-18T22:51:59.512Z]   ✓ 8849: bearing-housing-ga-01-0217.jpg → Supabase (130774 bytes)
[2026-08-18T22:52:00.036Z]   ✓ 8849: bearing-housing-ga-01-0217.jpg → Supabase (23953 bytes)
[2026-08-18T22:52:00.602Z]   ✓ 8848: shaft-and-wheel-ga-02-0186.jpg → Supabase (51440 bytes)
[2026-08-18T22:52:01.068Z]   ✓ 8848: shaft-and-wheel-ga-02-0186.jpg → Supabase (9982 bytes)
[2026-08-18T22:52:01.711Z]   ✓ 8845: nozzle-ring-assembly-ga-06-0067.jpg → Supabase (122201 bytes)
[2026-08-18T22:52:02.189Z]   ✓ 8845: nozzle-ring-assembly-ga-06-0067.jpg → Supabase (17373 bytes)
[2026-08-18T22:52:02.843Z]   ✓ 8844: compressor-plate-ga-08-0089.jpg → Supabase (106796 bytes)
[2026-08-18T22:52:03.333Z]   ✓ 8844: compressor-plate-ga-08-0089.jpg → Supabase (18128 bytes)
[2026-08-18T22:52:04.068Z]   ✓ 8843: bearing-housing-ga-01-0216.jpg → Supabase (137842 bytes)
[2026-08-18T22:52:04.614Z]   ✓ 8843: bearing-housing-ga-01-0216.jpg → Supabase (22492 bytes)
[2026-08-18T22:52:05.260Z]   ✓ 8842: compressor-wheel-ga-03-0176.jpg → Supabase (88296 bytes)
[2026-08-18T22:52:05.729Z]   ✓ 8842: compressor-wheel-ga-03-0176.jpg → Supabase (13825 bytes)
[2026-08-18T22:52:06.380Z]   ✓ 8840: bearing-housing-ga-01-0215.jpg → Supabase (135945 bytes)
[2026-08-18T22:52:06.918Z]   ✓ 8840: bearing-housing-ga-01-0215.jpg → Supabase (21117 bytes)
[2026-08-18T22:52:07.483Z]   ✓ 8839: compressor-wheel-mh-03-0074.jpg → Supabase (49941 bytes)
[2026-08-18T22:52:08.136Z]   ✓ 7952: nozzle-ring-assembly-bw-06-0033.jpg → Supabase (107374 bytes)
[2026-08-18T22:52:08.613Z]   ✓ 7952: nozzle-ring-assembly-bw-06-0033.jpg → Supabase (16811 bytes)
[2026-08-18T22:52:09.298Z]   ✓ 7957: nozzle-ring-assembly-ih-06-0011.jpg → Supabase (197539 bytes)
[2026-08-18T22:52:09.772Z]   ✓ 7957: nozzle-ring-assembly-ih-06-0011.jpg → Supabase (20632 bytes)
[2026-08-18T22:52:10.160Z] Progress: 350/361 processed, 1 skipped, 1 failures
[2026-08-18T22:52:10.444Z]   ✓ 7947: actuator-ih-10-0012.jpg → Supabase (207528 bytes)
[2026-08-18T22:52:11.002Z]   ✓ 7947: actuator-ih-10-0012.jpg → Supabase (19636 bytes)
[2026-08-18T22:52:11.642Z]   ✓ 7946: actuator-ga-10-0058.jpg → Supabase (148227 bytes)
[2026-08-18T22:52:12.121Z]   ✓ 7946: actuator-ga-10-0058.jpg → Supabase (14393 bytes)
[2026-08-18T22:52:12.767Z]   ✓ 8836: bearing-housing-ga-01-0213.jpg → Supabase (107054 bytes)
[2026-08-18T22:52:13.240Z]   ✓ 8836: bearing-housing-ga-01-0213.jpg → Supabase (17417 bytes)
[2026-08-18T22:52:13.841Z]   ✓ 8834: shaft-and-wheel-ga-02-0185.jpg → Supabase (50023 bytes)
[2026-08-18T22:52:14.320Z]   ✓ 8834: shaft-and-wheel-ga-02-0185.jpg → Supabase (10562 bytes)
[2026-08-18T22:52:14.966Z]   ✓ 8832: bearing-housing-ih-01-0040.jpg → Supabase (133794 bytes)
[2026-08-18T22:52:15.437Z]   ✓ 8832: bearing-housing-ih-01-0040.jpg → Supabase (18271 bytes)
[2026-08-18T22:52:16.043Z]   ✓ 8833: actuator-ih-10-0016.jpg → Supabase (67256 bytes)
[2026-08-18T22:52:16.519Z]   ✓ 8833: actuator-ih-10-0016.jpg → Supabase (10926 bytes)
[2026-08-18T22:52:17.178Z]   ✓ 8826: heat-shield-ga-05-0036.jpg → Supabase (119423 bytes)
[2026-08-18T22:52:17.645Z]   ✓ 8826: heat-shield-ga-05-0036.jpg → Supabase (19114 bytes)
[2026-08-18T22:52:18.304Z]   ✓ 8825: bearing-housing-ga-01-0211.jpg → Supabase (128032 bytes)
[2026-08-18T22:52:18.818Z]   ✓ 8825: bearing-housing-ga-01-0211.jpg → Supabase (18794 bytes)
[2026-08-18T22:52:19.382Z]   ✓ 8824: vnt-outer-gasket-bw-50-0009.jpg → Supabase (52827 bytes)
[2026-08-18T22:52:20.035Z]   ✓ 8823: nozzle-ring-assembly-bw-06-0040.jpg → Supabase (129497 bytes)
[2026-08-18T22:52:20.507Z]   ✓ 8823: nozzle-ring-assembly-bw-06-0040.jpg → Supabase (19357 bytes)
[2026-08-18T22:52:20.921Z] Progress: 360/361 processed, 1 skipped, 1 failures
[2026-08-18T22:52:21.173Z]   ✓ 8822: bearing-housing-bw-01-0143.jpg → Supabase (128875 bytes)
[2026-08-18T22:52:21.697Z]   ✓ 8822: bearing-housing-bw-01-0143.jpg → Supabase (22929 bytes)
[2026-08-18T22:52:22.118Z] === Done. Processed: 361, Skipped: 1, Failures: 1 ===
[2026-08-18T23:16:19.535Z] === Image mirror starting (Playwright edition) ===
[2026-08-18T23:16:19.767Z] Establishing browser session with turbocentras.com...
[2026-08-18T23:16:20.691Z] Session ready.
[2026-08-18T23:16:20.914Z] Products with turbocentras images: 104
[2026-08-18T23:16:21.634Z]   ✓ 8820: nozzle-ring-assembly-bw-06-0039.jpg → Supabase (126886 bytes)
[2026-08-18T23:16:22.124Z]   ✓ 8820: nozzle-ring-assembly-bw-06-0039.jpg → Supabase (17429 bytes)
[2026-08-18T23:16:22.876Z]   ✓ 8817: bearing-housing-mh-01-0057.jpg → Supabase (108285 bytes)
[2026-08-18T23:16:23.358Z]   ✓ 8817: bearing-housing-mh-01-0057.jpg → Supabase (17529 bytes)
[2026-08-18T23:16:24.013Z]   ✓ 8815: repair-kit-ga-04-0059.jpg → Supabase (79494 bytes)
[2026-08-18T23:16:24.758Z]   ✓ 8814: compressor-plate-ga-08-0088.jpg → Supabase (130905 bytes)
[2026-08-18T23:16:25.247Z]   ✓ 8814: compressor-plate-ga-08-0088.jpg → Supabase (16193 bytes)
[2026-08-18T23:16:25.947Z]   ✓ 8813: bearing-housing-ga-01-0210.jpg → Supabase (128847 bytes)
[2026-08-18T23:16:26.478Z]   ✓ 8813: bearing-housing-ga-01-0210.jpg → Supabase (20896 bytes)
[2026-08-18T23:16:27.151Z]   ✓ 8812: compressor-wheel-ga-03-0175.jpg → Supabase (94582 bytes)
[2026-08-18T23:16:27.755Z]   ✓ 8812: compressor-wheel-ga-03-0175.jpg → Supabase (11806 bytes)
[2026-08-18T23:16:28.414Z]   ✓ 4643: turbo-12641970000-r.jpg → Supabase (122252 bytes)
[2026-08-18T23:16:28.929Z]   ✓ 4643: turbo-12641970000-r.jpg → Supabase (29227 bytes)
[2026-08-18T23:16:29.661Z]   ✓ 8810: nozzle-ring-assembly-ga-06-0066.jpg → Supabase (109584 bytes)
[2026-08-18T23:16:30.266Z]   ✓ 8810: nozzle-ring-assembly-ga-06-0066.jpg → Supabase (13245 bytes)
[2026-08-18T23:16:30.914Z]   ✓ 8811: heat-shield-bw-05-0044.jpg → Supabase (96879 bytes)
[2026-08-18T23:16:31.408Z]   ✓ 8811: heat-shield-bw-05-0044.jpg → Supabase (15250 bytes)
[2026-08-18T23:16:32.072Z]   ✓ 8806: actuator-ga-10-0076.jpg → Supabase (84278 bytes)
[2026-08-18T23:16:32.460Z] Progress: 10/103 processed, 1 skipped, 0 failures
[2026-08-18T23:16:32.663Z]   ✓ 8803: actuator-mh-10-0022.jpg → Supabase (64195 bytes)
[2026-08-18T23:16:33.161Z]   ✓ 8803: actuator-mh-10-0022.jpg → Supabase (11771 bytes)
[2026-08-18T23:16:33.808Z]   ✓ 8804: turbine-housing-mh-09-0021.jpg → Supabase (81885 bytes)
[2026-08-18T23:16:34.299Z]   ✓ 8804: turbine-housing-mh-09-0021.jpg → Supabase (17123 bytes)
[2026-08-18T23:16:34.908Z]   ✓ 8799: wastegate-valve-mh-49-0009.jpg → Supabase (66555 bytes)
[2026-08-18T23:16:35.550Z]   ✓ 8801: actuator-6nw009550-231.jpg → Supabase (120970 bytes)
[2026-08-18T23:16:36.037Z]   ✓ 8801: actuator-6nw009550-231.jpg → Supabase (15534 bytes)
[2026-08-18T23:16:36.729Z]   ✓ 8776: compressor-wheel-ga-03-0174.jpg → Supabase (94744 bytes)
[2026-08-18T23:16:37.403Z]   ✓ 8776: compressor-wheel-ga-03-0174.jpg → Supabase (15598 bytes)
[2026-08-18T23:16:38.014Z]   ✓ 8790: compressor-wheel-bw-03-0191.jpg → Supabase (66373 bytes)
[2026-08-18T23:16:38.495Z]   ✓ 8790: compressor-wheel-bw-03-0191.jpg → Supabase (11142 bytes)
[2026-08-18T23:16:39.127Z]   ✓ 8772: compressor-wheel-ga-03-0173.jpg → Supabase (95959 bytes)
[2026-08-18T23:16:39.644Z]   ✓ 8772: compressor-wheel-ga-03-0173.jpg → Supabase (14012 bytes)
[2026-08-18T23:16:40.312Z]   ✓ 8773: repair-kit-bw-04-0081.jpg → Supabase (87708 bytes)
[2026-08-18T23:16:40.792Z]   ✓ 8773: repair-kit-bw-04-0081.jpg → Supabase (20184 bytes)
[2026-08-18T23:16:41.357Z]   ✓ 8767: actuator-rod-ga-61-0002.jpg → Supabase (52680 bytes)
[2026-08-18T23:16:42.081Z]   ✓ 8767: actuator-rod-ga-61-0002.jpg → Supabase (6086 bytes)
[2026-08-18T23:16:42.747Z]   ✓ 8770: bearing-housing-ga-01-0209.jpg → Supabase (150579 bytes)
[2026-08-18T23:16:43.533Z]   ✓ 8770: bearing-housing-ga-01-0209.jpg → Supabase (19457 bytes)
[2026-08-18T23:16:43.919Z] Progress: 20/103 processed, 1 skipped, 0 failures
[2026-08-18T23:16:44.094Z]   ✓ 8771: shaft-and-wheel-ga-02-0184.jpg → Supabase (48154 bytes)
[2026-08-18T23:16:44.566Z]   ✓ 8771: shaft-and-wheel-ga-02-0184.jpg → Supabase (8168 bytes)
[2026-08-18T23:16:45.196Z]   ✓ 8764: actuator-rod-ga-61-0001.jpg → Supabase (53814 bytes)
[2026-08-18T23:16:45.662Z]   ✓ 8764: actuator-rod-ga-61-0001.jpg → Supabase (6796 bytes)
[2026-08-18T23:16:46.257Z]   ✓ 8765: actuator-rod-mh-61-0001.jpg → Supabase (45285 bytes)
[2026-08-18T23:16:46.774Z]   ✓ 8765: actuator-rod-mh-61-0001.jpg → Supabase (5979 bytes)
[2026-08-18T23:16:47.333Z]   ✓ 8766: actuator-rod-mh-61-0002.jpg → Supabase (46701 bytes)
[2026-08-18T23:16:47.955Z]   ✓ 8766: actuator-rod-mh-61-0002.jpg → Supabase (6199 bytes)
[2026-08-18T23:16:48.695Z]   ✓ 8759: compressor-wheel-ga-03-0172.jpg → Supabase (122589 bytes)
[2026-08-18T23:16:49.193Z]   ✓ 8759: compressor-wheel-ga-03-0172.jpg → Supabase (15237 bytes)
[2026-08-18T23:16:49.860Z]   ✓ 8763: actuator-ga-10-0075.jpg → Supabase (111230 bytes)
[2026-08-18T23:16:50.350Z]   ✓ 8763: actuator-ga-10-0075.jpg → Supabase (11714 bytes)
[2026-08-18T23:16:51.003Z]   ✓ 8758: compressor-plate-ga-08-0087.jpg → Supabase (132299 bytes)
[2026-08-18T23:16:51.485Z]   ✓ 8758: compressor-plate-ga-08-0087.jpg → Supabase (17039 bytes)
[2026-08-18T23:16:52.130Z]   ✓ 8755: wastegate-valve-bw-49-0018.jpg → Supabase (66212 bytes)
[2026-08-18T23:16:52.784Z]   ✓ 8754: wastegate-valve-bw-49-0017.jpg → Supabase (71533 bytes)
[2026-08-18T23:16:53.407Z]   ✓ 8753: wastegate-valve-bw-49-0016.jpg → Supabase (74142 bytes)
[2026-08-18T23:16:53.801Z] Progress: 30/103 processed, 1 skipped, 0 failures
[2026-08-18T23:16:54.053Z]   ✓ 8752: wastegate-valve-bw-49-0015.jpg → Supabase (76958 bytes)
[2026-08-18T23:16:54.667Z]   ✓ 8751: wastegate-valve-bw-49-0014.jpg → Supabase (73822 bytes)
[2026-08-18T23:16:55.421Z]   ✓ 8750: wastegate-valve-bw-49-0013.jpg → Supabase (82835 bytes)
[2026-08-18T23:16:56.087Z]   ✓ 8748: nozzle-ring-assembly-ga-06-0064.jpg → Supabase (115991 bytes)
[2026-08-18T23:16:56.673Z]   ✓ 8748: nozzle-ring-assembly-ga-06-0064.jpg → Supabase (17280 bytes)
[2026-08-18T23:16:57.612Z]   ✓ 8743: cartridge-gt17-074-1.jpg → Supabase (66585 bytes)
[2026-08-18T23:16:58.153Z]   ✓ 8743: cartridge-gt17-074-1.jpg → Supabase (13575 bytes)
[2026-08-18T23:16:58.828Z]   ✓ 8739: bearing-housing-ih-01-0039.jpg → Supabase (121956 bytes)
[2026-08-18T23:16:59.406Z]   ✓ 8739: bearing-housing-ih-01-0039.jpg → Supabase (17996 bytes)
[2026-08-18T23:17:00.119Z]   ✓ 8736: nozzle-ring-assembly-ga-06-0063.jpg → Supabase (140194 bytes)
[2026-08-18T23:17:00.595Z]   ✓ 8736: nozzle-ring-assembly-ga-06-0063.jpg → Supabase (19249 bytes)
[2026-08-18T23:17:01.238Z]   ✓ 8738: actuator-40010243.jpg → Supabase (81959 bytes)
[2026-08-18T23:17:01.769Z]   ✓ 8738: actuator-40010243.jpg → Supabase (15836 bytes)
[2026-08-18T23:17:02.479Z]   ✓ 7748: turbine-housing-bw-09-0036.jpg → Supabase (110377 bytes)
[2026-08-18T23:17:03.038Z]   ✓ 7748: turbine-housing-bw-09-0036.jpg → Supabase (23826 bytes)
[2026-08-18T23:17:04.371Z]   ✓ 7746: gasket-kit-tc-62-0009.jpg → Supabase (128781 bytes)
[2026-08-18T23:17:04.779Z] Progress: 40/103 processed, 1 skipped, 0 failures
[2026-08-18T23:17:05.853Z]   ✓ 7737: bearing-housing-bw-01-0117.jpg → Supabase (236018 bytes)
[2026-08-18T23:17:06.871Z]   ✓ 7737: bearing-housing-bw-01-0117.jpg → Supabase (21686 bytes)
[2026-08-18T23:17:07.770Z]   ✓ 7740: actuator-ga-10-0055.jpg → Supabase (178042 bytes)
[2026-08-18T23:17:08.326Z]   ✓ 7740: actuator-ga-10-0055.jpg → Supabase (17820 bytes)
[2026-08-18T23:17:08.995Z]   ✓ 7738: shaft-and-wheel-bw-02-0121.jpg → Supabase (105272 bytes)
[2026-08-18T23:17:09.481Z]   ✓ 7738: shaft-and-wheel-bw-02-0121.jpg → Supabase (8915 bytes)
[2026-08-18T23:17:10.692Z]   ✓ 7739: bearing-housing-bw-01-0118.jpg → Supabase (208303 bytes)
[2026-08-18T23:17:11.315Z]   ✓ 7739: bearing-housing-bw-01-0118.jpg → Supabase (22652 bytes)
[2026-08-18T23:17:11.991Z]   ✓ 8726: repair-kit-ga-04-0058.jpg → Supabase (60418 bytes)
[2026-08-18T23:17:12.708Z]   ✓ 8727: compressor-wheel-bw-03-0190.jpg → Supabase (116113 bytes)
[2026-08-18T23:17:13.303Z]   ✓ 8727: compressor-wheel-bw-03-0190.jpg → Supabase (15215 bytes)
[2026-08-18T23:17:14.180Z]   ✓ 8725: heat-shield-ga-05-0035.jpg → Supabase (79387 bytes)
[2026-08-18T23:17:14.664Z]   ✓ 8725: heat-shield-ga-05-0035.jpg → Supabase (13699 bytes)
[2026-08-18T23:17:15.329Z]   ✓ 8724: compressor-plate-ga-08-0086.jpg → Supabase (86739 bytes)
[2026-08-18T23:17:16.876Z]   ✓ 8723: bearing-housing-ga-01-0208.jpg → Supabase (133129 bytes)
[2026-08-18T23:17:17.687Z]   ✓ 8723: bearing-housing-ga-01-0208.jpg → Supabase (22016 bytes)
[2026-08-18T23:17:18.523Z]   ✓ 8721: shaft-and-wheel-ga-02-0183.jpg → Supabase (50139 bytes)
[2026-08-18T23:17:18.999Z]   ✓ 8721: shaft-and-wheel-ga-02-0183.jpg → Supabase (7937 bytes)
[2026-08-18T23:17:19.384Z] Progress: 50/103 processed, 1 skipped, 0 failures
[2026-08-18T23:17:19.688Z]   ✓ 8722: compressor-wheel-ga-03-0171.jpg → Supabase (76177 bytes)
[2026-08-18T23:17:20.394Z]   ✓ 8713: repair-kit-ga-04-0057.jpg → Supabase (88873 bytes)
[2026-08-18T23:17:20.988Z]   ✓ 8711: shaft-and-wheel-ga-02-0182.jpg → Supabase (53703 bytes)
[2026-08-18T23:17:21.514Z]   ✓ 8711: shaft-and-wheel-ga-02-0182.jpg → Supabase (10708 bytes)
[2026-08-18T23:17:22.301Z]   ✓ 8712: compressor-wheel-ga-03-0170.jpg → Supabase (63770 bytes)
[2026-08-18T23:17:22.781Z]   ✓ 8712: compressor-wheel-ga-03-0170.jpg → Supabase (12065 bytes)
[2026-08-18T23:17:23.456Z]   ✓ 8709: heat-shield-ga-05-0034.jpg → Supabase (89370 bytes)
[2026-08-18T23:17:24.011Z]   ✓ 8709: heat-shield-ga-05-0034.jpg → Supabase (15707 bytes)
[2026-08-18T23:17:24.734Z]   ✓ 8708: compressor-plate-ga-08-0085.jpg → Supabase (122539 bytes)
[2026-08-18T23:17:25.208Z]   ✓ 8708: compressor-plate-ga-08-0085.jpg → Supabase (17486 bytes)
[2026-08-18T23:17:26.157Z]   ✓ 8707: bearing-housing-ga-01-0207.jpg → Supabase (123888 bytes)
[2026-08-18T23:17:26.695Z]   ✓ 8707: bearing-housing-ga-01-0207.jpg → Supabase (19669 bytes)
[2026-08-18T23:17:27.080Z] Refreshing browser session...
[2026-08-18T23:17:27.699Z] Session refreshed.
[2026-08-18T23:17:28.027Z]   ✓ 8700: heat-shield-bw-05-0043.jpg → Supabase (83852 bytes)
[2026-08-18T23:17:28.614Z]   ✓ 8700: heat-shield-bw-05-0043.jpg → Supabase (13588 bytes)
[2026-08-18T23:17:29.309Z]   ✓ 8699: compressor-plate-bw-08-0078.jpg → Supabase (87360 bytes)
[2026-08-18T23:17:29.885Z]   ✓ 8699: compressor-plate-bw-08-0078.jpg → Supabase (14887 bytes)
[2026-08-18T23:17:30.757Z]   ✓ 8693: shaft-and-wheel-ih-02-0052.jpg → Supabase (50109 bytes)
[2026-08-18T23:17:31.323Z]   ✓ 8693: shaft-and-wheel-ih-02-0052.jpg → Supabase (10219 bytes)
[2026-08-18T23:17:31.775Z] Progress: 60/103 processed, 1 skipped, 0 failures
[2026-08-18T23:17:32.098Z]   ✓ 8697: bearing-housing-bw-01-0142.jpg → Supabase (108061 bytes)
[2026-08-18T23:17:32.798Z]   ✓ 8697: bearing-housing-bw-01-0142.jpg → Supabase (20492 bytes)
[2026-08-18T23:17:33.448Z]   ✓ 8691: repair-kit-bw-04-0079.jpg → Supabase (85584 bytes)
[2026-08-18T23:17:34.265Z]   ✓ 8690: bearing-housing-bw-01-0141.jpg → Supabase (100017 bytes)
[2026-08-18T23:17:35.060Z]   ✓ 8690: bearing-housing-bw-01-0141.jpg → Supabase (17133 bytes)
[2026-08-18T23:17:36.463Z]   ✓ 8689: shaft-and-wheel-bw-02-0141.jpg → Supabase (51371 bytes)
[2026-08-18T23:17:37.304Z]   ✓ 8689: shaft-and-wheel-bw-02-0141.jpg → Supabase (9685 bytes)
[2026-08-18T23:17:38.200Z]   ✓ 8687: compressor-plate-ga-08-0084.jpg → Supabase (205631 bytes)
[2026-08-18T23:17:38.709Z]   ✓ 8687: compressor-plate-ga-08-0084.jpg → Supabase (20965 bytes)
[2026-08-18T23:17:39.441Z]   ✓ 8686: bearing-housing-ga-01-0206.jpg → Supabase (107509 bytes)
[2026-08-18T23:17:39.937Z]   ✓ 8686: bearing-housing-ga-01-0206.jpg → Supabase (20050 bytes)
[2026-08-18T23:17:40.610Z]   ✓ 8685: compressor-wheel-ga-03-0169.jpg → Supabase (110728 bytes)
[2026-08-18T23:17:41.115Z]   ✓ 8685: compressor-wheel-ga-03-0169.jpg → Supabase (13349 bytes)
[2026-08-18T23:17:41.706Z]   ✓ 8684: shaft-and-wheel-ga-02-0181.jpg → Supabase (51931 bytes)
[2026-08-18T23:17:42.204Z]   ✓ 8684: shaft-and-wheel-ga-02-0181.jpg → Supabase (11125 bytes)
[2026-08-18T23:17:42.834Z]   ✓ 8681: compressor-plate-mh-08-0010.jpg → Supabase (85455 bytes)
[2026-08-18T23:17:43.333Z]   ✓ 8681: compressor-plate-mh-08-0010.jpg → Supabase (14165 bytes)
[2026-08-18T23:17:43.993Z]   ✓ 8680: bearing-housing-bw-01-0140.jpg → Supabase (103729 bytes)
[2026-08-18T23:17:44.486Z]   ✓ 8680: bearing-housing-bw-01-0140.jpg → Supabase (18380 bytes)
[2026-08-18T23:17:44.869Z] Progress: 70/103 processed, 1 skipped, 0 failures
[2026-08-18T23:17:45.153Z]   ✓ 8677: actuator-6nw010430-271.jpg → Supabase (94808 bytes)
[2026-08-18T23:17:45.741Z]   ✓ 8677: actuator-6nw010430-271.jpg → Supabase (11270 bytes)
[2026-08-18T23:17:46.369Z]   ✓ 8675: compressor-plate-bw-08-0077.jpg → Supabase (93636 bytes)
[2026-08-18T23:17:46.848Z]   ✓ 8675: compressor-plate-bw-08-0077.jpg → Supabase (15312 bytes)
[2026-08-18T23:17:47.464Z]   ✓ 8676: repair-kit-bw-04-0078.jpg → Supabase (69914 bytes)
[2026-08-18T23:17:47.959Z]   ✓ 8676: repair-kit-bw-04-0078.jpg → Supabase (16091 bytes)
[2026-08-18T23:17:48.770Z]   ✓ 8674: bearing-housing-bw-01-0139.jpg → Supabase (148295 bytes)
[2026-08-18T23:17:49.313Z]   ✓ 8674: bearing-housing-bw-01-0139.jpg → Supabase (21718 bytes)
[2026-08-18T23:17:49.977Z]   ✓ 8670: bearing-housing-bw-01-0138.jpg → Supabase (135739 bytes)
[2026-08-18T23:17:50.461Z]   ✓ 8670: bearing-housing-bw-01-0138.jpg → Supabase (19661 bytes)
[2026-08-18T23:17:51.082Z]   ✓ 8673: compressor-wheel-bw-03-0188.jpg → Supabase (86512 bytes)
[2026-08-18T23:17:51.593Z]   ✓ 8673: compressor-wheel-bw-03-0188.jpg → Supabase (11800 bytes)
[2026-08-18T23:17:52.237Z]   ✓ 8671: nozzle-ring-assembly-bw-06-0038.jpg → Supabase (88631 bytes)
[2026-08-18T23:17:52.852Z]   ✓ 8669: compressor-wheel-bw-03-0187.jpg → Supabase (80989 bytes)
[2026-08-18T23:17:53.351Z]   ✓ 8669: compressor-wheel-bw-03-0187.jpg → Supabase (13107 bytes)
[2026-08-18T23:17:54.371Z]   ✓ 8667: bearing-housing-mh-01-0056.jpg → Supabase (72636 bytes)
[2026-08-18T23:17:54.899Z]   ✓ 8667: bearing-housing-mh-01-0056.jpg → Supabase (14226 bytes)
[2026-08-18T23:17:55.588Z]   ✓ 8664: heat-shield-co-05-0002.jpg → Supabase (110521 bytes)
[2026-08-18T23:17:56.110Z]   ✓ 8664: heat-shield-co-05-0002.jpg → Supabase (14840 bytes)
[2026-08-18T23:17:56.499Z] Progress: 80/103 processed, 1 skipped, 0 failures
[2026-08-18T23:17:56.794Z]   ✓ 8663: compressor-plate-co-08-0002.jpg → Supabase (104392 bytes)
[2026-08-18T23:17:57.281Z]   ✓ 8663: compressor-plate-co-08-0002.jpg → Supabase (16975 bytes)
[2026-08-18T23:17:57.968Z]   ✓ 4647: turbo-17201-30160-r.jpg → Supabase (110094 bytes)
[2026-08-18T23:17:58.475Z]   ✓ 4647: turbo-17201-30160-r.jpg → Supabase (31555 bytes)
[2026-08-18T23:17:59.115Z]   ✓ 8662: bearing-housing-co-01-0003.jpg → Supabase (124121 bytes)
[2026-08-18T23:17:59.647Z]   ✓ 8662: bearing-housing-co-01-0003.jpg → Supabase (19455 bytes)
[2026-08-18T23:18:00.309Z]   ✓ 8661: compressor-wheel-co-03-0003.jpg → Supabase (81975 bytes)
[2026-08-18T23:18:00.903Z]   ✓ 8661: compressor-wheel-co-03-0003.jpg → Supabase (10462 bytes)
[2026-08-18T23:18:01.674Z]   ✓ 8660: shaft-and-wheel-co-02-0003.jpg → Supabase (46930 bytes)
[2026-08-18T23:18:02.192Z]   ✓ 8660: shaft-and-wheel-co-02-0003.jpg → Supabase (8250 bytes)
[2026-08-18T23:18:02.910Z]   ✓ 8659: heat-shield-bm-05-0003.jpg → Supabase (103436 bytes)
[2026-08-18T23:18:03.404Z]   ✓ 8659: heat-shield-bm-05-0003.jpg → Supabase (18895 bytes)
[2026-08-18T23:18:04.338Z]   ✓ 8658: bearing-housing-bm-01-0005.jpg → Supabase (113736 bytes)
[2026-08-18T23:18:04.817Z]   ✓ 8658: bearing-housing-bm-01-0005.jpg → Supabase (21782 bytes)
[2026-08-18T23:18:05.599Z]   ✓ 8657: vnt-outer-gasket-bw-50-0008.jpg → Supabase (52094 bytes)
[2026-08-18T23:18:06.290Z]   ✓ 8654: compressor-plate-bw-08-0076.jpg → Supabase (146807 bytes)
[2026-08-18T23:18:06.833Z]   ✓ 8654: compressor-plate-bw-08-0076.jpg → Supabase (19733 bytes)
[2026-08-18T23:18:07.468Z]   ✓ 8655: heat-shield-bw-05-0042.jpg → Supabase (87893 bytes)
[2026-08-18T23:18:07.939Z]   ✓ 8655: heat-shield-bw-05-0042.jpg → Supabase (16553 bytes)
[2026-08-18T23:18:08.371Z] Progress: 90/103 processed, 1 skipped, 0 failures
[2026-08-18T23:18:08.684Z]   ✓ 7567: compressor-wheel-bm-03-0005.jpg → Supabase (174615 bytes)
[2026-08-18T23:18:09.183Z]   ✓ 7567: compressor-wheel-bm-03-0005.jpg → Supabase (22331 bytes)
[2026-08-18T23:18:10.182Z]   ✓ 7566: repair-kit-bm-04-0005.jpg → Supabase (122423 bytes)
[2026-08-18T23:18:10.860Z]   ✓ 7566: repair-kit-bm-04-0005.jpg → Supabase (20464 bytes)
[2026-08-18T23:18:11.570Z]   ✓ 7565: compressor-plate-bm-08-0002.jpg → Supabase (155337 bytes)
[2026-08-18T23:18:12.098Z]   ✓ 7565: compressor-plate-bm-08-0002.jpg → Supabase (15889 bytes)
[2026-08-18T23:18:12.884Z]   ✓ 7561: nozzle-ring-assembly-bm-06-0002.jpg → Supabase (181536 bytes)
[2026-08-18T23:18:13.484Z]   ✓ 7561: nozzle-ring-assembly-bm-06-0002.jpg → Supabase (16577 bytes)
[2026-08-18T23:18:14.395Z]   ✓ 7564: bearing-housing-bm-01-0003.jpg → Supabase (214828 bytes)
[2026-08-18T23:18:14.908Z]   ✓ 7564: bearing-housing-bm-01-0003.jpg → Supabase (24743 bytes)
[2026-08-18T23:18:15.514Z]   ✓ 7562: shaft-and-wheel-bm-02-0004.jpg → Supabase (53634 bytes)
[2026-08-18T23:18:15.998Z]   ✓ 7562: shaft-and-wheel-bm-02-0004.jpg → Supabase (11399 bytes)
[2026-08-18T23:18:16.898Z]   ✓ 8645: compressor-wheel-to-03-0009.jpg → Supabase (95531 bytes)
[2026-08-18T23:18:17.382Z]   ✓ 8645: compressor-wheel-to-03-0009.jpg → Supabase (11417 bytes)
[2026-08-18T23:18:17.957Z]   ✓ 8644: shaft-and-wheel-to-02-0011.jpg → Supabase (54659 bytes)
[2026-08-18T23:18:18.579Z]   ✓ 8644: shaft-and-wheel-to-02-0011.jpg → Supabase (10107 bytes)
[2026-08-18T23:18:19.364Z]   ✓ 8642: nozzle-ring-assembly-bm-06-0006.jpg → Supabase (104928 bytes)
[2026-08-18T23:18:19.923Z]   ✓ 8642: nozzle-ring-assembly-bm-06-0006.jpg → Supabase (16169 bytes)
[2026-08-18T23:18:20.570Z]   ✓ 8640: heat-shield-ga-05-0033.jpg → Supabase (86470 bytes)
[2026-08-18T23:18:21.061Z]   ✓ 8640: heat-shield-ga-05-0033.jpg → Supabase (13247 bytes)
[2026-08-18T23:18:21.453Z] Progress: 100/103 processed, 1 skipped, 0 failures
[2026-08-18T23:18:21.715Z]   ✓ 8634: heat-shield-ga-05-0032.jpg → Supabase (73905 bytes)
[2026-08-18T23:18:22.199Z]   ✓ 8634: heat-shield-ga-05-0032.jpg → Supabase (12352 bytes)
[2026-08-18T23:18:22.889Z]   ✓ 8637: compressor-wheel-ga-03-0168.jpg → Supabase (71867 bytes)
[2026-08-18T23:18:23.441Z]   ✓ 8637: compressor-wheel-ga-03-0168.jpg → Supabase (13067 bytes)
[2026-08-18T23:18:24.132Z]   ✓ 8633: compressor-plate-ga-08-0082.jpg → Supabase (141116 bytes)
[2026-08-18T23:18:25.144Z]   ✓ 8633: compressor-plate-ga-08-0082.jpg → Supabase (13658 bytes)
[2026-08-18T23:18:25.558Z] === Done. Processed: 103, Skipped: 1, Failures: 0 ===
