[2026-08-23T07:59:55.836Z] Establishing browser session...
[2026-08-23T08:00:20.897Z] FATAL: page.goto: Timeout 25000ms exceeded.
Call log:
  - navigating to "https://www.turbocentras.com/", waiting until "domcontentloaded"

[2026-08-23T08:00:20.897Z] FATAL: page.goto: Timeout 25000ms exceeded.
Call log:
  - navigating to "https://www.turbocentras.com/", waiting until "domcontentloaded"

[2026-08-23T08:00:25.251Z] === Stock checker starting ===
[2026-08-23T08:00:25.251Z] === Stock checker starting ===
[2026-08-23T08:00:25.267Z] Loaded 6209 products with URLs
[2026-08-23T08:00:25.267Z] Loaded 6209 products with URLs
[2026-08-23T08:00:25.267Z] Loading current stock status from Supabase...
[2026-08-23T08:00:25.267Z] Loading current stock status from Supabase...
[2026-08-23T08:00:25.820Z] Loaded stock status for 6210 DB products
[2026-08-23T08:00:25.820Z] Loaded stock status for 6210 DB products
[2026-08-23T08:00:25.989Z] Establishing browser session...
[2026-08-23T08:00:25.989Z] Establishing browser session...
[2026-08-23T08:00:51.036Z] FATAL: page.goto: Timeout 25000ms exceeded.
Call log:
  - navigating to "https://www.turbocentras.com/", waiting until "domcontentloaded"

[2026-08-23T08:00:51.036Z] FATAL: page.goto: Timeout 25000ms exceeded.
Call log:
  - navigating to "https://www.turbocentras.com/", waiting until "domcontentloaded"

[2026-08-23T08:00:55.404Z] === Stock checker starting ===
[2026-08-23T08:00:55.404Z] === Stock checker starting ===
[2026-08-23T08:00:55.420Z] Loaded 6209 products with URLs
[2026-08-23T08:00:55.420Z] Loaded 6209 products with URLs
[2026-08-23T08:00:55.420Z] Loading current stock status from Supabase...
[2026-08-23T08:00:55.420Z] Loading current stock status from Supabase...
[2026-08-23T08:00:56.075Z] Loaded stock status for 6210 DB products
[2026-08-23T08:00:56.075Z] Loaded stock status for 6210 DB products
[2026-08-23T08:00:56.244Z] Establishing browser session...
[2026-08-23T08:00:56.244Z] Establishing browser session...
[2026-08-23T08:01:21.294Z] FATAL: page.goto: Timeout 25000ms exceeded.
Call log:
  - navigating to "https://www.turbocentras.com/", waiting until "domcontentloaded"

[2026-08-23T08:01:21.294Z] FATAL: page.goto: Timeout 25000ms exceeded.
Call log:
  - navigating to "https://www.turbocentras.com/", waiting until "domcontentloaded"

[2026-08-23T08:01:25.658Z] === Stock checker starting ===
[2026-08-23T08:01:25.658Z] === Stock checker starting ===
[2026-08-23T08:01:25.674Z] Loaded 6209 products with URLs
[2026-08-23T08:01:25.674Z] Loaded 6209 products with URLs
[2026-08-23T08:01:25.674Z] Loading current stock status from Supabase...
[2026-08-23T08:01:25.674Z] Loading current stock status from Supabase...
[2026-08-23T08:01:26.330Z] Loaded stock status for 6210 DB products
[2026-08-23T08:01:26.330Z] Loaded stock status for 6210 DB products
[2026-08-23T08:01:26.489Z] Establishing browser session...
[2026-08-23T08:01:26.489Z] Establishing browser session...
[2026-08-23T08:01:51.534Z] FATAL: page.goto: Timeout 25000ms exceeded.
Call log:
  - navigating to "https://www.turbocentras.com/", waiting until "domcontentloaded"

[2026-08-23T08:01:51.534Z] FATAL: page.goto: Timeout 25000ms exceeded.
Call log:
  - navigating to "https://www.turbocentras.com/", waiting until "domcontentloaded"

[2026-08-23T08:01:55.896Z] === Stock checker starting ===
[2026-08-23T08:01:55.896Z] === Stock checker starting ===
[2026-08-23T08:01:55.913Z] Loaded 6209 products with URLs
[2026-08-23T08:01:55.913Z] Loaded 6209 products with URLs
[2026-08-23T08:01:55.913Z] Loading current stock status from Supabase...
[2026-08-23T08:01:55.913Z] Loading current stock status from Supabase...
[2026-08-23T08:01:56.423Z] Loaded stock status for 6210 DB products
[2026-08-23T08:01:56.423Z] Loaded stock status for 6210 DB products
[2026-08-23T08:01:56.583Z] Establishing browser session...
[2026-08-23T08:01:56.583Z] Establishing browser session...
[2026-08-23T08:02:21.629Z] FATAL: page.goto: Timeout 25000ms exceeded.
Call log:
  - navigating to "https://www.turbocentras.com/", waiting until "domcontentloaded"

[2026-08-23T08:02:21.629Z] FATAL: page.goto: Timeout 25000ms exceeded.
Call log:
  - navigating to "https://www.turbocentras.com/", waiting until "domcontentloaded"

[2026-08-23T08:02:25.993Z] === Stock checker starting ===
[2026-08-23T08:02:25.993Z] === Stock checker starting ===
[2026-08-23T08:02:26.009Z] Loaded 6209 products with URLs
[2026-08-23T08:02:26.009Z] Loaded 6209 products with URLs
[2026-08-23T08:02:26.009Z] Loading current stock status from Supabase...
[2026-08-23T08:02:26.009Z] Loading current stock status from Supabase...
[2026-08-23T08:02:26.563Z] Loaded stock status for 6210 DB products
[2026-08-23T08:02:26.563Z] Loaded stock status for 6210 DB products
[2026-08-23T08:02:26.727Z] Establishing browser session...
[2026-08-23T08:02:26.727Z] Establishing browser session...
[2026-08-23T08:02:51.773Z] FATAL: page.goto: Timeout 25000ms exceeded.
Call log:
  - navigating to "https://www.turbocentras.com/", waiting until "domcontentloaded"

[2026-08-23T08:02:51.773Z] FATAL: page.goto: Timeout 25000ms exceeded.
Call log:
  - navigating to "https://www.turbocentras.com/", waiting until "domcontentloaded"

[2026-08-23T08:02:56.140Z] === Stock checker starting ===
[2026-08-23T08:02:56.140Z] === Stock checker starting ===
[2026-08-23T08:02:56.156Z] Loaded 6209 products with URLs
[2026-08-23T08:02:56.156Z] Loaded 6209 products with URLs
[2026-08-23T08:02:56.156Z] Loading current stock status from Supabase...
[2026-08-23T08:02:56.156Z] Loading current stock status from Supabase...
[2026-08-23T08:02:56.679Z] Loaded stock status for 6210 DB products
[2026-08-23T08:02:56.679Z] Loaded stock status for 6210 DB products
[2026-08-23T08:02:56.837Z] Establishing browser session...
[2026-08-23T08:02:56.837Z] Establishing browser session...
[2026-08-23T08:03:21.882Z] FATAL: page.goto: Timeout 25000ms exceeded.
Call log:
  - navigating to "https://www.turbocentras.com/", waiting until "domcontentloaded"

[2026-08-23T08:03:21.882Z] FATAL: page.goto: Timeout 25000ms exceeded.
Call log:
  - navigating to "https://www.turbocentras.com/", waiting until "domcontentloaded"

[2026-08-23T08:03:26.251Z] === Stock checker starting ===
[2026-08-23T08:03:26.251Z] === Stock checker starting ===
[2026-08-23T08:03:26.267Z] Loaded 6209 products with URLs
[2026-08-23T08:03:26.267Z] Loaded 6209 products with URLs
[2026-08-23T08:03:26.267Z] Loading current stock status from Supabase...
[2026-08-23T08:03:26.267Z] Loading current stock status from Supabase...
[2026-08-23T08:03:26.827Z] Loaded stock status for 6210 DB products
[2026-08-23T08:03:26.827Z] Loaded stock status for 6210 DB products
[2026-08-23T08:03:26.987Z] Establishing browser session...
[2026-08-23T08:03:26.987Z] Establishing browser session...
[2026-08-23T08:03:52.033Z] FATAL: page.goto: Timeout 25000ms exceeded.
Call log:
  - navigating to "https://www.turbocentras.com/", waiting until "domcontentloaded"

[2026-08-23T08:03:52.033Z] FATAL: page.goto: Timeout 25000ms exceeded.
Call log:
  - navigating to "https://www.turbocentras.com/", waiting until "domcontentloaded"

[2026-08-23T08:03:56.438Z] === Stock checker starting ===
[2026-08-23T08:03:56.438Z] === Stock checker starting ===
[2026-08-23T08:03:56.458Z] Loaded 6209 products with URLs
[2026-08-23T08:03:56.458Z] Loaded 6209 products with URLs
[2026-08-23T08:03:56.458Z] Loading current stock status from Supabase...
[2026-08-23T08:03:56.458Z] Loading current stock status from Supabase...
[2026-08-23T08:03:57.478Z] Loaded stock status for 6210 DB products
[2026-08-23T08:03:57.478Z] Loaded stock status for 6210 DB products
[2026-08-23T08:03:57.660Z] Establishing browser session...
[2026-08-23T08:03:57.660Z] Establishing browser session...
[2026-08-23T08:04:22.716Z] FATAL: page.goto: Timeout 25000ms exceeded.
Call log:
  - navigating to "https://www.turbocentras.com/", waiting until "domcontentloaded"

[2026-08-23T08:04:22.716Z] FATAL: page.goto: Timeout 25000ms exceeded.
Call log:
  - navigating to "https://www.turbocentras.com/", waiting until "domcontentloaded"

[2026-08-23T08:04:27.116Z] === Stock checker starting ===
[2026-08-23T08:04:27.116Z] === Stock checker starting ===
[2026-08-23T08:04:27.135Z] Loaded 6209 products with URLs
[2026-08-23T08:04:27.135Z] Loaded 6209 products with URLs
[2026-08-23T08:04:27.135Z] Loading current stock status from Supabase...
[2026-08-23T08:04:27.135Z] Loading current stock status from Supabase...
[2026-08-23T08:04:27.691Z] Loaded stock status for 6210 DB products
[2026-08-23T08:04:27.691Z] Loaded stock status for 6210 DB products
[2026-08-23T08:04:27.870Z] Establishing browser session...
[2026-08-23T08:04:27.870Z] Establishing browser session...
[2026-08-23T08:04:52.925Z] FATAL: page.goto: Timeout 25000ms exceeded.
Call log:
  - navigating to "https://www.turbocentras.com/", waiting until "domcontentloaded"

[2026-08-23T08:04:52.925Z] FATAL: page.goto: Timeout 25000ms exceeded.
Call log:
  - navigating to "https://www.turbocentras.com/", waiting until "domcontentloaded"

[2026-08-23T08:04:57.288Z] === Stock checker starting ===
[2026-08-23T08:04:57.288Z] === Stock checker starting ===
[2026-08-23T08:04:57.304Z] Loaded 6209 products with URLs
[2026-08-23T08:04:57.304Z] Loaded 6209 products with URLs
[2026-08-23T08:04:57.304Z] Loading current stock status from Supabase...
[2026-08-23T08:04:57.304Z] Loading current stock status from Supabase...
[2026-08-23T08:04:57.883Z] Loaded stock status for 6210 DB products
[2026-08-23T08:04:57.883Z] Loaded stock status for 6210 DB products
[2026-08-23T08:04:58.047Z] Establishing browser session...
[2026-08-23T08:04:58.047Z] Establishing browser session...
[2026-08-23T08:05:23.092Z] FATAL: page.goto: Timeout 25000ms exceeded.
Call log:
  - navigating to "https://www.turbocentras.com/", waiting until "domcontentloaded"

[2026-08-23T08:05:23.092Z] FATAL: page.goto: Timeout 25000ms exceeded.
Call log:
  - navigating to "https://www.turbocentras.com/", waiting until "domcontentloaded"

[2026-08-23T08:05:27.495Z] === Stock checker starting ===
[2026-08-23T08:05:27.495Z] === Stock checker starting ===
[2026-08-23T08:05:27.511Z] Loaded 6209 products with URLs
[2026-08-23T08:05:27.511Z] Loaded 6209 products with URLs
[2026-08-23T08:05:27.511Z] Loading current stock status from Supabase...
[2026-08-23T08:05:27.511Z] Loading current stock status from Supabase...
[2026-08-23T08:05:28.132Z] Loaded stock status for 6210 DB products
[2026-08-23T08:05:28.132Z] Loaded stock status for 6210 DB products
[2026-08-23T08:05:28.313Z] Establishing browser session...
[2026-08-23T08:05:28.313Z] Establishing browser session...
[2026-08-23T08:05:53.370Z] FATAL: page.goto: Timeout 25000ms exceeded.
Call log:
  - navigating to "https://www.turbocentras.com/", waiting until "domcontentloaded"

[2026-08-23T08:05:53.370Z] FATAL: page.goto: Timeout 25000ms exceeded.
Call log:
  - navigating to "https://www.turbocentras.com/", waiting until "domcontentloaded"

[2026-08-23T08:05:57.735Z] === Stock checker starting ===
[2026-08-23T08:05:57.735Z] === Stock checker starting ===
[2026-08-23T08:05:57.752Z] Loaded 6209 products with URLs
[2026-08-23T08:05:57.752Z] Loaded 6209 products with URLs
[2026-08-23T08:05:57.752Z] Loading current stock status from Supabase...
[2026-08-23T08:05:57.752Z] Loading current stock status from Supabase...
[2026-08-23T08:05:58.301Z] Loaded stock status for 6210 DB products
[2026-08-23T08:05:58.301Z] Loaded stock status for 6210 DB products
[2026-08-23T08:05:58.466Z] Establishing browser session...
[2026-08-23T08:05:58.466Z] Establishing browser session...
[2026-08-23T08:06:23.514Z] FATAL: page.goto: Timeout 25000ms exceeded.
Call log:
  - navigating to "https://www.turbocentras.com/", waiting until "domcontentloaded"

[2026-08-23T08:06:23.514Z] FATAL: page.goto: Timeout 25000ms exceeded.
Call log:
  - navigating to "https://www.turbocentras.com/", waiting until "domcontentloaded"

[2026-08-23T08:06:27.885Z] === Stock checker starting ===
[2026-08-23T08:06:27.885Z] === Stock checker starting ===
[2026-08-23T08:06:27.902Z] Loaded 6209 products with URLs
[2026-08-23T08:06:27.902Z] Loaded 6209 products with URLs
[2026-08-23T08:06:27.902Z] Loading current stock status from Supabase...
[2026-08-23T08:06:27.902Z] Loading current stock status from Supabase...
[2026-08-23T08:06:28.534Z] Loaded stock status for 6210 DB products
[2026-08-23T08:06:28.534Z] Loaded stock status for 6210 DB products
[2026-08-23T08:06:28.696Z] Establishing browser session...
[2026-08-23T08:06:28.696Z] Establishing browser session...
[2026-08-23T08:06:53.742Z] FATAL: page.goto: Timeout 25000ms exceeded.
Call log:
  - navigating to "https://www.turbocentras.com/", waiting until "domcontentloaded"

[2026-08-23T08:06:53.742Z] FATAL: page.goto: Timeout 25000ms exceeded.
Call log:
  - navigating to "https://www.turbocentras.com/", waiting until "domcontentloaded"

[2026-08-23T08:06:58.130Z] === Stock checker starting ===
[2026-08-23T08:06:58.130Z] === Stock checker starting ===
[2026-08-23T08:06:58.146Z] Loaded 6209 products with URLs
[2026-08-23T08:06:58.146Z] Loaded 6209 products with URLs
[2026-08-23T08:06:58.147Z] Loading current stock status from Supabase...
[2026-08-23T08:06:58.147Z] Loading current stock status from Supabase...
[2026-08-23T08:06:58.771Z] Loaded stock status for 6210 DB products
[2026-08-23T08:06:58.771Z] Loaded stock status for 6210 DB products
[2026-08-23T08:06:58.944Z] Establishing browser session...
[2026-08-23T08:06:58.944Z] Establishing browser session...
[2026-08-23T08:07:24.006Z] FATAL: page.goto: Timeout 25000ms exceeded.
Call log:
  - navigating to "https://www.turbocentras.com/", waiting until "domcontentloaded"

[2026-08-23T08:07:24.006Z] FATAL: page.goto: Timeout 25000ms exceeded.
Call log:
  - navigating to "https://www.turbocentras.com/", waiting until "domcontentloaded"

[2026-08-23T08:07:28.380Z] === Stock checker starting ===
[2026-08-23T08:07:28.380Z] === Stock checker starting ===
[2026-08-23T08:07:28.397Z] Loaded 6209 products with URLs
[2026-08-23T08:07:28.397Z] Loaded 6209 products with URLs
[2026-08-23T08:07:28.397Z] Loading current stock status from Supabase...
[2026-08-23T08:07:28.397Z] Loading current stock status from Supabase...
[2026-08-23T08:07:29.092Z] Loaded stock status for 6210 DB products
[2026-08-23T08:07:29.092Z] Loaded stock status for 6210 DB products
[2026-08-23T08:07:29.266Z] Establishing browser session...
[2026-08-23T08:07:29.266Z] Establishing browser session...
[2026-08-23T08:07:54.311Z] FATAL: page.goto: Timeout 25000ms exceeded.
Call log:
  - navigating to "https://www.turbocentras.com/", waiting until "domcontentloaded"

[2026-08-23T08:07:54.311Z] FATAL: page.goto: Timeout 25000ms exceeded.
Call log:
  - navigating to "https://www.turbocentras.com/", waiting until "domcontentloaded"

[2026-08-23T08:07:58.694Z] === Stock checker starting ===
[2026-08-23T08:07:58.694Z] === Stock checker starting ===
[2026-08-23T08:07:58.711Z] Loaded 6209 products with URLs
[2026-08-23T08:07:58.711Z] Loaded 6209 products with URLs
[2026-08-23T08:07:58.711Z] Loading current stock status from Supabase...
[2026-08-23T08:07:58.711Z] Loading current stock status from Supabase...
[2026-08-23T08:07:59.557Z] Loaded stock status for 6210 DB products
[2026-08-23T08:07:59.557Z] Loaded stock status for 6210 DB products
[2026-08-23T08:07:59.719Z] Establishing browser session...
[2026-08-23T08:07:59.719Z] Establishing browser session...
[2026-08-23T08:08:24.763Z] FATAL: page.goto: Timeout 25000ms exceeded.
Call log:
  - navigating to "https://www.turbocentras.com/", waiting until "domcontentloaded"

[2026-08-23T08:08:24.763Z] FATAL: page.goto: Timeout 25000ms exceeded.
Call log:
  - navigating to "https://www.turbocentras.com/", waiting until "domcontentloaded"

[2026-08-23T08:08:29.125Z] === Stock checker starting ===
[2026-08-23T08:08:29.125Z] === Stock checker starting ===
[2026-08-23T08:08:29.141Z] Loaded 6209 products with URLs
[2026-08-23T08:08:29.141Z] Loaded 6209 products with URLs
[2026-08-23T08:08:29.141Z] Loading current stock status from Supabase...
[2026-08-23T08:08:29.141Z] Loading current stock status from Supabase...
[2026-08-23T08:08:29.782Z] Loaded stock status for 6210 DB products
[2026-08-23T08:08:29.782Z] Loaded stock status for 6210 DB products
[2026-08-23T08:08:29.946Z] Establishing browser session...
[2026-08-23T08:08:29.946Z] Establishing browser session...
[2026-08-23T08:08:54.989Z] FATAL: page.goto: Timeout 25000ms exceeded.
Call log:
  - navigating to "https://www.turbocentras.com/", waiting until "domcontentloaded"

[2026-08-23T08:08:54.989Z] FATAL: page.goto: Timeout 25000ms exceeded.
Call log:
  - navigating to "https://www.turbocentras.com/", waiting until "domcontentloaded"

[2026-08-23T08:08:59.355Z] === Stock checker starting ===
[2026-08-23T08:08:59.355Z] === Stock checker starting ===
[2026-08-23T08:08:59.371Z] Loaded 6209 products with URLs
[2026-08-23T08:08:59.371Z] Loaded 6209 products with URLs
[2026-08-23T08:08:59.371Z] Loading current stock status from Supabase...
[2026-08-23T08:08:59.371Z] Loading current stock status from Supabase...
[2026-08-23T08:08:59.861Z] Loaded stock status for 6210 DB products
[2026-08-23T08:08:59.861Z] Loaded stock status for 6210 DB products
[2026-08-23T08:09:00.038Z] Establishing browser session...
[2026-08-23T08:09:00.038Z] Establishing browser session...
[2026-08-23T08:09:25.122Z] FATAL: page.goto: Timeout 25000ms exceeded.
Call log:
  - navigating to "https://www.turbocentras.com/", waiting until "domcontentloaded"

[2026-08-23T08:09:25.122Z] FATAL: page.goto: Timeout 25000ms exceeded.
Call log:
  - navigating to "https://www.turbocentras.com/", waiting until "domcontentloaded"

[2026-08-23T08:09:29.553Z] === Stock checker starting ===
[2026-08-23T08:09:29.553Z] === Stock checker starting ===
[2026-08-23T08:09:29.573Z] Loaded 6209 products with URLs
[2026-08-23T08:09:29.573Z] Loaded 6209 products with URLs
[2026-08-23T08:09:29.573Z] Loading current stock status from Supabase...
[2026-08-23T08:09:29.573Z] Loading current stock status from Supabase...
[2026-08-23T08:09:30.547Z] Loaded stock status for 6210 DB products
[2026-08-23T08:09:30.547Z] Loaded stock status for 6210 DB products
[2026-08-23T08:09:30.739Z] Establishing browser session...
[2026-08-23T08:09:30.739Z] Establishing browser session...
[2026-08-23T08:09:55.816Z] FATAL: page.goto: Timeout 25000ms exceeded.
Call log:
  - navigating to "https://www.turbocentras.com/", waiting until "domcontentloaded"

[2026-08-23T08:09:55.816Z] FATAL: page.goto: Timeout 25000ms exceeded.
Call log:
  - navigating to "https://www.turbocentras.com/", waiting until "domcontentloaded"

[2026-08-23T08:10:00.216Z] === Stock checker starting ===
[2026-08-23T08:10:00.216Z] === Stock checker starting ===
[2026-08-23T08:10:00.235Z] Loaded 6209 products with URLs
[2026-08-23T08:10:00.235Z] Loaded 6209 products with URLs
[2026-08-23T08:10:00.235Z] Loading current stock status from Supabase...
[2026-08-23T08:10:00.235Z] Loading current stock status from Supabase...
[2026-08-23T08:10:00.811Z] Loaded stock status for 6210 DB products
[2026-08-23T08:10:00.811Z] Loaded stock status for 6210 DB products
[2026-08-23T08:10:00.985Z] Establishing browser session...
[2026-08-23T08:10:00.985Z] Establishing browser session...
[2026-08-23T08:10:26.063Z] FATAL: page.goto: Timeout 25000ms exceeded.
Call log:
  - navigating to "https://www.turbocentras.com/", waiting until "domcontentloaded"

[2026-08-23T08:10:26.063Z] FATAL: page.goto: Timeout 25000ms exceeded.
Call log:
  - navigating to "https://www.turbocentras.com/", waiting until "domcontentloaded"

[2026-08-23T08:10:30.466Z] === Stock checker starting ===
[2026-08-23T08:10:30.466Z] === Stock checker starting ===
[2026-08-23T08:10:30.486Z] Loaded 6209 products with URLs
[2026-08-23T08:10:30.486Z] Loaded 6209 products with URLs
[2026-08-23T08:10:30.486Z] Loading current stock status from Supabase...
[2026-08-23T08:10:30.486Z] Loading current stock status from Supabase...
[2026-08-23T08:10:31.118Z] Loaded stock status for 6210 DB products
[2026-08-23T08:10:31.118Z] Loaded stock status for 6210 DB products
[2026-08-23T08:10:31.297Z] Establishing browser session...
[2026-08-23T08:10:31.297Z] Establishing browser session...
[2026-08-23T08:10:56.360Z] FATAL: page.goto: Timeout 25000ms exceeded.
Call log:
  - navigating to "https://www.turbocentras.com/", waiting until "domcontentloaded"

[2026-08-23T08:10:56.360Z] FATAL: page.goto: Timeout 25000ms exceeded.
Call log:
  - navigating to "https://www.turbocentras.com/", waiting until "domcontentloaded"

[2026-08-23T08:11:00.724Z] === Stock checker starting ===
[2026-08-23T08:11:00.724Z] === Stock checker starting ===
[2026-08-23T08:11:00.740Z] Loaded 6209 products with URLs
[2026-08-23T08:11:00.740Z] Loaded 6209 products with URLs
[2026-08-23T08:11:00.740Z] Loading current stock status from Supabase...
[2026-08-23T08:11:00.740Z] Loading current stock status from Supabase...
[2026-08-23T08:11:01.296Z] Loaded stock status for 6210 DB products
[2026-08-23T08:11:01.296Z] Loaded stock status for 6210 DB products
[2026-08-23T08:11:01.450Z] Establishing browser session...
[2026-08-23T08:11:01.450Z] Establishing browser session...
[2026-08-23T08:11:26.508Z] FATAL: page.goto: Timeout 25000ms exceeded.
Call log:
  - navigating to "https://www.turbocentras.com/", waiting until "domcontentloaded"

[2026-08-23T08:11:26.508Z] FATAL: page.goto: Timeout 25000ms exceeded.
Call log:
  - navigating to "https://www.turbocentras.com/", waiting until "domcontentloaded"

[2026-08-23T08:11:30.878Z] === Stock checker starting ===
[2026-08-23T08:11:30.878Z] === Stock checker starting ===
[2026-08-23T08:11:30.894Z] Loaded 6209 products with URLs
[2026-08-23T08:11:30.894Z] Loaded 6209 products with URLs
[2026-08-23T08:11:30.894Z] Loading current stock status from Supabase...
[2026-08-23T08:11:30.894Z] Loading current stock status from Supabase...
[2026-08-23T08:11:31.590Z] Loaded stock status for 6210 DB products
[2026-08-23T08:11:31.590Z] Loaded stock status for 6210 DB products
[2026-08-23T08:11:31.762Z] Establishing browser session...
[2026-08-23T08:11:31.762Z] Establishing browser session...
[2026-08-23T08:11:56.809Z] FATAL: page.goto: Timeout 25000ms exceeded.
Call log:
  - navigating to "https://www.turbocentras.com/", waiting until "domcontentloaded"

[2026-08-23T08:11:56.809Z] FATAL: page.goto: Timeout 25000ms exceeded.
Call log:
  - navigating to "https://www.turbocentras.com/", waiting until "domcontentloaded"

[2026-08-23T08:12:01.226Z] === Stock checker starting ===
[2026-08-23T08:12:01.226Z] === Stock checker starting ===
[2026-08-23T08:12:01.246Z] Loaded 6209 products with URLs
[2026-08-23T08:12:01.246Z] Loaded 6209 products with URLs
[2026-08-23T08:12:01.246Z] Loading current stock status from Supabase...
[2026-08-23T08:12:01.246Z] Loading current stock status from Supabase...
[2026-08-23T08:12:01.735Z] Loaded stock status for 6210 DB products
[2026-08-23T08:12:01.735Z] Loaded stock status for 6210 DB products
[2026-08-23T08:12:01.917Z] Establishing browser session...
[2026-08-23T08:12:01.917Z] Establishing browser session...
[2026-08-23T08:12:26.971Z] FATAL: page.goto: Timeout 25000ms exceeded.
Call log:
  - navigating to "https://www.turbocentras.com/", waiting until "domcontentloaded"

[2026-08-23T08:12:26.971Z] FATAL: page.goto: Timeout 25000ms exceeded.
Call log:
  - navigating to "https://www.turbocentras.com/", waiting until "domcontentloaded"

[2026-08-23T08:12:31.375Z] === Stock checker starting ===
[2026-08-23T08:12:31.375Z] === Stock checker starting ===
[2026-08-23T08:12:31.392Z] Loaded 6209 products with URLs
[2026-08-23T08:12:31.392Z] Loaded 6209 products with URLs
[2026-08-23T08:12:31.392Z] Loading current stock status from Supabase...
[2026-08-23T08:12:31.392Z] Loading current stock status from Supabase...
[2026-08-23T08:12:32.056Z] Loaded stock status for 6210 DB products
[2026-08-23T08:12:32.056Z] Loaded stock status for 6210 DB products
[2026-08-23T08:12:32.243Z] Establishing browser session...
[2026-08-23T08:12:32.243Z] Establishing browser session...
[2026-08-23T08:12:57.301Z] FATAL: page.goto: Timeout 25000ms exceeded.
Call log:
  - navigating to "https://www.turbocentras.com/", waiting until "domcontentloaded"

[2026-08-23T08:12:57.301Z] FATAL: page.goto: Timeout 25000ms exceeded.
Call log:
  - navigating to "https://www.turbocentras.com/", waiting until "domcontentloaded"

[2026-08-23T08:13:01.668Z] === Stock checker starting ===
[2026-08-23T08:13:01.668Z] === Stock checker starting ===
[2026-08-23T08:13:01.684Z] Loaded 6209 products with URLs
[2026-08-23T08:13:01.684Z] Loaded 6209 products with URLs
[2026-08-23T08:13:01.684Z] Loading current stock status from Supabase...
[2026-08-23T08:13:01.684Z] Loading current stock status from Supabase...
[2026-08-23T08:13:02.329Z] Loaded stock status for 6210 DB products
[2026-08-23T08:13:02.329Z] Loaded stock status for 6210 DB products
[2026-08-23T08:13:02.492Z] Establishing browser session...
[2026-08-23T08:13:02.492Z] Establishing browser session...
[2026-08-23T08:13:27.538Z] FATAL: page.goto: Timeout 25000ms exceeded.
Call log:
  - navigating to "https://www.turbocentras.com/", waiting until "domcontentloaded"

[2026-08-23T08:13:27.538Z] FATAL: page.goto: Timeout 25000ms exceeded.
Call log:
  - navigating to "https://www.turbocentras.com/", waiting until "domcontentloaded"

[2026-08-23T08:13:31.902Z] === Stock checker starting ===
[2026-08-23T08:13:31.902Z] === Stock checker starting ===
[2026-08-23T08:13:31.918Z] Loaded 6209 products with URLs
[2026-08-23T08:13:31.918Z] Loaded 6209 products with URLs
[2026-08-23T08:13:31.918Z] Loading current stock status from Supabase...
[2026-08-23T08:13:31.918Z] Loading current stock status from Supabase...
[2026-08-23T08:13:33.091Z] Loaded stock status for 6210 DB products
[2026-08-23T08:13:33.091Z] Loaded stock status for 6210 DB products
[2026-08-23T08:13:33.248Z] Establishing browser session...
[2026-08-23T08:13:33.248Z] Establishing browser session...
[2026-08-23T08:13:58.293Z] FATAL: page.goto: Timeout 25000ms exceeded.
Call log:
  - navigating to "https://www.turbocentras.com/", waiting until "domcontentloaded"

[2026-08-23T08:13:58.293Z] FATAL: page.goto: Timeout 25000ms exceeded.
Call log:
  - navigating to "https://www.turbocentras.com/", waiting until "domcontentloaded"

[2026-08-23T08:14:02.656Z] === Stock checker starting ===
[2026-08-23T08:14:02.656Z] === Stock checker starting ===
[2026-08-23T08:14:02.672Z] Loaded 6209 products with URLs
[2026-08-23T08:14:02.672Z] Loaded 6209 products with URLs
[2026-08-23T08:14:02.672Z] Loading current stock status from Supabase...
[2026-08-23T08:14:02.672Z] Loading current stock status from Supabase...
[2026-08-23T08:14:03.179Z] Loaded stock status for 6210 DB products
[2026-08-23T08:14:03.179Z] Loaded stock status for 6210 DB products
[2026-08-23T08:14:03.343Z] Establishing browser session...
[2026-08-23T08:14:03.343Z] Establishing browser session...
[2026-08-23T08:14:28.408Z] FATAL: page.goto: Timeout 25000ms exceeded.
Call log:
  - navigating to "https://www.turbocentras.com/", waiting until "domcontentloaded"

[2026-08-23T08:14:28.408Z] FATAL: page.goto: Timeout 25000ms exceeded.
Call log:
  - navigating to "https://www.turbocentras.com/", waiting until "domcontentloaded"

[2026-08-23T08:14:32.787Z] === Stock checker starting ===
[2026-08-23T08:14:32.787Z] === Stock checker starting ===
[2026-08-23T08:14:32.804Z] Loaded 6209 products with URLs
[2026-08-23T08:14:32.804Z] Loaded 6209 products with URLs
[2026-08-23T08:14:32.804Z] Loading current stock status from Supabase...
[2026-08-23T08:14:32.804Z] Loading current stock status from Supabase...
[2026-08-23T08:14:33.397Z] Loaded stock status for 6210 DB products
[2026-08-23T08:14:33.397Z] Loaded stock status for 6210 DB products
[2026-08-23T08:14:33.574Z] Establishing browser session...
[2026-08-23T08:14:33.574Z] Establishing browser session...
[2026-08-23T08:14:58.627Z] FATAL: page.goto: Timeout 25000ms exceeded.
Call log:
  - navigating to "https://www.turbocentras.com/", waiting until "domcontentloaded"

[2026-08-23T08:14:58.627Z] FATAL: page.goto: Timeout 25000ms exceeded.
Call log:
  - navigating to "https://www.turbocentras.com/", waiting until "domcontentloaded"

[2026-08-23T08:15:03.017Z] === Stock checker starting ===
[2026-08-23T08:15:03.017Z] === Stock checker starting ===
[2026-08-23T08:15:03.033Z] Loaded 6209 products with URLs
[2026-08-23T08:15:03.033Z] Loaded 6209 products with URLs
[2026-08-23T08:15:03.034Z] Loading current stock status from Supabase...
[2026-08-23T08:15:03.034Z] Loading current stock status from Supabase...
[2026-08-23T08:15:03.637Z] Loaded stock status for 6210 DB products
[2026-08-23T08:15:03.637Z] Loaded stock status for 6210 DB products
[2026-08-23T08:15:03.811Z] Establishing browser session...
[2026-08-23T08:15:03.811Z] Establishing browser session...
[2026-08-23T08:15:28.864Z] FATAL: page.goto: Timeout 25000ms exceeded.
Call log:
  - navigating to "https://www.turbocentras.com/", waiting until "domcontentloaded"

[2026-08-23T08:15:28.864Z] FATAL: page.goto: Timeout 25000ms exceeded.
Call log:
  - navigating to "https://www.turbocentras.com/", waiting until "domcontentloaded"

[2026-08-23T08:15:33.282Z] === Stock checker starting ===
[2026-08-23T08:15:33.282Z] === Stock checker starting ===
[2026-08-23T08:15:33.303Z] Loaded 6209 products with URLs
[2026-08-23T08:15:33.303Z] Loaded 6209 products with URLs
[2026-08-23T08:15:33.303Z] Loading current stock status from Supabase...
[2026-08-23T08:15:33.303Z] Loading current stock status from Supabase...
[2026-08-23T08:15:33.877Z] Loaded stock status for 6210 DB products
[2026-08-23T08:15:33.877Z] Loaded stock status for 6210 DB products
[2026-08-23T08:15:34.073Z] Establishing browser session...
[2026-08-23T08:15:34.073Z] Establishing browser session...
[2026-08-23T08:15:59.130Z] FATAL: page.goto: Timeout 25000ms exceeded.
Call log:
  - navigating to "https://www.turbocentras.com/", waiting until "domcontentloaded"

[2026-08-23T08:15:59.130Z] FATAL: page.goto: Timeout 25000ms exceeded.
Call log:
  - navigating to "https://www.turbocentras.com/", waiting until "domcontentloaded"

[2026-08-23T08:16:03.533Z] === Stock checker starting ===
[2026-08-23T08:16:03.533Z] === Stock checker starting ===
[2026-08-23T08:16:03.553Z] Loaded 6209 products with URLs
[2026-08-23T08:16:03.553Z] Loaded 6209 products with URLs
[2026-08-23T08:16:03.553Z] Loading current stock status from Supabase...
[2026-08-23T08:16:03.553Z] Loading current stock status from Supabase...
[2026-08-23T08:16:04.086Z] Loaded stock status for 6210 DB products
[2026-08-23T08:16:04.086Z] Loaded stock status for 6210 DB products
[2026-08-23T08:16:04.261Z] Establishing browser session...
[2026-08-23T08:16:04.261Z] Establishing browser session...
[2026-08-23T08:16:29.318Z] FATAL: page.goto: Timeout 25000ms exceeded.
Call log:
  - navigating to "https://www.turbocentras.com/", waiting until "domcontentloaded"

[2026-08-23T08:16:29.318Z] FATAL: page.goto: Timeout 25000ms exceeded.
Call log:
  - navigating to "https://www.turbocentras.com/", waiting until "domcontentloaded"

[2026-08-23T08:16:33.733Z] === Stock checker starting ===
[2026-08-23T08:16:33.733Z] === Stock checker starting ===
[2026-08-23T08:16:33.753Z] Loaded 6209 products with URLs
[2026-08-23T08:16:33.753Z] Loaded 6209 products with URLs
[2026-08-23T08:16:33.753Z] Loading current stock status from Supabase...
[2026-08-23T08:16:33.753Z] Loading current stock status from Supabase...
[2026-08-23T08:16:34.404Z] Loaded stock status for 6210 DB products
[2026-08-23T08:16:34.404Z] Loaded stock status for 6210 DB products
[2026-08-23T08:16:34.701Z] Establishing browser session...
[2026-08-23T08:16:34.701Z] Establishing browser session...
[2026-08-23T08:16:59.786Z] FATAL: page.goto: Timeout 25000ms exceeded.
Call log:
  - navigating to "https://www.turbocentras.com/", waiting until "domcontentloaded"

[2026-08-23T08:16:59.786Z] FATAL: page.goto: Timeout 25000ms exceeded.
Call log:
  - navigating to "https://www.turbocentras.com/", waiting until "domcontentloaded"

[2026-08-23T08:17:04.192Z] === Stock checker starting ===
[2026-08-23T08:17:04.192Z] === Stock checker starting ===
[2026-08-23T08:17:04.211Z] Loaded 6209 products with URLs
[2026-08-23T08:17:04.211Z] Loaded 6209 products with URLs
[2026-08-23T08:17:04.212Z] Loading current stock status from Supabase...
[2026-08-23T08:17:04.212Z] Loading current stock status from Supabase...
[2026-08-23T08:17:04.830Z] Loaded stock status for 6210 DB products
[2026-08-23T08:17:04.830Z] Loaded stock status for 6210 DB products
[2026-08-23T08:17:05.026Z] Establishing browser session...
[2026-08-23T08:17:05.026Z] Establishing browser session...
[2026-08-23T08:17:30.083Z] FATAL: page.goto: Timeout 25000ms exceeded.
Call log:
  - navigating to "https://www.turbocentras.com/", waiting until "domcontentloaded"

[2026-08-23T08:17:30.083Z] FATAL: page.goto: Timeout 25000ms exceeded.
Call log:
  - navigating to "https://www.turbocentras.com/", waiting until "domcontentloaded"

[2026-08-23T08:17:34.499Z] === Stock checker starting ===
[2026-08-23T08:17:34.499Z] === Stock checker starting ===
[2026-08-23T08:17:34.516Z] Loaded 6209 products with URLs
[2026-08-23T08:17:34.516Z] Loaded 6209 products with URLs
[2026-08-23T08:17:34.516Z] Loading current stock status from Supabase...
[2026-08-23T08:17:34.516Z] Loading current stock status from Supabase...
[2026-08-23T08:17:35.371Z] Loaded stock status for 6210 DB products
[2026-08-23T08:17:35.371Z] Loaded stock status for 6210 DB products
[2026-08-23T08:17:35.547Z] Establishing browser session...
[2026-08-23T08:17:35.547Z] Establishing browser session...
[2026-08-23T08:18:00.604Z] FATAL: page.goto: Timeout 25000ms exceeded.
Call log:
  - navigating to "https://www.turbocentras.com/", waiting until "domcontentloaded"

[2026-08-23T08:18:00.604Z] FATAL: page.goto: Timeout 25000ms exceeded.
Call log:
  - navigating to "https://www.turbocentras.com/", waiting until "domcontentloaded"

[2026-08-23T08:18:04.979Z] === Stock checker starting ===
[2026-08-23T08:18:04.979Z] === Stock checker starting ===
[2026-08-23T08:18:04.996Z] Loaded 6209 products with URLs
[2026-08-23T08:18:04.996Z] Loaded 6209 products with URLs
[2026-08-23T08:18:04.996Z] Loading current stock status from Supabase...
[2026-08-23T08:18:04.996Z] Loading current stock status from Supabase...
[2026-08-23T08:18:05.493Z] Loaded stock status for 6210 DB products
[2026-08-23T08:18:05.493Z] Loaded stock status for 6210 DB products
[2026-08-23T08:18:05.667Z] Establishing browser session...
[2026-08-23T08:18:05.667Z] Establishing browser session...
[2026-08-23T08:18:30.711Z] FATAL: page.goto: Timeout 25000ms exceeded.
Call log:
  - navigating to "https://www.turbocentras.com/", waiting until "domcontentloaded"

[2026-08-23T08:18:30.711Z] FATAL: page.goto: Timeout 25000ms exceeded.
Call log:
  - navigating to "https://www.turbocentras.com/", waiting until "domcontentloaded"

[2026-08-23T08:18:35.127Z] === Stock checker starting ===
[2026-08-23T08:18:35.127Z] === Stock checker starting ===
[2026-08-23T08:18:35.147Z] Loaded 6209 products with URLs
[2026-08-23T08:18:35.147Z] Loaded 6209 products with URLs
[2026-08-23T08:18:35.147Z] Loading current stock status from Supabase...
[2026-08-23T08:18:35.147Z] Loading current stock status from Supabase...
[2026-08-23T08:18:35.700Z] Loaded stock status for 6210 DB products
[2026-08-23T08:18:35.700Z] Loaded stock status for 6210 DB products
[2026-08-23T08:18:35.894Z] Establishing browser session...
[2026-08-23T08:18:35.894Z] Establishing browser session...
[2026-08-23T08:19:00.953Z] FATAL: page.goto: Timeout 25000ms exceeded.
Call log:
  - navigating to "https://www.turbocentras.com/", waiting until "domcontentloaded"

[2026-08-23T08:19:00.953Z] FATAL: page.goto: Timeout 25000ms exceeded.
Call log:
  - navigating to "https://www.turbocentras.com/", waiting until "domcontentloaded"

[2026-08-23T08:19:05.376Z] === Stock checker starting ===
[2026-08-23T08:19:05.376Z] === Stock checker starting ===
[2026-08-23T08:19:05.395Z] Loaded 6209 products with URLs
[2026-08-23T08:19:05.395Z] Loaded 6209 products with URLs
[2026-08-23T08:19:05.395Z] Loading current stock status from Supabase...
[2026-08-23T08:19:05.395Z] Loading current stock status from Supabase...
[2026-08-23T08:19:05.930Z] Loaded stock status for 6210 DB products
[2026-08-23T08:19:05.930Z] Loaded stock status for 6210 DB products
[2026-08-23T08:19:06.115Z] Establishing browser session...
[2026-08-23T08:19:06.115Z] Establishing browser session...
[2026-08-23T08:19:31.172Z] FATAL: page.goto: Timeout 25000ms exceeded.
Call log:
  - navigating to "https://www.turbocentras.com/", waiting until "domcontentloaded"

[2026-08-23T08:19:31.172Z] FATAL: page.goto: Timeout 25000ms exceeded.
Call log:
  - navigating to "https://www.turbocentras.com/", waiting until "domcontentloaded"

[2026-08-23T08:19:35.534Z] === Stock checker starting ===
[2026-08-23T08:19:35.534Z] === Stock checker starting ===
[2026-08-23T08:19:35.550Z] Loaded 6209 products with URLs
[2026-08-23T08:19:35.550Z] Loaded 6209 products with URLs
[2026-08-23T08:19:35.551Z] Loading current stock status from Supabase...
[2026-08-23T08:19:35.551Z] Loading current stock status from Supabase...
[2026-08-23T08:19:36.267Z] Loaded stock status for 6210 DB products
[2026-08-23T08:19:36.267Z] Loaded stock status for 6210 DB products
[2026-08-23T08:19:36.428Z] Establishing browser session...
[2026-08-23T08:19:36.428Z] Establishing browser session...
[2026-08-23T08:20:01.476Z] FATAL: page.goto: Timeout 25000ms exceeded.
Call log:
  - navigating to "https://www.turbocentras.com/", waiting until "domcontentloaded"

[2026-08-23T08:20:01.476Z] FATAL: page.goto: Timeout 25000ms exceeded.
Call log:
  - navigating to "https://www.turbocentras.com/", waiting until "domcontentloaded"

[2026-08-23T08:20:05.849Z] === Stock checker starting ===
[2026-08-23T08:20:05.849Z] === Stock checker starting ===
[2026-08-23T08:20:05.865Z] Loaded 6209 products with URLs
[2026-08-23T08:20:05.865Z] Loaded 6209 products with URLs
[2026-08-23T08:20:05.865Z] Loading current stock status from Supabase...
[2026-08-23T08:20:05.865Z] Loading current stock status from Supabase...
[2026-08-23T08:20:06.390Z] Loaded stock status for 6210 DB products
[2026-08-23T08:20:06.390Z] Loaded stock status for 6210 DB products
[2026-08-23T08:20:06.559Z] Establishing browser session...
[2026-08-23T08:20:06.559Z] Establishing browser session...
[2026-08-23T08:20:31.610Z] FATAL: page.goto: Timeout 25000ms exceeded.
Call log:
  - navigating to "https://www.turbocentras.com/", waiting until "domcontentloaded"

[2026-08-23T08:20:31.610Z] FATAL: page.goto: Timeout 25000ms exceeded.
Call log:
  - navigating to "https://www.turbocentras.com/", waiting until "domcontentloaded"

[2026-08-23T08:20:36.010Z] === Stock checker starting ===
[2026-08-23T08:20:36.010Z] === Stock checker starting ===
[2026-08-23T08:20:36.027Z] Loaded 6209 products with URLs
[2026-08-23T08:20:36.027Z] Loaded 6209 products with URLs
[2026-08-23T08:20:36.027Z] Loading current stock status from Supabase...
[2026-08-23T08:20:36.027Z] Loading current stock status from Supabase...
[2026-08-23T08:20:37.197Z] Loaded stock status for 6210 DB products
[2026-08-23T08:20:37.197Z] Loaded stock status for 6210 DB products
[2026-08-23T08:20:37.375Z] Establishing browser session...
[2026-08-23T08:20:37.375Z] Establishing browser session...
[2026-08-23T08:21:02.447Z] FATAL: page.goto: Timeout 25000ms exceeded.
Call log:
  - navigating to "https://www.turbocentras.com/", waiting until "domcontentloaded"

[2026-08-23T08:21:02.447Z] FATAL: page.goto: Timeout 25000ms exceeded.
Call log:
  - navigating to "https://www.turbocentras.com/", waiting until "domcontentloaded"

[2026-08-23T08:21:06.826Z] === Stock checker starting ===
[2026-08-23T08:21:06.826Z] === Stock checker starting ===
[2026-08-23T08:21:06.842Z] Loaded 6209 products with URLs
[2026-08-23T08:21:06.842Z] Loaded 6209 products with URLs
[2026-08-23T08:21:06.842Z] Loading current stock status from Supabase...
[2026-08-23T08:21:06.842Z] Loading current stock status from Supabase...
[2026-08-23T08:21:07.736Z] Loaded stock status for 6210 DB products
[2026-08-23T08:21:07.736Z] Loaded stock status for 6210 DB products
[2026-08-23T08:21:07.900Z] Establishing browser session...
[2026-08-23T08:21:07.900Z] Establishing browser session...
[2026-08-23T08:21:32.949Z] FATAL: page.goto: Timeout 25000ms exceeded.
Call log:
  - navigating to "https://www.turbocentras.com/", waiting until "domcontentloaded"

[2026-08-23T08:21:32.949Z] FATAL: page.goto: Timeout 25000ms exceeded.
Call log:
  - navigating to "https://www.turbocentras.com/", waiting until "domcontentloaded"

[2026-08-23T08:21:37.313Z] === Stock checker starting ===
[2026-08-23T08:21:37.313Z] === Stock checker starting ===
[2026-08-23T08:21:37.330Z] Loaded 6209 products with URLs
[2026-08-23T08:21:37.330Z] Loaded 6209 products with URLs
[2026-08-23T08:21:37.330Z] Loading current stock status from Supabase...
[2026-08-23T08:21:37.330Z] Loading current stock status from Supabase...
[2026-08-23T08:21:38.024Z] Loaded stock status for 6210 DB products
[2026-08-23T08:21:38.024Z] Loaded stock status for 6210 DB products
[2026-08-23T08:21:38.191Z] Establishing browser session...
[2026-08-23T08:21:38.191Z] Establishing browser session...
[2026-08-23T08:22:03.238Z] FATAL: page.goto: Timeout 25000ms exceeded.
Call log:
  - navigating to "https://www.turbocentras.com/", waiting until "domcontentloaded"

[2026-08-23T08:22:03.238Z] FATAL: page.goto: Timeout 25000ms exceeded.
Call log:
  - navigating to "https://www.turbocentras.com/", waiting until "domcontentloaded"

[2026-08-23T08:22:07.657Z] === Stock checker starting ===
[2026-08-23T08:22:07.657Z] === Stock checker starting ===
[2026-08-23T08:22:07.677Z] Loaded 6209 products with URLs
[2026-08-23T08:22:07.677Z] Loaded 6209 products with URLs
[2026-08-23T08:22:07.677Z] Loading current stock status from Supabase...
[2026-08-23T08:22:07.677Z] Loading current stock status from Supabase...
[2026-08-23T08:22:08.501Z] Loaded stock status for 6210 DB products
[2026-08-23T08:22:08.501Z] Loaded stock status for 6210 DB products
[2026-08-23T08:22:08.676Z] Establishing browser session...
[2026-08-23T08:22:08.676Z] Establishing browser session...
[2026-08-23T08:22:33.733Z] FATAL: page.goto: Timeout 25000ms exceeded.
Call log:
  - navigating to "https://www.turbocentras.com/", waiting until "domcontentloaded"

[2026-08-23T08:22:33.733Z] FATAL: page.goto: Timeout 25000ms exceeded.
Call log:
  - navigating to "https://www.turbocentras.com/", waiting until "domcontentloaded"

[2026-08-23T08:22:38.140Z] === Stock checker starting ===
[2026-08-23T08:22:38.140Z] === Stock checker starting ===
[2026-08-23T08:22:38.157Z] Loaded 6209 products with URLs
[2026-08-23T08:22:38.157Z] Loaded 6209 products with URLs
[2026-08-23T08:22:38.157Z] Loading current stock status from Supabase...
[2026-08-23T08:22:38.157Z] Loading current stock status from Supabase...
[2026-08-23T08:22:38.716Z] Loaded stock status for 6210 DB products
[2026-08-23T08:22:38.716Z] Loaded stock status for 6210 DB products
[2026-08-23T08:22:38.897Z] Establishing browser session...
[2026-08-23T08:22:38.897Z] Establishing browser session...
[2026-08-23T08:23:03.952Z] FATAL: page.goto: Timeout 25000ms exceeded.
Call log:
  - navigating to "https://www.turbocentras.com/", waiting until "domcontentloaded"

[2026-08-23T08:23:03.952Z] FATAL: page.goto: Timeout 25000ms exceeded.
Call log:
  - navigating to "https://www.turbocentras.com/", waiting until "domcontentloaded"

[2026-08-23T08:23:08.317Z] === Stock checker starting ===
[2026-08-23T08:23:08.317Z] === Stock checker starting ===
[2026-08-23T08:23:08.333Z] Loaded 6209 products with URLs
[2026-08-23T08:23:08.333Z] Loaded 6209 products with URLs
[2026-08-23T08:23:08.333Z] Loading current stock status from Supabase...
[2026-08-23T08:23:08.333Z] Loading current stock status from Supabase...
[2026-08-23T08:23:08.848Z] Loaded stock status for 6210 DB products
[2026-08-23T08:23:08.848Z] Loaded stock status for 6210 DB products
[2026-08-23T08:23:09.008Z] Establishing browser session...
[2026-08-23T08:23:09.008Z] Establishing browser session...
[2026-08-23T08:23:34.054Z] FATAL: page.goto: Timeout 25000ms exceeded.
Call log:
  - navigating to "https://www.turbocentras.com/", waiting until "domcontentloaded"

[2026-08-23T08:23:34.054Z] FATAL: page.goto: Timeout 25000ms exceeded.
Call log:
  - navigating to "https://www.turbocentras.com/", waiting until "domcontentloaded"

[2026-08-23T08:23:38.416Z] === Stock checker starting ===
[2026-08-23T08:23:38.416Z] === Stock checker starting ===
[2026-08-23T08:23:38.432Z] Loaded 6209 products with URLs
[2026-08-23T08:23:38.432Z] Loaded 6209 products with URLs
[2026-08-23T08:23:38.432Z] Loading current stock status from Supabase...
[2026-08-23T08:23:38.432Z] Loading current stock status from Supabase...
[2026-08-23T08:23:39.040Z] Loaded stock status for 6210 DB products
[2026-08-23T08:23:39.040Z] Loaded stock status for 6210 DB products
[2026-08-23T08:23:39.202Z] Establishing browser session...
[2026-08-23T08:23:39.202Z] Establishing browser session...
[2026-08-23T08:24:04.248Z] FATAL: page.goto: Timeout 25000ms exceeded.
Call log:
  - navigating to "https://www.turbocentras.com/", waiting until "domcontentloaded"

[2026-08-23T08:24:04.248Z] FATAL: page.goto: Timeout 25000ms exceeded.
Call log:
  - navigating to "https://www.turbocentras.com/", waiting until "domcontentloaded"

[2026-08-23T08:24:08.638Z] === Stock checker starting ===
[2026-08-23T08:24:08.638Z] === Stock checker starting ===
[2026-08-23T08:24:08.654Z] Loaded 6209 products with URLs
[2026-08-23T08:24:08.654Z] Loaded 6209 products with URLs
[2026-08-23T08:24:08.654Z] Loading current stock status from Supabase...
[2026-08-23T08:24:08.654Z] Loading current stock status from Supabase...
[2026-08-23T08:24:09.165Z] Loaded stock status for 6210 DB products
[2026-08-23T08:24:09.165Z] Loaded stock status for 6210 DB products
[2026-08-23T08:24:09.347Z] Establishing browser session...
[2026-08-23T08:24:09.347Z] Establishing browser session...
[2026-08-23T08:24:34.402Z] FATAL: page.goto: Timeout 25000ms exceeded.
Call log:
  - navigating to "https://www.turbocentras.com/", waiting until "domcontentloaded"

[2026-08-23T08:24:34.402Z] FATAL: page.goto: Timeout 25000ms exceeded.
Call log:
  - navigating to "https://www.turbocentras.com/", waiting until "domcontentloaded"

[2026-08-23T08:24:38.767Z] === Stock checker starting ===
[2026-08-23T08:24:38.767Z] === Stock checker starting ===
[2026-08-23T08:24:38.783Z] Loaded 6209 products with URLs
[2026-08-23T08:24:38.783Z] Loaded 6209 products with URLs
[2026-08-23T08:24:38.783Z] Loading current stock status from Supabase...
[2026-08-23T08:24:38.783Z] Loading current stock status from Supabase...
[2026-08-23T08:24:39.335Z] Loaded stock status for 6210 DB products
[2026-08-23T08:24:39.335Z] Loaded stock status for 6210 DB products
[2026-08-23T08:24:39.503Z] Establishing browser session...
[2026-08-23T08:24:39.503Z] Establishing browser session...
[2026-08-23T08:25:04.549Z] FATAL: page.goto: Timeout 25000ms exceeded.
Call log:
  - navigating to "https://www.turbocentras.com/", waiting until "domcontentloaded"

[2026-08-23T08:25:04.549Z] FATAL: page.goto: Timeout 25000ms exceeded.
Call log:
  - navigating to "https://www.turbocentras.com/", waiting until "domcontentloaded"

[2026-08-23T08:25:08.906Z] === Stock checker starting ===
[2026-08-23T08:25:08.906Z] === Stock checker starting ===
[2026-08-23T08:25:08.922Z] Loaded 6209 products with URLs
[2026-08-23T08:25:08.922Z] Loaded 6209 products with URLs
[2026-08-23T08:25:08.922Z] Loading current stock status from Supabase...
[2026-08-23T08:25:08.922Z] Loading current stock status from Supabase...
[2026-08-23T08:25:09.432Z] Loaded stock status for 6210 DB products
[2026-08-23T08:25:09.432Z] Loaded stock status for 6210 DB products
[2026-08-23T08:25:09.588Z] Establishing browser session...
[2026-08-23T08:25:09.588Z] Establishing browser session...
[2026-08-23T08:25:34.634Z] FATAL: page.goto: Timeout 25000ms exceeded.
Call log:
  - navigating to "https://www.turbocentras.com/", waiting until "domcontentloaded"

[2026-08-23T08:25:34.634Z] FATAL: page.goto: Timeout 25000ms exceeded.
Call log:
  - navigating to "https://www.turbocentras.com/", waiting until "domcontentloaded"

[2026-08-23T08:25:39.001Z] === Stock checker starting ===
[2026-08-23T08:25:39.001Z] === Stock checker starting ===
[2026-08-23T08:25:39.017Z] Loaded 6209 products with URLs
[2026-08-23T08:25:39.017Z] Loaded 6209 products with URLs
[2026-08-23T08:25:39.018Z] Loading current stock status from Supabase...
[2026-08-23T08:25:39.018Z] Loading current stock status from Supabase...
[2026-08-23T08:25:39.623Z] Loaded stock status for 6210 DB products
[2026-08-23T08:25:39.623Z] Loaded stock status for 6210 DB products
[2026-08-23T08:25:39.778Z] Establishing browser session...
[2026-08-23T08:25:39.778Z] Establishing browser session...
[2026-08-23T08:26:04.824Z] FATAL: page.goto: Timeout 25000ms exceeded.
Call log:
  - navigating to "https://www.turbocentras.com/", waiting until "domcontentloaded"

[2026-08-23T08:26:04.824Z] FATAL: page.goto: Timeout 25000ms exceeded.
Call log:
  - navigating to "https://www.turbocentras.com/", waiting until "domcontentloaded"

[2026-08-23T08:26:09.221Z] === Stock checker starting ===
[2026-08-23T08:26:09.221Z] === Stock checker starting ===
[2026-08-23T08:26:09.238Z] Loaded 6209 products with URLs
[2026-08-23T08:26:09.238Z] Loaded 6209 products with URLs
[2026-08-23T08:26:09.238Z] Loading current stock status from Supabase...
[2026-08-23T08:26:09.238Z] Loading current stock status from Supabase...
[2026-08-23T08:26:09.748Z] Loaded stock status for 6210 DB products
[2026-08-23T08:26:09.748Z] Loaded stock status for 6210 DB products
[2026-08-23T08:26:09.935Z] Establishing browser session...
[2026-08-23T08:26:09.935Z] Establishing browser session...
[2026-08-23T08:26:34.999Z] FATAL: page.goto: Timeout 25000ms exceeded.
Call log:
  - navigating to "https://www.turbocentras.com/", waiting until "domcontentloaded"

[2026-08-23T08:26:34.999Z] FATAL: page.goto: Timeout 25000ms exceeded.
Call log:
  - navigating to "https://www.turbocentras.com/", waiting until "domcontentloaded"

[2026-08-23T08:26:39.362Z] === Stock checker starting ===
[2026-08-23T08:26:39.362Z] === Stock checker starting ===
[2026-08-23T08:26:39.378Z] Loaded 6209 products with URLs
[2026-08-23T08:26:39.378Z] Loaded 6209 products with URLs
[2026-08-23T08:26:39.379Z] Loading current stock status from Supabase...
[2026-08-23T08:26:39.379Z] Loading current stock status from Supabase...
[2026-08-23T08:26:39.979Z] Loaded stock status for 6210 DB products
[2026-08-23T08:26:39.979Z] Loaded stock status for 6210 DB products
[2026-08-23T08:26:40.132Z] Establishing browser session...
[2026-08-23T08:26:40.132Z] Establishing browser session...
[2026-08-23T08:27:05.183Z] FATAL: page.goto: Timeout 25000ms exceeded.
Call log:
  - navigating to "https://www.turbocentras.com/", waiting until "domcontentloaded"

[2026-08-23T08:27:05.183Z] FATAL: page.goto: Timeout 25000ms exceeded.
Call log:
  - navigating to "https://www.turbocentras.com/", waiting until "domcontentloaded"

[2026-08-23T08:27:09.591Z] === Stock checker starting ===
[2026-08-23T08:27:09.591Z] === Stock checker starting ===
[2026-08-23T08:27:09.611Z] Loaded 6209 products with URLs
[2026-08-23T08:27:09.611Z] Loaded 6209 products with URLs
[2026-08-23T08:27:09.611Z] Loading current stock status from Supabase...
[2026-08-23T08:27:09.611Z] Loading current stock status from Supabase...
[2026-08-23T08:27:10.255Z] Loaded stock status for 6210 DB products
[2026-08-23T08:27:10.255Z] Loaded stock status for 6210 DB products
[2026-08-23T08:27:10.432Z] Establishing browser session...
[2026-08-23T08:27:10.432Z] Establishing browser session...
[2026-08-23T08:27:35.491Z] FATAL: page.goto: Timeout 25000ms exceeded.
Call log:
  - navigating to "https://www.turbocentras.com/", waiting until "domcontentloaded"

[2026-08-23T08:27:35.491Z] FATAL: page.goto: Timeout 25000ms exceeded.
Call log:
  - navigating to "https://www.turbocentras.com/", waiting until "domcontentloaded"

[2026-08-23T08:27:39.862Z] === Stock checker starting ===
[2026-08-23T08:27:39.862Z] === Stock checker starting ===
[2026-08-23T08:27:39.878Z] Loaded 6209 products with URLs
[2026-08-23T08:27:39.878Z] Loaded 6209 products with URLs
[2026-08-23T08:27:39.878Z] Loading current stock status from Supabase...
[2026-08-23T08:27:39.878Z] Loading current stock status from Supabase...
[2026-08-23T08:27:40.519Z] Loaded stock status for 6210 DB products
[2026-08-23T08:27:40.519Z] Loaded stock status for 6210 DB products
[2026-08-23T08:27:40.685Z] Establishing browser session...
[2026-08-23T08:27:40.685Z] Establishing browser session...
[2026-08-23T08:28:05.731Z] FATAL: page.goto: Timeout 25000ms exceeded.
Call log:
  - navigating to "https://www.turbocentras.com/", waiting until "domcontentloaded"

[2026-08-23T08:28:05.731Z] FATAL: page.goto: Timeout 25000ms exceeded.
Call log:
  - navigating to "https://www.turbocentras.com/", waiting until "domcontentloaded"

[2026-08-23T08:28:10.130Z] === Stock checker starting ===
[2026-08-23T08:28:10.130Z] === Stock checker starting ===
[2026-08-23T08:28:10.145Z] Loaded 6209 products with URLs
[2026-08-23T08:28:10.145Z] Loaded 6209 products with URLs
[2026-08-23T08:28:10.146Z] Loading current stock status from Supabase...
[2026-08-23T08:28:10.146Z] Loading current stock status from Supabase...
[2026-08-23T08:28:10.671Z] Loaded stock status for 6210 DB products
[2026-08-23T08:28:10.671Z] Loaded stock status for 6210 DB products
[2026-08-23T08:28:10.851Z] Establishing browser session...
[2026-08-23T08:28:10.851Z] Establishing browser session...
[2026-08-23T08:28:35.907Z] FATAL: page.goto: Timeout 25000ms exceeded.
Call log:
  - navigating to "https://www.turbocentras.com/", waiting until "domcontentloaded"

[2026-08-23T08:28:35.907Z] FATAL: page.goto: Timeout 25000ms exceeded.
Call log:
  - navigating to "https://www.turbocentras.com/", waiting until "domcontentloaded"

[2026-08-23T08:28:40.274Z] === Stock checker starting ===
[2026-08-23T08:28:40.274Z] === Stock checker starting ===
[2026-08-23T08:28:40.291Z] Loaded 6209 products with URLs
[2026-08-23T08:28:40.291Z] Loaded 6209 products with URLs
[2026-08-23T08:28:40.291Z] Loading current stock status from Supabase...
[2026-08-23T08:28:40.291Z] Loading current stock status from Supabase...
[2026-08-23T08:28:41.049Z] Loaded stock status for 6210 DB products
[2026-08-23T08:28:41.049Z] Loaded stock status for 6210 DB products
[2026-08-23T08:28:41.215Z] Establishing browser session...
[2026-08-23T08:28:41.215Z] Establishing browser session...
[2026-08-23T08:29:06.261Z] FATAL: page.goto: Timeout 25000ms exceeded.
Call log:
  - navigating to "https://www.turbocentras.com/", waiting until "domcontentloaded"

[2026-08-23T08:29:06.261Z] FATAL: page.goto: Timeout 25000ms exceeded.
Call log:
  - navigating to "https://www.turbocentras.com/", waiting until "domcontentloaded"

[2026-08-23T08:29:10.623Z] === Stock checker starting ===
[2026-08-23T08:29:10.623Z] === Stock checker starting ===
[2026-08-23T08:29:10.639Z] Loaded 6209 products with URLs
[2026-08-23T08:29:10.639Z] Loaded 6209 products with URLs
[2026-08-23T08:29:10.639Z] Loading current stock status from Supabase...
[2026-08-23T08:29:10.639Z] Loading current stock status from Supabase...
[2026-08-23T08:29:11.295Z] Loaded stock status for 6210 DB products
[2026-08-23T08:29:11.295Z] Loaded stock status for 6210 DB products
[2026-08-23T08:29:11.464Z] Establishing browser session...
[2026-08-23T08:29:11.464Z] Establishing browser session...
[2026-08-23T08:29:36.510Z] FATAL: page.goto: Timeout 25000ms exceeded.
Call log:
  - navigating to "https://www.turbocentras.com/", waiting until "domcontentloaded"

[2026-08-23T08:29:36.510Z] FATAL: page.goto: Timeout 25000ms exceeded.
Call log:
  - navigating to "https://www.turbocentras.com/", waiting until "domcontentloaded"

[2026-08-23T08:29:40.871Z] === Stock checker starting ===
[2026-08-23T08:29:40.871Z] === Stock checker starting ===
[2026-08-23T08:29:40.888Z] Loaded 6209 products with URLs
[2026-08-23T08:29:40.888Z] Loaded 6209 products with URLs
[2026-08-23T08:29:40.888Z] Loading current stock status from Supabase...
[2026-08-23T08:29:40.888Z] Loading current stock status from Supabase...
[2026-08-23T08:29:41.474Z] Loaded stock status for 6210 DB products
[2026-08-23T08:29:41.474Z] Loaded stock status for 6210 DB products
[2026-08-23T08:29:41.633Z] Establishing browser session...
[2026-08-23T08:29:41.633Z] Establishing browser session...
[2026-08-23T08:30:06.679Z] FATAL: page.goto: Timeout 25000ms exceeded.
Call log:
  - navigating to "https://www.turbocentras.com/", waiting until "domcontentloaded"

[2026-08-23T08:30:06.679Z] FATAL: page.goto: Timeout 25000ms exceeded.
Call log:
  - navigating to "https://www.turbocentras.com/", waiting until "domcontentloaded"

[2026-08-23T08:30:11.100Z] === Stock checker starting ===
[2026-08-23T08:30:11.100Z] === Stock checker starting ===
[2026-08-23T08:30:11.120Z] Loaded 6209 products with URLs
[2026-08-23T08:30:11.120Z] Loaded 6209 products with URLs
[2026-08-23T08:30:11.120Z] Loading current stock status from Supabase...
[2026-08-23T08:30:11.120Z] Loading current stock status from Supabase...
[2026-08-23T08:30:11.747Z] Loaded stock status for 6210 DB products
[2026-08-23T08:30:11.747Z] Loaded stock status for 6210 DB products
[2026-08-23T08:30:11.936Z] Establishing browser session...
[2026-08-23T08:30:11.936Z] Establishing browser session...
[2026-08-23T08:30:36.994Z] FATAL: page.goto: Timeout 25000ms exceeded.
Call log:
  - navigating to "https://www.turbocentras.com/", waiting until "domcontentloaded"

[2026-08-23T08:30:36.994Z] FATAL: page.goto: Timeout 25000ms exceeded.
Call log:
  - navigating to "https://www.turbocentras.com/", waiting until "domcontentloaded"

[2026-08-23T08:30:41.372Z] === Stock checker starting ===
[2026-08-23T08:30:41.372Z] === Stock checker starting ===
[2026-08-23T08:30:41.389Z] Loaded 6209 products with URLs
[2026-08-23T08:30:41.389Z] Loaded 6209 products with URLs
[2026-08-23T08:30:41.389Z] Loading current stock status from Supabase...
[2026-08-23T08:30:41.389Z] Loading current stock status from Supabase...
[2026-08-23T08:30:41.930Z] Loaded stock status for 6210 DB products
[2026-08-23T08:30:41.930Z] Loaded stock status for 6210 DB products
[2026-08-23T08:30:42.099Z] Establishing browser session...
[2026-08-23T08:30:42.099Z] Establishing browser session...
[2026-08-23T08:31:07.144Z] FATAL: page.goto: Timeout 25000ms exceeded.
Call log:
  - navigating to "https://www.turbocentras.com/", waiting until "domcontentloaded"

[2026-08-23T08:31:07.144Z] FATAL: page.goto: Timeout 25000ms exceeded.
Call log:
  - navigating to "https://www.turbocentras.com/", waiting until "domcontentloaded"

[2026-08-23T08:31:11.505Z] === Stock checker starting ===
[2026-08-23T08:31:11.505Z] === Stock checker starting ===
[2026-08-23T08:31:11.521Z] Loaded 6209 products with URLs
[2026-08-23T08:31:11.521Z] Loaded 6209 products with URLs
[2026-08-23T08:31:11.521Z] Loading current stock status from Supabase...
[2026-08-23T08:31:11.521Z] Loading current stock status from Supabase...
[2026-08-23T08:31:12.126Z] Loaded stock status for 6210 DB products
[2026-08-23T08:31:12.126Z] Loaded stock status for 6210 DB products
[2026-08-23T08:31:12.298Z] Establishing browser session...
[2026-08-23T08:31:12.298Z] Establishing browser session...
[2026-08-23T08:31:37.344Z] FATAL: page.goto: Timeout 25000ms exceeded.
Call log:
  - navigating to "https://www.turbocentras.com/", waiting until "domcontentloaded"

[2026-08-23T08:31:37.344Z] FATAL: page.goto: Timeout 25000ms exceeded.
Call log:
  - navigating to "https://www.turbocentras.com/", waiting until "domcontentloaded"

[2026-08-23T08:31:41.727Z] === Stock checker starting ===
[2026-08-23T08:31:41.727Z] === Stock checker starting ===
[2026-08-23T08:31:41.743Z] Loaded 6209 products with URLs
[2026-08-23T08:31:41.743Z] Loaded 6209 products with URLs
[2026-08-23T08:31:41.743Z] Loading current stock status from Supabase...
[2026-08-23T08:31:41.743Z] Loading current stock status from Supabase...
[2026-08-23T08:31:42.460Z] Loaded stock status for 6210 DB products
[2026-08-23T08:31:42.460Z] Loaded stock status for 6210 DB products
[2026-08-23T08:31:42.642Z] Establishing browser session...
[2026-08-23T08:31:42.642Z] Establishing browser session...
[2026-08-23T08:32:07.700Z] FATAL: page.goto: Timeout 25000ms exceeded.
Call log:
  - navigating to "https://www.turbocentras.com/", waiting until "domcontentloaded"

[2026-08-23T08:32:07.700Z] FATAL: page.goto: Timeout 25000ms exceeded.
Call log:
  - navigating to "https://www.turbocentras.com/", waiting until "domcontentloaded"

[2026-08-23T08:32:12.116Z] === Stock checker starting ===
[2026-08-23T08:32:12.116Z] === Stock checker starting ===
[2026-08-23T08:32:12.136Z] Loaded 6209 products with URLs
[2026-08-23T08:32:12.136Z] Loaded 6209 products with URLs
[2026-08-23T08:32:12.136Z] Loading current stock status from Supabase...
[2026-08-23T08:32:12.136Z] Loading current stock status from Supabase...
[2026-08-23T08:32:13.154Z] Loaded stock status for 6210 DB products
[2026-08-23T08:32:13.154Z] Loaded stock status for 6210 DB products
[2026-08-23T08:32:13.327Z] Establishing browser session...
[2026-08-23T08:32:13.327Z] Establishing browser session...
[2026-08-23T08:32:38.391Z] FATAL: page.goto: Timeout 25000ms exceeded.
Call log:
  - navigating to "https://www.turbocentras.com/", waiting until "domcontentloaded"

[2026-08-23T08:32:38.391Z] FATAL: page.goto: Timeout 25000ms exceeded.
Call log:
  - navigating to "https://www.turbocentras.com/", waiting until "domcontentloaded"

[2026-08-23T08:32:42.767Z] === Stock checker starting ===
[2026-08-23T08:32:42.767Z] === Stock checker starting ===
[2026-08-23T08:32:42.783Z] Loaded 6209 products with URLs
[2026-08-23T08:32:42.783Z] Loaded 6209 products with URLs
[2026-08-23T08:32:42.783Z] Loading current stock status from Supabase...
[2026-08-23T08:32:42.783Z] Loading current stock status from Supabase...
[2026-08-23T08:32:43.324Z] Loaded stock status for 6210 DB products
[2026-08-23T08:32:43.324Z] Loaded stock status for 6210 DB products
[2026-08-23T08:32:43.495Z] Establishing browser session...
[2026-08-23T08:32:43.495Z] Establishing browser session...
[2026-08-23T08:33:08.539Z] FATAL: page.goto: Timeout 25000ms exceeded.
Call log:
  - navigating to "https://www.turbocentras.com/", waiting until "domcontentloaded"

[2026-08-23T08:33:08.539Z] FATAL: page.goto: Timeout 25000ms exceeded.
Call log:
  - navigating to "https://www.turbocentras.com/", waiting until "domcontentloaded"

[2026-08-23T08:33:12.900Z] === Stock checker starting ===
[2026-08-23T08:33:12.900Z] === Stock checker starting ===
[2026-08-23T08:33:12.917Z] Loaded 6209 products with URLs
[2026-08-23T08:33:12.917Z] Loaded 6209 products with URLs
[2026-08-23T08:33:12.917Z] Loading current stock status from Supabase...
[2026-08-23T08:33:12.917Z] Loading current stock status from Supabase...
[2026-08-23T08:33:13.451Z] Loaded stock status for 6210 DB products
[2026-08-23T08:33:13.451Z] Loaded stock status for 6210 DB products
[2026-08-23T08:33:13.603Z] Establishing browser session...
[2026-08-23T08:33:13.603Z] Establishing browser session...
[2026-08-23T08:33:38.648Z] FATAL: page.goto: Timeout 25000ms exceeded.
Call log:
  - navigating to "https://www.turbocentras.com/", waiting until "domcontentloaded"

[2026-08-23T08:33:38.648Z] FATAL: page.goto: Timeout 25000ms exceeded.
Call log:
  - navigating to "https://www.turbocentras.com/", waiting until "domcontentloaded"

[2026-08-23T08:33:43.011Z] === Stock checker starting ===
[2026-08-23T08:33:43.011Z] === Stock checker starting ===
[2026-08-23T08:33:43.027Z] Loaded 6209 products with URLs
[2026-08-23T08:33:43.027Z] Loaded 6209 products with URLs
[2026-08-23T08:33:43.028Z] Loading current stock status from Supabase...
[2026-08-23T08:33:43.028Z] Loading current stock status from Supabase...
[2026-08-23T08:33:43.583Z] Loaded stock status for 6210 DB products
[2026-08-23T08:33:43.583Z] Loaded stock status for 6210 DB products
[2026-08-23T08:33:43.751Z] Establishing browser session...
[2026-08-23T08:33:43.751Z] Establishing browser session...
[2026-08-23T08:34:08.797Z] FATAL: page.goto: Timeout 25000ms exceeded.
Call log:
  - navigating to "https://www.turbocentras.com/", waiting until "domcontentloaded"

[2026-08-23T08:34:08.797Z] FATAL: page.goto: Timeout 25000ms exceeded.
Call log:
  - navigating to "https://www.turbocentras.com/", waiting until "domcontentloaded"

[2026-08-23T08:34:13.161Z] === Stock checker starting ===
[2026-08-23T08:34:13.161Z] === Stock checker starting ===
[2026-08-23T08:34:13.177Z] Loaded 6209 products with URLs
[2026-08-23T08:34:13.177Z] Loaded 6209 products with URLs
[2026-08-23T08:34:13.177Z] Loading current stock status from Supabase...
[2026-08-23T08:34:13.177Z] Loading current stock status from Supabase...
[2026-08-23T08:34:13.738Z] Loaded stock status for 6210 DB products
[2026-08-23T08:34:13.738Z] Loaded stock status for 6210 DB products
[2026-08-23T08:34:13.899Z] Establishing browser session...
[2026-08-23T08:34:13.899Z] Establishing browser session...
[2026-08-23T08:34:38.945Z] FATAL: page.goto: Timeout 25000ms exceeded.
Call log:
  - navigating to "https://www.turbocentras.com/", waiting until "domcontentloaded"

[2026-08-23T08:34:38.945Z] FATAL: page.goto: Timeout 25000ms exceeded.
Call log:
  - navigating to "https://www.turbocentras.com/", waiting until "domcontentloaded"

[2026-08-23T08:34:43.313Z] === Stock checker starting ===
[2026-08-23T08:34:43.313Z] === Stock checker starting ===
[2026-08-23T08:34:43.330Z] Loaded 6209 products with URLs
[2026-08-23T08:34:43.330Z] Loaded 6209 products with URLs
[2026-08-23T08:34:43.330Z] Loading current stock status from Supabase...
[2026-08-23T08:34:43.330Z] Loading current stock status from Supabase...
[2026-08-23T08:34:43.846Z] Loaded stock status for 6210 DB products
[2026-08-23T08:34:43.846Z] Loaded stock status for 6210 DB products
[2026-08-23T08:34:44.012Z] Establishing browser session...
[2026-08-23T08:34:44.012Z] Establishing browser session...
[2026-08-23T08:35:09.058Z] FATAL: page.goto: Timeout 25000ms exceeded.
Call log:
  - navigating to "https://www.turbocentras.com/", waiting until "domcontentloaded"

[2026-08-23T08:35:09.058Z] FATAL: page.goto: Timeout 25000ms exceeded.
Call log:
  - navigating to "https://www.turbocentras.com/", waiting until "domcontentloaded"

[2026-08-23T08:35:13.417Z] === Stock checker starting ===
[2026-08-23T08:35:13.417Z] === Stock checker starting ===
[2026-08-23T08:35:13.433Z] Loaded 6209 products with URLs
[2026-08-23T08:35:13.433Z] Loaded 6209 products with URLs
[2026-08-23T08:35:13.433Z] Loading current stock status from Supabase...
[2026-08-23T08:35:13.433Z] Loading current stock status from Supabase...
[2026-08-23T08:35:14.116Z] Loaded stock status for 6210 DB products
[2026-08-23T08:35:14.116Z] Loaded stock status for 6210 DB products
[2026-08-23T08:35:14.337Z] Establishing browser session...
[2026-08-23T08:35:14.337Z] Establishing browser session...
[2026-08-23T08:35:39.430Z] FATAL: page.goto: Timeout 25000ms exceeded.
Call log:
  - navigating to "https://www.turbocentras.com/", waiting until "domcontentloaded"

[2026-08-23T08:35:39.430Z] FATAL: page.goto: Timeout 25000ms exceeded.
Call log:
  - navigating to "https://www.turbocentras.com/", waiting until "domcontentloaded"

[2026-08-23T08:35:43.821Z] === Stock checker starting ===
[2026-08-23T08:35:43.821Z] === Stock checker starting ===
[2026-08-23T08:35:43.837Z] Loaded 6209 products with URLs
[2026-08-23T08:35:43.837Z] Loaded 6209 products with URLs
[2026-08-23T08:35:43.837Z] Loading current stock status from Supabase...
[2026-08-23T08:35:43.837Z] Loading current stock status from Supabase...
[2026-08-23T08:35:44.439Z] Loaded stock status for 6210 DB products
[2026-08-23T08:35:44.439Z] Loaded stock status for 6210 DB products
[2026-08-23T08:35:44.602Z] Establishing browser session...
[2026-08-23T08:35:44.602Z] Establishing browser session...
[2026-08-23T08:36:09.647Z] FATAL: page.goto: Timeout 25000ms exceeded.
Call log:
  - navigating to "https://www.turbocentras.com/", waiting until "domcontentloaded"

[2026-08-23T08:36:09.647Z] FATAL: page.goto: Timeout 25000ms exceeded.
Call log:
  - navigating to "https://www.turbocentras.com/", waiting until "domcontentloaded"

[2026-08-23T08:36:14.012Z] === Stock checker starting ===
[2026-08-23T08:36:14.012Z] === Stock checker starting ===
[2026-08-23T08:36:14.028Z] Loaded 6209 products with URLs
[2026-08-23T08:36:14.028Z] Loaded 6209 products with URLs
[2026-08-23T08:36:14.028Z] Loading current stock status from Supabase...
[2026-08-23T08:36:14.028Z] Loading current stock status from Supabase...
[2026-08-23T08:36:14.758Z] Loaded stock status for 6210 DB products
[2026-08-23T08:36:14.758Z] Loaded stock status for 6210 DB products
[2026-08-23T08:36:14.926Z] Establishing browser session...
[2026-08-23T08:36:14.926Z] Establishing browser session...
[2026-08-23T08:36:39.972Z] FATAL: page.goto: Timeout 25000ms exceeded.
Call log:
  - navigating to "https://www.turbocentras.com/", waiting until "domcontentloaded"

[2026-08-23T08:36:39.972Z] FATAL: page.goto: Timeout 25000ms exceeded.
Call log:
  - navigating to "https://www.turbocentras.com/", waiting until "domcontentloaded"

[2026-08-23T08:36:44.336Z] === Stock checker starting ===
[2026-08-23T08:36:44.336Z] === Stock checker starting ===
[2026-08-23T08:36:44.352Z] Loaded 6209 products with URLs
[2026-08-23T08:36:44.352Z] Loaded 6209 products with URLs
[2026-08-23T08:36:44.352Z] Loading current stock status from Supabase...
[2026-08-23T08:36:44.352Z] Loading current stock status from Supabase...
[2026-08-23T08:36:45.025Z] Loaded stock status for 6210 DB products
[2026-08-23T08:36:45.025Z] Loaded stock status for 6210 DB products
[2026-08-23T08:36:45.182Z] Establishing browser session...
[2026-08-23T08:36:45.182Z] Establishing browser session...
[2026-08-23T08:37:10.229Z] FATAL: page.goto: Timeout 25000ms exceeded.
Call log:
  - navigating to "https://www.turbocentras.com/", waiting until "domcontentloaded"

[2026-08-23T08:37:10.229Z] FATAL: page.goto: Timeout 25000ms exceeded.
Call log:
  - navigating to "https://www.turbocentras.com/", waiting until "domcontentloaded"

[2026-08-23T08:37:14.586Z] === Stock checker starting ===
[2026-08-23T08:37:14.586Z] === Stock checker starting ===
[2026-08-23T08:37:14.602Z] Loaded 6209 products with URLs
[2026-08-23T08:37:14.602Z] Loaded 6209 products with URLs
[2026-08-23T08:37:14.603Z] Loading current stock status from Supabase...
[2026-08-23T08:37:14.603Z] Loading current stock status from Supabase...
[2026-08-23T08:37:15.178Z] Loaded stock status for 6210 DB products
[2026-08-23T08:37:15.178Z] Loaded stock status for 6210 DB products
[2026-08-23T08:37:15.342Z] Establishing browser session...
[2026-08-23T08:37:15.342Z] Establishing browser session...
[2026-08-23T08:37:40.389Z] FATAL: page.goto: Timeout 25000ms exceeded.
Call log:
  - navigating to "https://www.turbocentras.com/", waiting until "domcontentloaded"

[2026-08-23T08:37:40.389Z] FATAL: page.goto: Timeout 25000ms exceeded.
Call log:
  - navigating to "https://www.turbocentras.com/", waiting until "domcontentloaded"

[2026-08-23T08:37:44.750Z] === Stock checker starting ===
[2026-08-23T08:37:44.750Z] === Stock checker starting ===
[2026-08-23T08:37:44.766Z] Loaded 6209 products with URLs
[2026-08-23T08:37:44.766Z] Loaded 6209 products with URLs
[2026-08-23T08:37:44.767Z] Loading current stock status from Supabase...
[2026-08-23T08:37:44.767Z] Loading current stock status from Supabase...
[2026-08-23T08:37:45.437Z] Loaded stock status for 6210 DB products
[2026-08-23T08:37:45.437Z] Loaded stock status for 6210 DB products
[2026-08-23T08:37:45.595Z] Establishing browser session...
[2026-08-23T08:37:45.595Z] Establishing browser session...
[2026-08-23T08:38:10.640Z] FATAL: page.goto: Timeout 25000ms exceeded.
Call log:
  - navigating to "https://www.turbocentras.com/", waiting until "domcontentloaded"

[2026-08-23T08:38:10.640Z] FATAL: page.goto: Timeout 25000ms exceeded.
Call log:
  - navigating to "https://www.turbocentras.com/", waiting until "domcontentloaded"

[2026-08-23T08:38:15.023Z] === Stock checker starting ===
[2026-08-23T08:38:15.023Z] === Stock checker starting ===
[2026-08-23T08:38:15.039Z] Loaded 6209 products with URLs
[2026-08-23T08:38:15.039Z] Loaded 6209 products with URLs
[2026-08-23T08:38:15.039Z] Loading current stock status from Supabase...
[2026-08-23T08:38:15.039Z] Loading current stock status from Supabase...
[2026-08-23T08:38:15.798Z] Loaded stock status for 6210 DB products
[2026-08-23T08:38:15.798Z] Loaded stock status for 6210 DB products
[2026-08-23T08:38:15.976Z] Establishing browser session...
[2026-08-23T08:38:15.976Z] Establishing browser session...
[2026-08-23T08:38:41.034Z] FATAL: page.goto: Timeout 25000ms exceeded.
Call log:
  - navigating to "https://www.turbocentras.com/", waiting until "domcontentloaded"

[2026-08-23T08:38:41.034Z] FATAL: page.goto: Timeout 25000ms exceeded.
Call log:
  - navigating to "https://www.turbocentras.com/", waiting until "domcontentloaded"

[2026-08-23T08:38:45.399Z] === Stock checker starting ===
[2026-08-23T08:38:45.399Z] === Stock checker starting ===
[2026-08-23T08:38:45.415Z] Loaded 6209 products with URLs
[2026-08-23T08:38:45.415Z] Loaded 6209 products with URLs
[2026-08-23T08:38:45.416Z] Loading current stock status from Supabase...
[2026-08-23T08:38:45.416Z] Loading current stock status from Supabase...
[2026-08-23T08:38:46.075Z] Loaded stock status for 6210 DB products
[2026-08-23T08:38:46.075Z] Loaded stock status for 6210 DB products
[2026-08-23T08:38:46.241Z] Establishing browser session...
[2026-08-23T08:38:46.241Z] Establishing browser session...
[2026-08-23T08:39:11.287Z] FATAL: page.goto: Timeout 25000ms exceeded.
Call log:
  - navigating to "https://www.turbocentras.com/", waiting until "domcontentloaded"

[2026-08-23T08:39:11.287Z] FATAL: page.goto: Timeout 25000ms exceeded.
Call log:
  - navigating to "https://www.turbocentras.com/", waiting until "domcontentloaded"

[2026-08-23T08:39:15.657Z] === Stock checker starting ===
[2026-08-23T08:39:15.657Z] === Stock checker starting ===
[2026-08-23T08:39:15.673Z] Loaded 6209 products with URLs
[2026-08-23T08:39:15.673Z] Loaded 6209 products with URLs
[2026-08-23T08:39:15.673Z] Loading current stock status from Supabase...
[2026-08-23T08:39:15.673Z] Loading current stock status from Supabase...
[2026-08-23T08:39:16.276Z] Loaded stock status for 6210 DB products
[2026-08-23T08:39:16.276Z] Loaded stock status for 6210 DB products
[2026-08-23T08:39:16.454Z] Establishing browser session...
[2026-08-23T08:39:16.454Z] Establishing browser session...
[2026-08-23T08:39:41.500Z] FATAL: page.goto: Timeout 25000ms exceeded.
Call log:
  - navigating to "https://www.turbocentras.com/", waiting until "domcontentloaded"

[2026-08-23T08:39:41.500Z] FATAL: page.goto: Timeout 25000ms exceeded.
Call log:
  - navigating to "https://www.turbocentras.com/", waiting until "domcontentloaded"

[2026-08-23T08:39:45.864Z] === Stock checker starting ===
[2026-08-23T08:39:45.864Z] === Stock checker starting ===
[2026-08-23T08:39:45.880Z] Loaded 6209 products with URLs
[2026-08-23T08:39:45.880Z] Loaded 6209 products with URLs
[2026-08-23T08:39:45.880Z] Loading current stock status from Supabase...
[2026-08-23T08:39:45.880Z] Loading current stock status from Supabase...
[2026-08-23T08:39:46.466Z] Loaded stock status for 6210 DB products
[2026-08-23T08:39:46.466Z] Loaded stock status for 6210 DB products
[2026-08-23T08:39:46.625Z] Establishing browser session...
[2026-08-23T08:39:46.625Z] Establishing browser session...
[2026-08-23T08:40:11.671Z] FATAL: page.goto: Timeout 25000ms exceeded.
Call log:
  - navigating to "https://www.turbocentras.com/", waiting until "domcontentloaded"

[2026-08-23T08:40:11.671Z] FATAL: page.goto: Timeout 25000ms exceeded.
Call log:
  - navigating to "https://www.turbocentras.com/", waiting until "domcontentloaded"

[2026-08-23T08:40:16.085Z] === Stock checker starting ===
[2026-08-23T08:40:16.085Z] === Stock checker starting ===
[2026-08-23T08:40:16.101Z] Loaded 6209 products with URLs
[2026-08-23T08:40:16.101Z] Loaded 6209 products with URLs
[2026-08-23T08:40:16.101Z] Loading current stock status from Supabase...
[2026-08-23T08:40:16.101Z] Loading current stock status from Supabase...
[2026-08-23T08:40:16.681Z] Loaded stock status for 6210 DB products
[2026-08-23T08:40:16.681Z] Loaded stock status for 6210 DB products
[2026-08-23T08:40:16.871Z] Establishing browser session...
[2026-08-23T08:40:16.871Z] Establishing browser session...
[2026-08-23T08:40:41.928Z] FATAL: page.goto: Timeout 25000ms exceeded.
Call log:
  - navigating to "https://www.turbocentras.com/", waiting until "domcontentloaded"

[2026-08-23T08:40:41.928Z] FATAL: page.goto: Timeout 25000ms exceeded.
Call log:
  - navigating to "https://www.turbocentras.com/", waiting until "domcontentloaded"

[2026-08-23T08:40:46.301Z] === Stock checker starting ===
[2026-08-23T08:40:46.301Z] === Stock checker starting ===
[2026-08-23T08:40:46.317Z] Loaded 6209 products with URLs
[2026-08-23T08:40:46.317Z] Loaded 6209 products with URLs
[2026-08-23T08:40:46.318Z] Loading current stock status from Supabase...
[2026-08-23T08:40:46.318Z] Loading current stock status from Supabase...
[2026-08-23T08:40:46.867Z] Loaded stock status for 6210 DB products
[2026-08-23T08:40:46.867Z] Loaded stock status for 6210 DB products
[2026-08-23T08:40:47.031Z] Establishing browser session...
[2026-08-23T08:40:47.031Z] Establishing browser session...
[2026-08-23T08:41:12.098Z] FATAL: page.goto: Timeout 25000ms exceeded.
Call log:
  - navigating to "https://www.turbocentras.com/", waiting until "domcontentloaded"

[2026-08-23T08:41:12.098Z] FATAL: page.goto: Timeout 25000ms exceeded.
Call log:
  - navigating to "https://www.turbocentras.com/", waiting until "domcontentloaded"

[2026-08-23T08:41:16.487Z] === Stock checker starting ===
[2026-08-23T08:41:16.487Z] === Stock checker starting ===
[2026-08-23T08:41:16.503Z] Loaded 6209 products with URLs
[2026-08-23T08:41:16.503Z] Loaded 6209 products with URLs
[2026-08-23T08:41:16.503Z] Loading current stock status from Supabase...
[2026-08-23T08:41:16.503Z] Loading current stock status from Supabase...
[2026-08-23T08:41:17.584Z] Loaded stock status for 6210 DB products
[2026-08-23T08:41:17.584Z] Loaded stock status for 6210 DB products
[2026-08-23T08:41:17.756Z] Establishing browser session...
[2026-08-23T08:41:17.756Z] Establishing browser session...
[2026-08-23T08:41:42.812Z] FATAL: page.goto: Timeout 25000ms exceeded.
Call log:
  - navigating to "https://www.turbocentras.com/", waiting until "domcontentloaded"

[2026-08-23T08:41:42.812Z] FATAL: page.goto: Timeout 25000ms exceeded.
Call log:
  - navigating to "https://www.turbocentras.com/", waiting until "domcontentloaded"

[2026-08-23T08:41:47.186Z] === Stock checker starting ===
[2026-08-23T08:41:47.186Z] === Stock checker starting ===
[2026-08-23T08:41:47.202Z] Loaded 6209 products with URLs
[2026-08-23T08:41:47.202Z] Loaded 6209 products with URLs
[2026-08-23T08:41:47.202Z] Loading current stock status from Supabase...
[2026-08-23T08:41:47.202Z] Loading current stock status from Supabase...
[2026-08-23T08:41:48.155Z] Loaded stock status for 6210 DB products
[2026-08-23T08:41:48.155Z] Loaded stock status for 6210 DB products
[2026-08-23T08:41:48.325Z] Establishing browser session...
[2026-08-23T08:41:48.325Z] Establishing browser session...
[2026-08-23T08:42:13.370Z] FATAL: page.goto: Timeout 25000ms exceeded.
Call log:
  - navigating to "https://www.turbocentras.com/", waiting until "domcontentloaded"

[2026-08-23T08:42:13.370Z] FATAL: page.goto: Timeout 25000ms exceeded.
Call log:
  - navigating to "https://www.turbocentras.com/", waiting until "domcontentloaded"

[2026-08-23T08:42:17.756Z] === Stock checker starting ===
[2026-08-23T08:42:17.756Z] === Stock checker starting ===
[2026-08-23T08:42:17.772Z] Loaded 6209 products with URLs
[2026-08-23T08:42:17.772Z] Loaded 6209 products with URLs
[2026-08-23T08:42:17.772Z] Loading current stock status from Supabase...
[2026-08-23T08:42:17.772Z] Loading current stock status from Supabase...
[2026-08-23T08:42:18.620Z] Loaded stock status for 6210 DB products
[2026-08-23T08:42:18.620Z] Loaded stock status for 6210 DB products
[2026-08-23T08:42:18.811Z] Establishing browser session...
[2026-08-23T08:42:18.811Z] Establishing browser session...
[2026-08-23T08:42:43.869Z] FATAL: page.goto: Timeout 25000ms exceeded.
Call log:
  - navigating to "https://www.turbocentras.com/", waiting until "domcontentloaded"

[2026-08-23T08:42:43.869Z] FATAL: page.goto: Timeout 25000ms exceeded.
Call log:
  - navigating to "https://www.turbocentras.com/", waiting until "domcontentloaded"

[2026-08-23T08:42:48.230Z] === Stock checker starting ===
[2026-08-23T08:42:48.230Z] === Stock checker starting ===
[2026-08-23T08:42:48.246Z] Loaded 6209 products with URLs
[2026-08-23T08:42:48.246Z] Loaded 6209 products with URLs
[2026-08-23T08:42:48.246Z] Loading current stock status from Supabase...
[2026-08-23T08:42:48.246Z] Loading current stock status from Supabase...
[2026-08-23T08:42:48.898Z] Loaded stock status for 6210 DB products
[2026-08-23T08:42:48.898Z] Loaded stock status for 6210 DB products
[2026-08-23T08:42:49.059Z] Establishing browser session...
[2026-08-23T08:42:49.059Z] Establishing browser session...
[2026-08-23T08:43:14.107Z] FATAL: page.goto: Timeout 25000ms exceeded.
Call log:
  - navigating to "https://www.turbocentras.com/", waiting until "domcontentloaded"

[2026-08-23T08:43:14.107Z] FATAL: page.goto: Timeout 25000ms exceeded.
Call log:
  - navigating to "https://www.turbocentras.com/", waiting until "domcontentloaded"

[2026-08-23T08:43:18.492Z] === Stock checker starting ===
[2026-08-23T08:43:18.492Z] === Stock checker starting ===
[2026-08-23T08:43:18.508Z] Loaded 6209 products with URLs
[2026-08-23T08:43:18.508Z] Loaded 6209 products with URLs
[2026-08-23T08:43:18.509Z] Loading current stock status from Supabase...
[2026-08-23T08:43:18.509Z] Loading current stock status from Supabase...
[2026-08-23T08:43:19.104Z] Loaded stock status for 6210 DB products
[2026-08-23T08:43:19.104Z] Loaded stock status for 6210 DB products
[2026-08-23T08:43:19.278Z] Establishing browser session...
[2026-08-23T08:43:19.278Z] Establishing browser session...
[2026-08-23T08:43:44.325Z] FATAL: page.goto: Timeout 25000ms exceeded.
Call log:
  - navigating to "https://www.turbocentras.com/", waiting until "domcontentloaded"

[2026-08-23T08:43:44.325Z] FATAL: page.goto: Timeout 25000ms exceeded.
Call log:
  - navigating to "https://www.turbocentras.com/", waiting until "domcontentloaded"

[2026-08-23T08:43:48.693Z] === Stock checker starting ===
[2026-08-23T08:43:48.693Z] === Stock checker starting ===
[2026-08-23T08:43:48.710Z] Loaded 6209 products with URLs
[2026-08-23T08:43:48.710Z] Loaded 6209 products with URLs
[2026-08-23T08:43:48.710Z] Loading current stock status from Supabase...
[2026-08-23T08:43:48.710Z] Loading current stock status from Supabase...
[2026-08-23T08:43:49.379Z] Loaded stock status for 6210 DB products
[2026-08-23T08:43:49.379Z] Loaded stock status for 6210 DB products
[2026-08-23T08:43:49.543Z] Establishing browser session...
[2026-08-23T08:43:49.543Z] Establishing browser session...
[2026-08-23T08:44:14.590Z] FATAL: page.goto: Timeout 25000ms exceeded.
Call log:
  - navigating to "https://www.turbocentras.com/", waiting until "domcontentloaded"

[2026-08-23T08:44:14.590Z] FATAL: page.goto: Timeout 25000ms exceeded.
Call log:
  - navigating to "https://www.turbocentras.com/", waiting until "domcontentloaded"

[2026-08-23T08:44:19.015Z] === Stock checker starting ===
[2026-08-23T08:44:19.015Z] === Stock checker starting ===
[2026-08-23T08:44:19.034Z] Loaded 6209 products with URLs
[2026-08-23T08:44:19.034Z] Loaded 6209 products with URLs
[2026-08-23T08:44:19.034Z] Loading current stock status from Supabase...
[2026-08-23T08:44:19.034Z] Loading current stock status from Supabase...
[2026-08-23T08:44:19.539Z] Loaded stock status for 6210 DB products
[2026-08-23T08:44:19.539Z] Loaded stock status for 6210 DB products
[2026-08-23T08:44:19.729Z] Establishing browser session...
[2026-08-23T08:44:19.729Z] Establishing browser session...
[2026-08-23T08:44:44.784Z] FATAL: page.goto: Timeout 25000ms exceeded.
Call log:
  - navigating to "https://www.turbocentras.com/", waiting until "domcontentloaded"

[2026-08-23T08:44:44.784Z] FATAL: page.goto: Timeout 25000ms exceeded.
Call log:
  - navigating to "https://www.turbocentras.com/", waiting until "domcontentloaded"

[2026-08-23T08:44:49.148Z] === Stock checker starting ===
[2026-08-23T08:44:49.148Z] === Stock checker starting ===
[2026-08-23T08:44:49.165Z] Loaded 6209 products with URLs
[2026-08-23T08:44:49.165Z] Loaded 6209 products with URLs
[2026-08-23T08:44:49.165Z] Loading current stock status from Supabase...
[2026-08-23T08:44:49.165Z] Loading current stock status from Supabase...
[2026-08-23T08:44:49.664Z] Loaded stock status for 6210 DB products
[2026-08-23T08:44:49.664Z] Loaded stock status for 6210 DB products
[2026-08-23T08:44:49.812Z] Establishing browser session...
[2026-08-23T08:44:49.812Z] Establishing browser session...
[2026-08-23T08:45:14.858Z] FATAL: page.goto: Timeout 25000ms exceeded.
Call log:
  - navigating to "https://www.turbocentras.com/", waiting until "domcontentloaded"

[2026-08-23T08:45:14.858Z] FATAL: page.goto: Timeout 25000ms exceeded.
Call log:
  - navigating to "https://www.turbocentras.com/", waiting until "domcontentloaded"

[2026-08-23T08:45:19.224Z] === Stock checker starting ===
[2026-08-23T08:45:19.224Z] === Stock checker starting ===
[2026-08-23T08:45:19.240Z] Loaded 6209 products with URLs
[2026-08-23T08:45:19.240Z] Loaded 6209 products with URLs
[2026-08-23T08:45:19.240Z] Loading current stock status from Supabase...
[2026-08-23T08:45:19.240Z] Loading current stock status from Supabase...
[2026-08-23T08:45:19.761Z] Loaded stock status for 6210 DB products
[2026-08-23T08:45:19.761Z] Loaded stock status for 6210 DB products
[2026-08-23T08:45:19.909Z] Establishing browser session...
[2026-08-23T08:45:19.909Z] Establishing browser session...
[2026-08-23T08:45:44.955Z] FATAL: page.goto: Timeout 25000ms exceeded.
Call log:
  - navigating to "https://www.turbocentras.com/", waiting until "domcontentloaded"

[2026-08-23T08:45:44.955Z] FATAL: page.goto: Timeout 25000ms exceeded.
Call log:
  - navigating to "https://www.turbocentras.com/", waiting until "domcontentloaded"

[2026-08-23T08:45:49.327Z] === Stock checker starting ===
[2026-08-23T08:45:49.327Z] === Stock checker starting ===
[2026-08-23T08:45:49.343Z] Loaded 6209 products with URLs
[2026-08-23T08:45:49.343Z] Loaded 6209 products with URLs
[2026-08-23T08:45:49.343Z] Loading current stock status from Supabase...
[2026-08-23T08:45:49.343Z] Loading current stock status from Supabase...
[2026-08-23T08:45:49.961Z] Loaded stock status for 6210 DB products
[2026-08-23T08:45:49.961Z] Loaded stock status for 6210 DB products
[2026-08-23T08:45:50.116Z] Establishing browser session...
[2026-08-23T08:45:50.116Z] Establishing browser session...
[2026-08-23T08:46:15.162Z] FATAL: page.goto: Timeout 25000ms exceeded.
Call log:
  - navigating to "https://www.turbocentras.com/", waiting until "domcontentloaded"

[2026-08-23T08:46:15.162Z] FATAL: page.goto: Timeout 25000ms exceeded.
Call log:
  - navigating to "https://www.turbocentras.com/", waiting until "domcontentloaded"

[2026-08-23T08:46:19.529Z] === Stock checker starting ===
[2026-08-23T08:46:19.529Z] === Stock checker starting ===
[2026-08-23T08:46:19.545Z] Loaded 6209 products with URLs
[2026-08-23T08:46:19.545Z] Loaded 6209 products with URLs
[2026-08-23T08:46:19.545Z] Loading current stock status from Supabase...
[2026-08-23T08:46:19.545Z] Loading current stock status from Supabase...
[2026-08-23T08:46:20.069Z] Loaded stock status for 6210 DB products
[2026-08-23T08:46:20.069Z] Loaded stock status for 6210 DB products
[2026-08-23T08:46:20.233Z] Establishing browser session...
[2026-08-23T08:46:20.233Z] Establishing browser session...
[2026-08-23T08:46:45.279Z] FATAL: page.goto: Timeout 25000ms exceeded.
Call log:
  - navigating to "https://www.turbocentras.com/", waiting until "domcontentloaded"

[2026-08-23T08:46:45.279Z] FATAL: page.goto: Timeout 25000ms exceeded.
Call log:
  - navigating to "https://www.turbocentras.com/", waiting until "domcontentloaded"

[2026-08-23T08:46:49.645Z] === Stock checker starting ===
[2026-08-23T08:46:49.645Z] === Stock checker starting ===
[2026-08-23T08:46:49.662Z] Loaded 6209 products with URLs
[2026-08-23T08:46:49.662Z] Loaded 6209 products with URLs
[2026-08-23T08:46:49.662Z] Loading current stock status from Supabase...
[2026-08-23T08:46:49.662Z] Loading current stock status from Supabase...
[2026-08-23T08:46:50.258Z] Loaded stock status for 6210 DB products
[2026-08-23T08:46:50.258Z] Loaded stock status for 6210 DB products
[2026-08-23T08:46:50.417Z] Establishing browser session...
[2026-08-23T08:46:50.417Z] Establishing browser session...
[2026-08-23T08:47:15.463Z] FATAL: page.goto: Timeout 25000ms exceeded.
Call log:
  - navigating to "https://www.turbocentras.com/", waiting until "domcontentloaded"

[2026-08-23T08:47:15.463Z] FATAL: page.goto: Timeout 25000ms exceeded.
Call log:
  - navigating to "https://www.turbocentras.com/", waiting until "domcontentloaded"

[2026-08-23T08:47:19.879Z] === Stock checker starting ===
[2026-08-23T08:47:19.879Z] === Stock checker starting ===
[2026-08-23T08:47:19.898Z] Loaded 6209 products with URLs
[2026-08-23T08:47:19.898Z] Loaded 6209 products with URLs
[2026-08-23T08:47:19.898Z] Loading current stock status from Supabase...
[2026-08-23T08:47:19.898Z] Loading current stock status from Supabase...
[2026-08-23T08:47:20.437Z] Loaded stock status for 6210 DB products
[2026-08-23T08:47:20.437Z] Loaded stock status for 6210 DB products
[2026-08-23T08:47:20.621Z] Establishing browser session...
[2026-08-23T08:47:20.621Z] Establishing browser session...
[2026-08-23T08:47:45.684Z] FATAL: page.goto: Timeout 25000ms exceeded.
Call log:
  - navigating to "https://www.turbocentras.com/", waiting until "domcontentloaded"

[2026-08-23T08:47:45.684Z] FATAL: page.goto: Timeout 25000ms exceeded.
Call log:
  - navigating to "https://www.turbocentras.com/", waiting until "domcontentloaded"

[2026-08-23T08:47:50.062Z] === Stock checker starting ===
[2026-08-23T08:47:50.062Z] === Stock checker starting ===
[2026-08-23T08:47:50.078Z] Loaded 6209 products with URLs
[2026-08-23T08:47:50.078Z] Loaded 6209 products with URLs
[2026-08-23T08:47:50.078Z] Loading current stock status from Supabase...
[2026-08-23T08:47:50.078Z] Loading current stock status from Supabase...
[2026-08-23T08:47:50.617Z] Loaded stock status for 6210 DB products
[2026-08-23T08:47:50.617Z] Loaded stock status for 6210 DB products
[2026-08-23T08:47:50.784Z] Establishing browser session...
[2026-08-23T08:47:50.784Z] Establishing browser session...
[2026-08-23T08:48:15.830Z] FATAL: page.goto: Timeout 25000ms exceeded.
Call log:
  - navigating to "https://www.turbocentras.com/", waiting until "domcontentloaded"

[2026-08-23T08:48:15.830Z] FATAL: page.goto: Timeout 25000ms exceeded.
Call log:
  - navigating to "https://www.turbocentras.com/", waiting until "domcontentloaded"

[2026-08-23T08:48:20.243Z] === Stock checker starting ===
[2026-08-23T08:48:20.243Z] === Stock checker starting ===
[2026-08-23T08:48:20.263Z] Loaded 6209 products with URLs
[2026-08-23T08:48:20.263Z] Loaded 6209 products with URLs
[2026-08-23T08:48:20.263Z] Loading current stock status from Supabase...
[2026-08-23T08:48:20.263Z] Loading current stock status from Supabase...
[2026-08-23T08:48:20.763Z] Loaded stock status for 6210 DB products
[2026-08-23T08:48:20.763Z] Loaded stock status for 6210 DB products
[2026-08-23T08:48:20.964Z] Establishing browser session...
[2026-08-23T08:48:20.964Z] Establishing browser session...
[2026-08-23T08:48:46.021Z] FATAL: page.goto: Timeout 25000ms exceeded.
Call log:
  - navigating to "https://www.turbocentras.com/", waiting until "domcontentloaded"

[2026-08-23T08:48:46.021Z] FATAL: page.goto: Timeout 25000ms exceeded.
Call log:
  - navigating to "https://www.turbocentras.com/", waiting until "domcontentloaded"

[2026-08-23T08:48:50.386Z] === Stock checker starting ===
[2026-08-23T08:48:50.386Z] === Stock checker starting ===
[2026-08-23T08:48:50.402Z] Loaded 6209 products with URLs
[2026-08-23T08:48:50.402Z] Loaded 6209 products with URLs
[2026-08-23T08:48:50.402Z] Loading current stock status from Supabase...
[2026-08-23T08:48:50.402Z] Loading current stock status from Supabase...
[2026-08-23T08:48:51.014Z] Loaded stock status for 6210 DB products
[2026-08-23T08:48:51.014Z] Loaded stock status for 6210 DB products
[2026-08-23T08:48:51.189Z] Establishing browser session...
[2026-08-23T08:48:51.189Z] Establishing browser session...
[2026-08-23T08:49:16.233Z] FATAL: page.goto: Timeout 25000ms exceeded.
Call log:
  - navigating to "https://www.turbocentras.com/", waiting until "domcontentloaded"

[2026-08-23T08:49:16.233Z] FATAL: page.goto: Timeout 25000ms exceeded.
Call log:
  - navigating to "https://www.turbocentras.com/", waiting until "domcontentloaded"

[2026-08-23T08:49:20.602Z] === Stock checker starting ===
[2026-08-23T08:49:20.602Z] === Stock checker starting ===
[2026-08-23T08:49:20.618Z] Loaded 6209 products with URLs
[2026-08-23T08:49:20.618Z] Loaded 6209 products with URLs
[2026-08-23T08:49:20.618Z] Loading current stock status from Supabase...
[2026-08-23T08:49:20.618Z] Loading current stock status from Supabase...
[2026-08-23T08:49:21.115Z] Loaded stock status for 6210 DB products
[2026-08-23T08:49:21.115Z] Loaded stock status for 6210 DB products
[2026-08-23T08:49:21.288Z] Establishing browser session...
[2026-08-23T08:49:21.288Z] Establishing browser session...
[2026-08-23T08:49:46.333Z] FATAL: page.goto: Timeout 25000ms exceeded.
Call log:
  - navigating to "https://www.turbocentras.com/", waiting until "domcontentloaded"

[2026-08-23T08:49:46.333Z] FATAL: page.goto: Timeout 25000ms exceeded.
Call log:
  - navigating to "https://www.turbocentras.com/", waiting until "domcontentloaded"

[2026-08-23T08:49:50.699Z] === Stock checker starting ===
[2026-08-23T08:49:50.699Z] === Stock checker starting ===
[2026-08-23T08:49:50.715Z] Loaded 6209 products with URLs
[2026-08-23T08:49:50.715Z] Loaded 6209 products with URLs
[2026-08-23T08:49:50.715Z] Loading current stock status from Supabase...
[2026-08-23T08:49:50.715Z] Loading current stock status from Supabase...
[2026-08-23T08:49:51.337Z] Loaded stock status for 6210 DB products
[2026-08-23T08:49:51.337Z] Loaded stock status for 6210 DB products
[2026-08-23T08:49:51.503Z] Establishing browser session...
[2026-08-23T08:49:51.503Z] Establishing browser session...
[2026-08-23T08:50:16.549Z] FATAL: page.goto: Timeout 25000ms exceeded.
Call log:
  - navigating to "https://www.turbocentras.com/", waiting until "domcontentloaded"

[2026-08-23T08:50:16.549Z] FATAL: page.goto: Timeout 25000ms exceeded.
Call log:
  - navigating to "https://www.turbocentras.com/", waiting until "domcontentloaded"

[2026-08-23T08:50:20.914Z] === Stock checker starting ===
[2026-08-23T08:50:20.914Z] === Stock checker starting ===
[2026-08-23T08:50:20.930Z] Loaded 6209 products with URLs
[2026-08-23T08:50:20.930Z] Loaded 6209 products with URLs
[2026-08-23T08:50:20.930Z] Loading current stock status from Supabase...
[2026-08-23T08:50:20.930Z] Loading current stock status from Supabase...
[2026-08-23T08:50:21.664Z] Loaded stock status for 6210 DB products
[2026-08-23T08:50:21.664Z] Loaded stock status for 6210 DB products
[2026-08-23T08:50:21.819Z] Establishing browser session...
[2026-08-23T08:50:21.819Z] Establishing browser session...
[2026-08-23T08:50:46.865Z] FATAL: page.goto: Timeout 25000ms exceeded.
Call log:
  - navigating to "https://www.turbocentras.com/", waiting until "domcontentloaded"

[2026-08-23T08:50:46.865Z] FATAL: page.goto: Timeout 25000ms exceeded.
Call log:
  - navigating to "https://www.turbocentras.com/", waiting until "domcontentloaded"

[2026-08-23T08:50:51.238Z] === Stock checker starting ===
[2026-08-23T08:50:51.238Z] === Stock checker starting ===
[2026-08-23T08:50:51.254Z] Loaded 6209 products with URLs
[2026-08-23T08:50:51.254Z] Loaded 6209 products with URLs
[2026-08-23T08:50:51.254Z] Loading current stock status from Supabase...
[2026-08-23T08:50:51.254Z] Loading current stock status from Supabase...
[2026-08-23T08:50:51.797Z] Loaded stock status for 6210 DB products
[2026-08-23T08:50:51.797Z] Loaded stock status for 6210 DB products
[2026-08-23T08:50:51.946Z] Establishing browser session...
[2026-08-23T08:50:51.946Z] Establishing browser session...
[2026-08-23T08:51:16.993Z] FATAL: page.goto: Timeout 25000ms exceeded.
Call log:
  - navigating to "https://www.turbocentras.com/", waiting until "domcontentloaded"

[2026-08-23T08:51:16.993Z] FATAL: page.goto: Timeout 25000ms exceeded.
Call log:
  - navigating to "https://www.turbocentras.com/", waiting until "domcontentloaded"

[2026-08-23T08:51:21.363Z] === Stock checker starting ===
[2026-08-23T08:51:21.363Z] === Stock checker starting ===
[2026-08-23T08:51:21.379Z] Loaded 6209 products with URLs
[2026-08-23T08:51:21.379Z] Loaded 6209 products with URLs
[2026-08-23T08:51:21.379Z] Loading current stock status from Supabase...
[2026-08-23T08:51:21.379Z] Loading current stock status from Supabase...
[2026-08-23T08:51:22.109Z] Loaded stock status for 6210 DB products
[2026-08-23T08:51:22.109Z] Loaded stock status for 6210 DB products
[2026-08-23T08:51:22.263Z] Establishing browser session...
[2026-08-23T08:51:22.263Z] Establishing browser session...
[2026-08-23T08:51:47.311Z] FATAL: page.goto: Timeout 25000ms exceeded.
Call log:
  - navigating to "https://www.turbocentras.com/", waiting until "domcontentloaded"

[2026-08-23T08:51:47.311Z] FATAL: page.goto: Timeout 25000ms exceeded.
Call log:
  - navigating to "https://www.turbocentras.com/", waiting until "domcontentloaded"

[2026-08-23T08:51:51.678Z] === Stock checker starting ===
[2026-08-23T08:51:51.678Z] === Stock checker starting ===
[2026-08-23T08:51:51.694Z] Loaded 6209 products with URLs
[2026-08-23T08:51:51.694Z] Loaded 6209 products with URLs
[2026-08-23T08:51:51.694Z] Loading current stock status from Supabase...
[2026-08-23T08:51:51.694Z] Loading current stock status from Supabase...
[2026-08-23T08:51:52.271Z] Loaded stock status for 6210 DB products
[2026-08-23T08:51:52.271Z] Loaded stock status for 6210 DB products
[2026-08-23T08:51:52.431Z] Establishing browser session...
[2026-08-23T08:51:52.431Z] Establishing browser session...
[2026-08-23T08:52:17.477Z] FATAL: page.goto: Timeout 25000ms exceeded.
Call log:
  - navigating to "https://www.turbocentras.com/", waiting until "domcontentloaded"

[2026-08-23T08:52:17.477Z] FATAL: page.goto: Timeout 25000ms exceeded.
Call log:
  - navigating to "https://www.turbocentras.com/", waiting until "domcontentloaded"

[2026-08-23T08:52:21.841Z] === Stock checker starting ===
[2026-08-23T08:52:21.841Z] === Stock checker starting ===
[2026-08-23T08:52:21.857Z] Loaded 6209 products with URLs
[2026-08-23T08:52:21.857Z] Loaded 6209 products with URLs
[2026-08-23T08:52:21.858Z] Loading current stock status from Supabase...
[2026-08-23T08:52:21.858Z] Loading current stock status from Supabase...
[2026-08-23T08:52:22.371Z] Loaded stock status for 6210 DB products
[2026-08-23T08:52:22.371Z] Loaded stock status for 6210 DB products
[2026-08-23T08:52:22.539Z] Establishing browser session...
[2026-08-23T08:52:22.539Z] Establishing browser session...
[2026-08-23T08:52:47.585Z] FATAL: page.goto: Timeout 25000ms exceeded.
Call log:
  - navigating to "https://www.turbocentras.com/", waiting until "domcontentloaded"

[2026-08-23T08:52:47.585Z] FATAL: page.goto: Timeout 25000ms exceeded.
Call log:
  - navigating to "https://www.turbocentras.com/", waiting until "domcontentloaded"

[2026-08-23T08:52:51.950Z] === Stock checker starting ===
[2026-08-23T08:52:51.950Z] === Stock checker starting ===
[2026-08-23T08:52:51.966Z] Loaded 6209 products with URLs
[2026-08-23T08:52:51.966Z] Loaded 6209 products with URLs
[2026-08-23T08:52:51.966Z] Loading current stock status from Supabase...
[2026-08-23T08:52:51.966Z] Loading current stock status from Supabase...
[2026-08-23T08:52:52.508Z] Loaded stock status for 6210 DB products
[2026-08-23T08:52:52.508Z] Loaded stock status for 6210 DB products
[2026-08-23T08:52:52.668Z] Establishing browser session...
[2026-08-23T08:52:52.668Z] Establishing browser session...
[2026-08-23T08:53:17.714Z] FATAL: page.goto: Timeout 25000ms exceeded.
Call log:
  - navigating to "https://www.turbocentras.com/", waiting until "domcontentloaded"

[2026-08-23T08:53:17.714Z] FATAL: page.goto: Timeout 25000ms exceeded.
Call log:
  - navigating to "https://www.turbocentras.com/", waiting until "domcontentloaded"

[2026-08-23T08:53:22.074Z] === Stock checker starting ===
[2026-08-23T08:53:22.074Z] === Stock checker starting ===
[2026-08-23T08:53:22.091Z] Loaded 6209 products with URLs
[2026-08-23T08:53:22.091Z] Loaded 6209 products with URLs
[2026-08-23T08:53:22.091Z] Loading current stock status from Supabase...
[2026-08-23T08:53:22.091Z] Loading current stock status from Supabase...
[2026-08-23T08:53:22.666Z] Loaded stock status for 6210 DB products
[2026-08-23T08:53:22.666Z] Loaded stock status for 6210 DB products
[2026-08-23T08:53:22.833Z] Establishing browser session...
[2026-08-23T08:53:22.833Z] Establishing browser session...
[2026-08-23T08:53:47.878Z] FATAL: page.goto: Timeout 25000ms exceeded.
Call log:
  - navigating to "https://www.turbocentras.com/", waiting until "domcontentloaded"

[2026-08-23T08:53:47.878Z] FATAL: page.goto: Timeout 25000ms exceeded.
Call log:
  - navigating to "https://www.turbocentras.com/", waiting until "domcontentloaded"

[2026-08-23T08:53:52.236Z] === Stock checker starting ===
[2026-08-23T08:53:52.236Z] === Stock checker starting ===
[2026-08-23T08:53:52.252Z] Loaded 6209 products with URLs
[2026-08-23T08:53:52.252Z] Loaded 6209 products with URLs
[2026-08-23T08:53:52.252Z] Loading current stock status from Supabase...
[2026-08-23T08:53:52.252Z] Loading current stock status from Supabase...
[2026-08-23T08:53:52.803Z] Loaded stock status for 6210 DB products
[2026-08-23T08:53:52.803Z] Loaded stock status for 6210 DB products
[2026-08-23T08:53:52.961Z] Establishing browser session...
[2026-08-23T08:53:52.961Z] Establishing browser session...
[2026-08-23T08:54:18.008Z] FATAL: page.goto: Timeout 25000ms exceeded.
Call log:
  - navigating to "https://www.turbocentras.com/", waiting until "domcontentloaded"

[2026-08-23T08:54:18.008Z] FATAL: page.goto: Timeout 25000ms exceeded.
Call log:
  - navigating to "https://www.turbocentras.com/", waiting until "domcontentloaded"

[2026-08-23T08:54:22.412Z] === Stock checker starting ===
[2026-08-23T08:54:22.412Z] === Stock checker starting ===
[2026-08-23T08:54:22.432Z] Loaded 6209 products with URLs
[2026-08-23T08:54:22.432Z] Loaded 6209 products with URLs
[2026-08-23T08:54:22.432Z] Loading current stock status from Supabase...
[2026-08-23T08:54:22.432Z] Loading current stock status from Supabase...
[2026-08-23T08:54:22.945Z] Loaded stock status for 6210 DB products
[2026-08-23T08:54:22.945Z] Loaded stock status for 6210 DB products
[2026-08-23T08:54:23.123Z] Establishing browser session...
[2026-08-23T08:54:23.123Z] Establishing browser session...
[2026-08-23T08:54:48.180Z] FATAL: page.goto: Timeout 25000ms exceeded.
Call log:
  - navigating to "https://www.turbocentras.com/", waiting until "domcontentloaded"

[2026-08-23T08:54:48.180Z] FATAL: page.goto: Timeout 25000ms exceeded.
Call log:
  - navigating to "https://www.turbocentras.com/", waiting until "domcontentloaded"

[2026-08-23T08:54:52.547Z] === Stock checker starting ===
[2026-08-23T08:54:52.547Z] === Stock checker starting ===
[2026-08-23T08:54:52.564Z] Loaded 6209 products with URLs
[2026-08-23T08:54:52.564Z] Loaded 6209 products with URLs
[2026-08-23T08:54:52.564Z] Loading current stock status from Supabase...
[2026-08-23T08:54:52.564Z] Loading current stock status from Supabase...
[2026-08-23T08:54:53.160Z] Loaded stock status for 6210 DB products
[2026-08-23T08:54:53.160Z] Loaded stock status for 6210 DB products
[2026-08-23T08:54:53.320Z] Establishing browser session...
[2026-08-23T08:54:53.320Z] Establishing browser session...
[2026-08-23T08:55:18.367Z] FATAL: page.goto: Timeout 25000ms exceeded.
Call log:
  - navigating to "https://www.turbocentras.com/", waiting until "domcontentloaded"

[2026-08-23T08:55:18.367Z] FATAL: page.goto: Timeout 25000ms exceeded.
Call log:
  - navigating to "https://www.turbocentras.com/", waiting until "domcontentloaded"

[2026-08-23T08:55:22.777Z] === Stock checker starting ===
[2026-08-23T08:55:22.777Z] === Stock checker starting ===
[2026-08-23T08:55:22.796Z] Loaded 6209 products with URLs
[2026-08-23T08:55:22.796Z] Loaded 6209 products with URLs
[2026-08-23T08:55:22.796Z] Loading current stock status from Supabase...
[2026-08-23T08:55:22.796Z] Loading current stock status from Supabase...
[2026-08-23T08:55:24.296Z] Loaded stock status for 6210 DB products
[2026-08-23T08:55:24.296Z] Loaded stock status for 6210 DB products
[2026-08-23T08:55:24.471Z] Establishing browser session...
[2026-08-23T08:55:24.471Z] Establishing browser session...
[2026-08-23T08:55:49.527Z] FATAL: page.goto: Timeout 25000ms exceeded.
Call log:
  - navigating to "https://www.turbocentras.com/", waiting until "domcontentloaded"

[2026-08-23T08:55:49.527Z] FATAL: page.goto: Timeout 25000ms exceeded.
Call log:
  - navigating to "https://www.turbocentras.com/", waiting until "domcontentloaded"

[2026-08-23T08:55:52.898Z] === Stock checker starting ===
[2026-08-23T08:55:52.898Z] === Stock checker starting ===
[2026-08-23T08:55:52.914Z] Loaded 6209 products with URLs
[2026-08-23T08:55:52.914Z] Loaded 6209 products with URLs
[2026-08-23T08:55:52.914Z] Loading current stock status from Supabase...
[2026-08-23T08:55:52.914Z] Loading current stock status from Supabase...
[2026-08-23T08:55:53.494Z] Loaded stock status for 6210 DB products
[2026-08-23T08:55:53.494Z] Loaded stock status for 6210 DB products
[2026-08-23T08:55:53.654Z] Establishing browser session...
[2026-08-23T08:55:53.654Z] Establishing browser session...
[2026-08-23T08:56:18.700Z] FATAL: page.goto: Timeout 25000ms exceeded.
Call log:
  - navigating to "https://www.turbocentras.com/", waiting until "domcontentloaded"

[2026-08-23T08:56:18.700Z] FATAL: page.goto: Timeout 25000ms exceeded.
Call log:
  - navigating to "https://www.turbocentras.com/", waiting until "domcontentloaded"

[2026-08-23T08:56:23.071Z] === Stock checker starting ===
[2026-08-23T08:56:23.071Z] === Stock checker starting ===
[2026-08-23T08:56:23.087Z] Loaded 6209 products with URLs
[2026-08-23T08:56:23.087Z] Loaded 6209 products with URLs
[2026-08-23T08:56:23.087Z] Loading current stock status from Supabase...
[2026-08-23T08:56:23.087Z] Loading current stock status from Supabase...
[2026-08-23T08:56:23.931Z] Loaded stock status for 6210 DB products
[2026-08-23T08:56:23.931Z] Loaded stock status for 6210 DB products
[2026-08-23T08:56:24.201Z] Establishing browser session...
[2026-08-23T08:56:24.201Z] Establishing browser session...
[2026-08-23T08:56:49.255Z] FATAL: page.goto: Timeout 25000ms exceeded.
Call log:
  - navigating to "https://www.turbocentras.com/", waiting until "domcontentloaded"

[2026-08-23T08:56:49.255Z] FATAL: page.goto: Timeout 25000ms exceeded.
Call log:
  - navigating to "https://www.turbocentras.com/", waiting until "domcontentloaded"

[2026-08-23T08:56:53.743Z] === Stock checker starting ===
[2026-08-23T08:56:53.743Z] === Stock checker starting ===
[2026-08-23T08:56:53.762Z] Loaded 6209 products with URLs
[2026-08-23T08:56:53.762Z] Loaded 6209 products with URLs
[2026-08-23T08:56:53.762Z] Loading current stock status from Supabase...
[2026-08-23T08:56:53.762Z] Loading current stock status from Supabase...
[2026-08-23T08:56:54.357Z] Loaded stock status for 6210 DB products
[2026-08-23T08:56:54.357Z] Loaded stock status for 6210 DB products
[2026-08-23T08:56:54.543Z] Establishing browser session...
[2026-08-23T08:56:54.543Z] Establishing browser session...
[2026-08-23T08:57:19.599Z] FATAL: page.goto: Timeout 25000ms exceeded.
Call log:
  - navigating to "https://www.turbocentras.com/", waiting until "domcontentloaded"

[2026-08-23T08:57:19.599Z] FATAL: page.goto: Timeout 25000ms exceeded.
Call log:
  - navigating to "https://www.turbocentras.com/", waiting until "domcontentloaded"

[2026-08-23T08:57:23.969Z] === Stock checker starting ===
[2026-08-23T08:57:23.969Z] === Stock checker starting ===
[2026-08-23T08:57:23.985Z] Loaded 6209 products with URLs
[2026-08-23T08:57:23.985Z] Loaded 6209 products with URLs
[2026-08-23T08:57:23.986Z] Loading current stock status from Supabase...
[2026-08-23T08:57:23.986Z] Loading current stock status from Supabase...
[2026-08-23T08:57:24.539Z] Loaded stock status for 6210 DB products
[2026-08-23T08:57:24.539Z] Loaded stock status for 6210 DB products
[2026-08-23T08:57:24.692Z] Establishing browser session...
[2026-08-23T08:57:24.692Z] Establishing browser session...
[2026-08-23T08:57:49.738Z] FATAL: page.goto: Timeout 25000ms exceeded.
Call log:
  - navigating to "https://www.turbocentras.com/", waiting until "domcontentloaded"

[2026-08-23T08:57:49.738Z] FATAL: page.goto: Timeout 25000ms exceeded.
Call log:
  - navigating to "https://www.turbocentras.com/", waiting until "domcontentloaded"

[2026-08-23T08:57:54.133Z] === Stock checker starting ===
[2026-08-23T08:57:54.133Z] === Stock checker starting ===
[2026-08-23T08:57:54.149Z] Loaded 6209 products with URLs
[2026-08-23T08:57:54.149Z] Loaded 6209 products with URLs
[2026-08-23T08:57:54.149Z] Loading current stock status from Supabase...
[2026-08-23T08:57:54.149Z] Loading current stock status from Supabase...
[2026-08-23T08:57:54.746Z] Loaded stock status for 6210 DB products
[2026-08-23T08:57:54.746Z] Loaded stock status for 6210 DB products
[2026-08-23T08:57:54.931Z] Establishing browser session...
[2026-08-23T08:57:54.931Z] Establishing browser session...
[2026-08-23T08:58:19.988Z] FATAL: page.goto: Timeout 25000ms exceeded.
Call log:
  - navigating to "https://www.turbocentras.com/", waiting until "domcontentloaded"

[2026-08-23T08:58:19.988Z] FATAL: page.goto: Timeout 25000ms exceeded.
Call log:
  - navigating to "https://www.turbocentras.com/", waiting until "domcontentloaded"

[2026-08-23T08:58:24.351Z] === Stock checker starting ===
[2026-08-23T08:58:24.351Z] === Stock checker starting ===
[2026-08-23T08:58:24.367Z] Loaded 6209 products with URLs
[2026-08-23T08:58:24.367Z] Loaded 6209 products with URLs
[2026-08-23T08:58:24.367Z] Loading current stock status from Supabase...
[2026-08-23T08:58:24.367Z] Loading current stock status from Supabase...
[2026-08-23T08:58:25.683Z] Loaded stock status for 6210 DB products
[2026-08-23T08:58:25.683Z] Loaded stock status for 6210 DB products
[2026-08-23T08:58:25.845Z] Establishing browser session...
[2026-08-23T08:58:25.845Z] Establishing browser session...
[2026-08-23T08:58:50.890Z] FATAL: page.goto: Timeout 25000ms exceeded.
Call log:
  - navigating to "https://www.turbocentras.com/", waiting until "domcontentloaded"

[2026-08-23T08:58:50.890Z] FATAL: page.goto: Timeout 25000ms exceeded.
Call log:
  - navigating to "https://www.turbocentras.com/", waiting until "domcontentloaded"

[2026-08-23T08:58:55.252Z] === Stock checker starting ===
[2026-08-23T08:58:55.252Z] === Stock checker starting ===
[2026-08-23T08:58:55.269Z] Loaded 6209 products with URLs
[2026-08-23T08:58:55.269Z] Loaded 6209 products with URLs
[2026-08-23T08:58:55.269Z] Loading current stock status from Supabase...
[2026-08-23T08:58:55.269Z] Loading current stock status from Supabase...
[2026-08-23T08:58:55.843Z] Loaded stock status for 6210 DB products
[2026-08-23T08:58:55.843Z] Loaded stock status for 6210 DB products
[2026-08-23T08:58:56.000Z] Establishing browser session...
[2026-08-23T08:58:56.000Z] Establishing browser session...
[2026-08-23T08:59:21.046Z] FATAL: page.goto: Timeout 25000ms exceeded.
Call log:
  - navigating to "https://www.turbocentras.com/", waiting until "domcontentloaded"

[2026-08-23T08:59:21.046Z] FATAL: page.goto: Timeout 25000ms exceeded.
Call log:
  - navigating to "https://www.turbocentras.com/", waiting until "domcontentloaded"

[2026-08-23T08:59:25.424Z] === Stock checker starting ===
[2026-08-23T08:59:25.424Z] === Stock checker starting ===
[2026-08-23T08:59:25.441Z] Loaded 6209 products with URLs
[2026-08-23T08:59:25.441Z] Loaded 6209 products with URLs
[2026-08-23T08:59:25.441Z] Loading current stock status from Supabase...
[2026-08-23T08:59:25.441Z] Loading current stock status from Supabase...
[2026-08-23T08:59:26.320Z] Loaded stock status for 6210 DB products
[2026-08-23T08:59:26.320Z] Loaded stock status for 6210 DB products
[2026-08-23T08:59:26.475Z] Establishing browser session...
[2026-08-23T08:59:26.475Z] Establishing browser session...
[2026-08-23T08:59:51.521Z] FATAL: page.goto: Timeout 25000ms exceeded.
Call log:
  - navigating to "https://www.turbocentras.com/", waiting until "domcontentloaded"

[2026-08-23T08:59:51.521Z] FATAL: page.goto: Timeout 25000ms exceeded.
Call log:
  - navigating to "https://www.turbocentras.com/", waiting until "domcontentloaded"

[2026-08-23T08:59:55.890Z] === Stock checker starting ===
[2026-08-23T08:59:55.890Z] === Stock checker starting ===
[2026-08-23T08:59:55.906Z] Loaded 6209 products with URLs
[2026-08-23T08:59:55.906Z] Loaded 6209 products with URLs
[2026-08-23T08:59:55.906Z] Loading current stock status from Supabase...
[2026-08-23T08:59:55.906Z] Loading current stock status from Supabase...
[2026-08-23T08:59:56.578Z] Loaded stock status for 6210 DB products
[2026-08-23T08:59:56.578Z] Loaded stock status for 6210 DB products
[2026-08-23T08:59:56.737Z] Establishing browser session...
[2026-08-23T08:59:56.737Z] Establishing browser session...
[2026-08-23T09:00:21.783Z] FATAL: page.goto: Timeout 25000ms exceeded.
Call log:
  - navigating to "https://www.turbocentras.com/", waiting until "domcontentloaded"

[2026-08-23T09:00:21.783Z] FATAL: page.goto: Timeout 25000ms exceeded.
Call log:
  - navigating to "https://www.turbocentras.com/", waiting until "domcontentloaded"

[2026-08-23T09:00:26.145Z] === Stock checker starting ===
[2026-08-23T09:00:26.145Z] === Stock checker starting ===
[2026-08-23T09:00:26.162Z] Loaded 6209 products with URLs
[2026-08-23T09:00:26.162Z] Loaded 6209 products with URLs
[2026-08-23T09:00:26.162Z] Loading current stock status from Supabase...
[2026-08-23T09:00:26.162Z] Loading current stock status from Supabase...
[2026-08-23T09:00:26.824Z] Loaded stock status for 6210 DB products
[2026-08-23T09:00:26.824Z] Loaded stock status for 6210 DB products
[2026-08-23T09:00:26.986Z] Establishing browser session...
[2026-08-23T09:00:26.986Z] Establishing browser session...
[2026-08-23T09:00:52.033Z] FATAL: page.goto: Timeout 25000ms exceeded.
Call log:
  - navigating to "https://www.turbocentras.com/", waiting until "domcontentloaded"

[2026-08-23T09:00:52.033Z] FATAL: page.goto: Timeout 25000ms exceeded.
Call log:
  - navigating to "https://www.turbocentras.com/", waiting until "domcontentloaded"

[2026-08-23T09:00:56.403Z] === Stock checker starting ===
[2026-08-23T09:00:56.403Z] === Stock checker starting ===
[2026-08-23T09:00:56.419Z] Loaded 6209 products with URLs
[2026-08-23T09:00:56.419Z] Loaded 6209 products with URLs
[2026-08-23T09:00:56.419Z] Loading current stock status from Supabase...
[2026-08-23T09:00:56.419Z] Loading current stock status from Supabase...
[2026-08-23T09:00:56.921Z] Loaded stock status for 6210 DB products
[2026-08-23T09:00:56.921Z] Loaded stock status for 6210 DB products
[2026-08-23T09:00:57.074Z] Establishing browser session...
[2026-08-23T09:00:57.074Z] Establishing browser session...
[2026-08-23T09:01:22.119Z] FATAL: page.goto: Timeout 25000ms exceeded.
Call log:
  - navigating to "https://www.turbocentras.com/", waiting until "domcontentloaded"

[2026-08-23T09:01:22.119Z] FATAL: page.goto: Timeout 25000ms exceeded.
Call log:
  - navigating to "https://www.turbocentras.com/", waiting until "domcontentloaded"

[2026-08-23T09:01:26.490Z] === Stock checker starting ===
[2026-08-23T09:01:26.490Z] === Stock checker starting ===
[2026-08-23T09:01:26.506Z] Loaded 6209 products with URLs
[2026-08-23T09:01:26.506Z] Loaded 6209 products with URLs
[2026-08-23T09:01:26.506Z] Loading current stock status from Supabase...
[2026-08-23T09:01:26.506Z] Loading current stock status from Supabase...
[2026-08-23T09:01:27.086Z] Loaded stock status for 6210 DB products
[2026-08-23T09:01:27.086Z] Loaded stock status for 6210 DB products
[2026-08-23T09:01:27.258Z] Establishing browser session...
[2026-08-23T09:01:27.258Z] Establishing browser session...
[2026-08-23T09:01:52.307Z] FATAL: page.goto: Timeout 25000ms exceeded.
Call log:
  - navigating to "https://www.turbocentras.com/", waiting until "domcontentloaded"

[2026-08-23T09:01:52.307Z] FATAL: page.goto: Timeout 25000ms exceeded.
Call log:
  - navigating to "https://www.turbocentras.com/", waiting until "domcontentloaded"

[2026-08-23T09:01:56.673Z] === Stock checker starting ===
[2026-08-23T09:01:56.673Z] === Stock checker starting ===
[2026-08-23T09:01:56.689Z] Loaded 6209 products with URLs
[2026-08-23T09:01:56.689Z] Loaded 6209 products with URLs
[2026-08-23T09:01:56.689Z] Loading current stock status from Supabase...
[2026-08-23T09:01:56.689Z] Loading current stock status from Supabase...
[2026-08-23T09:01:57.663Z] Loaded stock status for 6210 DB products
[2026-08-23T09:01:57.663Z] Loaded stock status for 6210 DB products
[2026-08-23T09:01:57.834Z] Establishing browser session...
[2026-08-23T09:01:57.834Z] Establishing browser session...
[2026-08-23T09:02:22.880Z] FATAL: page.goto: Timeout 25000ms exceeded.
Call log:
  - navigating to "https://www.turbocentras.com/", waiting until "domcontentloaded"

[2026-08-23T09:02:22.880Z] FATAL: page.goto: Timeout 25000ms exceeded.
Call log:
  - navigating to "https://www.turbocentras.com/", waiting until "domcontentloaded"

[2026-08-23T09:02:27.248Z] === Stock checker starting ===
[2026-08-23T09:02:27.248Z] === Stock checker starting ===
[2026-08-23T09:02:27.264Z] Loaded 6209 products with URLs
[2026-08-23T09:02:27.264Z] Loaded 6209 products with URLs
[2026-08-23T09:02:27.264Z] Loading current stock status from Supabase...
[2026-08-23T09:02:27.264Z] Loading current stock status from Supabase...
[2026-08-23T09:02:27.781Z] Loaded stock status for 6210 DB products
[2026-08-23T09:02:27.781Z] Loaded stock status for 6210 DB products
[2026-08-23T09:02:27.946Z] Establishing browser session...
[2026-08-23T09:02:27.946Z] Establishing browser session...
[2026-08-23T09:02:52.991Z] FATAL: page.goto: Timeout 25000ms exceeded.
Call log:
  - navigating to "https://www.turbocentras.com/", waiting until "domcontentloaded"

[2026-08-23T09:02:52.991Z] FATAL: page.goto: Timeout 25000ms exceeded.
Call log:
  - navigating to "https://www.turbocentras.com/", waiting until "domcontentloaded"

[2026-08-23T09:02:57.362Z] === Stock checker starting ===
[2026-08-23T09:02:57.362Z] === Stock checker starting ===
[2026-08-23T09:02:57.378Z] Loaded 6209 products with URLs
[2026-08-23T09:02:57.378Z] Loaded 6209 products with URLs
[2026-08-23T09:02:57.378Z] Loading current stock status from Supabase...
[2026-08-23T09:02:57.378Z] Loading current stock status from Supabase...
[2026-08-23T09:02:57.933Z] Loaded stock status for 6210 DB products
[2026-08-23T09:02:57.933Z] Loaded stock status for 6210 DB products
[2026-08-23T09:02:58.100Z] Establishing browser session...
[2026-08-23T09:02:58.100Z] Establishing browser session...
[2026-08-23T09:03:23.134Z] FATAL: page.goto: Timeout 25000ms exceeded.
Call log:
  - navigating to "https://www.turbocentras.com/", waiting until "domcontentloaded"

[2026-08-23T09:03:23.134Z] FATAL: page.goto: Timeout 25000ms exceeded.
Call log:
  - navigating to "https://www.turbocentras.com/", waiting until "domcontentloaded"

[2026-08-23T09:03:27.503Z] === Stock checker starting ===
[2026-08-23T09:03:27.503Z] === Stock checker starting ===
[2026-08-23T09:03:27.519Z] Loaded 6209 products with URLs
[2026-08-23T09:03:27.519Z] Loaded 6209 products with URLs
[2026-08-23T09:03:27.520Z] Loading current stock status from Supabase...
[2026-08-23T09:03:27.520Z] Loading current stock status from Supabase...
[2026-08-23T09:03:28.160Z] Loaded stock status for 6210 DB products
[2026-08-23T09:03:28.160Z] Loaded stock status for 6210 DB products
[2026-08-23T09:03:28.332Z] Establishing browser session...
[2026-08-23T09:03:28.332Z] Establishing browser session...
[2026-08-23T09:03:53.374Z] FATAL: page.goto: Timeout 25000ms exceeded.
Call log:
  - navigating to "https://www.turbocentras.com/", waiting until "domcontentloaded"

[2026-08-23T09:03:53.374Z] FATAL: page.goto: Timeout 25000ms exceeded.
Call log:
  - navigating to "https://www.turbocentras.com/", waiting until "domcontentloaded"

[2026-08-23T09:03:57.759Z] === Stock checker starting ===
[2026-08-23T09:03:57.759Z] === Stock checker starting ===
[2026-08-23T09:03:57.775Z] Loaded 6209 products with URLs
[2026-08-23T09:03:57.775Z] Loaded 6209 products with URLs
[2026-08-23T09:03:57.775Z] Loading current stock status from Supabase...
[2026-08-23T09:03:57.775Z] Loading current stock status from Supabase...
[2026-08-23T09:03:58.413Z] Loaded stock status for 6210 DB products
[2026-08-23T09:03:58.413Z] Loaded stock status for 6210 DB products
[2026-08-23T09:03:58.593Z] Establishing browser session...
[2026-08-23T09:03:58.593Z] Establishing browser session...
[2026-08-23T09:04:23.648Z] FATAL: page.goto: Timeout 25000ms exceeded.
Call log:
  - navigating to "https://www.turbocentras.com/", waiting until "domcontentloaded"

[2026-08-23T09:04:23.648Z] FATAL: page.goto: Timeout 25000ms exceeded.
Call log:
  - navigating to "https://www.turbocentras.com/", waiting until "domcontentloaded"

[2026-08-23T09:04:28.022Z] === Stock checker starting ===
[2026-08-23T09:04:28.022Z] === Stock checker starting ===
[2026-08-23T09:04:28.039Z] Loaded 6209 products with URLs
[2026-08-23T09:04:28.039Z] Loaded 6209 products with URLs
[2026-08-23T09:04:28.039Z] Loading current stock status from Supabase...
[2026-08-23T09:04:28.039Z] Loading current stock status from Supabase...
[2026-08-23T09:04:29.148Z] Loaded stock status for 6210 DB products
[2026-08-23T09:04:29.148Z] Loaded stock status for 6210 DB products
[2026-08-23T09:04:29.316Z] Establishing browser session...
[2026-08-23T09:04:29.316Z] Establishing browser session...
[2026-08-23T09:04:54.359Z] FATAL: page.goto: Timeout 25000ms exceeded.
Call log:
  - navigating to "https://www.turbocentras.com/", waiting until "domcontentloaded"

[2026-08-23T09:04:54.359Z] FATAL: page.goto: Timeout 25000ms exceeded.
Call log:
  - navigating to "https://www.turbocentras.com/", waiting until "domcontentloaded"

[2026-08-23T09:04:58.726Z] === Stock checker starting ===
[2026-08-23T09:04:58.726Z] === Stock checker starting ===
[2026-08-23T09:04:58.742Z] Loaded 6209 products with URLs
[2026-08-23T09:04:58.742Z] Loaded 6209 products with URLs
[2026-08-23T09:04:58.742Z] Loading current stock status from Supabase...
[2026-08-23T09:04:58.742Z] Loading current stock status from Supabase...
[2026-08-23T09:04:59.343Z] Loaded stock status for 6210 DB products
[2026-08-23T09:04:59.343Z] Loaded stock status for 6210 DB products
[2026-08-23T09:04:59.507Z] Establishing browser session...
[2026-08-23T09:04:59.507Z] Establishing browser session...
[2026-08-23T09:05:24.553Z] FATAL: page.goto: Timeout 25000ms exceeded.
Call log:
  - navigating to "https://www.turbocentras.com/", waiting until "domcontentloaded"

[2026-08-23T09:05:24.553Z] FATAL: page.goto: Timeout 25000ms exceeded.
Call log:
  - navigating to "https://www.turbocentras.com/", waiting until "domcontentloaded"

[2026-08-23T09:05:28.922Z] === Stock checker starting ===
[2026-08-23T09:05:28.922Z] === Stock checker starting ===
[2026-08-23T09:05:28.938Z] Loaded 6209 products with URLs
[2026-08-23T09:05:28.938Z] Loaded 6209 products with URLs
[2026-08-23T09:05:28.938Z] Loading current stock status from Supabase...
[2026-08-23T09:05:28.938Z] Loading current stock status from Supabase...
[2026-08-23T09:05:29.447Z] Loaded stock status for 6210 DB products
[2026-08-23T09:05:29.447Z] Loaded stock status for 6210 DB products
[2026-08-23T09:05:29.645Z] Establishing browser session...
[2026-08-23T09:05:29.645Z] Establishing browser session...
[2026-08-23T09:05:54.692Z] FATAL: page.goto: Timeout 25000ms exceeded.
Call log:
  - navigating to "https://www.turbocentras.com/", waiting until "domcontentloaded"

[2026-08-23T09:05:54.692Z] FATAL: page.goto: Timeout 25000ms exceeded.
Call log:
  - navigating to "https://www.turbocentras.com/", waiting until "domcontentloaded"

[2026-08-23T09:05:59.109Z] === Stock checker starting ===
[2026-08-23T09:05:59.109Z] === Stock checker starting ===
[2026-08-23T09:05:59.128Z] Loaded 6209 products with URLs
[2026-08-23T09:05:59.128Z] Loaded 6209 products with URLs
[2026-08-23T09:05:59.128Z] Loading current stock status from Supabase...
[2026-08-23T09:05:59.128Z] Loading current stock status from Supabase...
[2026-08-23T09:05:59.906Z] Loaded stock status for 6210 DB products
[2026-08-23T09:05:59.906Z] Loaded stock status for 6210 DB products
[2026-08-23T09:06:00.081Z] Establishing browser session...
[2026-08-23T09:06:00.081Z] Establishing browser session...
[2026-08-23T09:06:25.136Z] FATAL: page.goto: Timeout 25000ms exceeded.
Call log:
  - navigating to "https://www.turbocentras.com/", waiting until "domcontentloaded"

[2026-08-23T09:06:25.136Z] FATAL: page.goto: Timeout 25000ms exceeded.
Call log:
  - navigating to "https://www.turbocentras.com/", waiting until "domcontentloaded"

[2026-08-23T09:06:29.535Z] === Stock checker starting ===
[2026-08-23T09:06:29.535Z] === Stock checker starting ===
[2026-08-23T09:06:29.555Z] Loaded 6209 products with URLs
[2026-08-23T09:06:29.555Z] Loaded 6209 products with URLs
[2026-08-23T09:06:29.555Z] Loading current stock status from Supabase...
[2026-08-23T09:06:29.555Z] Loading current stock status from Supabase...
[2026-08-23T09:06:30.335Z] Loaded stock status for 6210 DB products
[2026-08-23T09:06:30.335Z] Loaded stock status for 6210 DB products
[2026-08-23T09:06:30.505Z] Establishing browser session...
[2026-08-23T09:06:30.505Z] Establishing browser session...
[2026-08-23T09:06:55.551Z] FATAL: page.goto: Timeout 25000ms exceeded.
Call log:
  - navigating to "https://www.turbocentras.com/", waiting until "domcontentloaded"

[2026-08-23T09:06:55.551Z] FATAL: page.goto: Timeout 25000ms exceeded.
Call log:
  - navigating to "https://www.turbocentras.com/", waiting until "domcontentloaded"

[2026-08-23T09:06:59.924Z] === Stock checker starting ===
[2026-08-23T09:06:59.924Z] === Stock checker starting ===
[2026-08-23T09:06:59.940Z] Loaded 6209 products with URLs
[2026-08-23T09:06:59.940Z] Loaded 6209 products with URLs
[2026-08-23T09:06:59.940Z] Loading current stock status from Supabase...
[2026-08-23T09:06:59.940Z] Loading current stock status from Supabase...
[2026-08-23T09:07:00.466Z] Loaded stock status for 6210 DB products
[2026-08-23T09:07:00.466Z] Loaded stock status for 6210 DB products
[2026-08-23T09:07:00.642Z] Establishing browser session...
[2026-08-23T09:07:00.642Z] Establishing browser session...
[2026-08-23T09:07:25.696Z] FATAL: page.goto: Timeout 25000ms exceeded.
Call log:
  - navigating to "https://www.turbocentras.com/", waiting until "domcontentloaded"

[2026-08-23T09:07:25.696Z] FATAL: page.goto: Timeout 25000ms exceeded.
Call log:
  - navigating to "https://www.turbocentras.com/", waiting until "domcontentloaded"

[2026-08-23T09:07:30.062Z] === Stock checker starting ===
[2026-08-23T09:07:30.062Z] === Stock checker starting ===
[2026-08-23T09:07:30.078Z] Loaded 6209 products with URLs
[2026-08-23T09:07:30.078Z] Loaded 6209 products with URLs
[2026-08-23T09:07:30.078Z] Loading current stock status from Supabase...
[2026-08-23T09:07:30.078Z] Loading current stock status from Supabase...
[2026-08-23T09:07:30.707Z] Loaded stock status for 6210 DB products
[2026-08-23T09:07:30.707Z] Loaded stock status for 6210 DB products
[2026-08-23T09:07:30.871Z] Establishing browser session...
[2026-08-23T09:07:30.871Z] Establishing browser session...
[2026-08-23T09:07:55.917Z] FATAL: page.goto: Timeout 25000ms exceeded.
Call log:
  - navigating to "https://www.turbocentras.com/", waiting until "domcontentloaded"

[2026-08-23T09:07:55.917Z] FATAL: page.goto: Timeout 25000ms exceeded.
Call log:
  - navigating to "https://www.turbocentras.com/", waiting until "domcontentloaded"

[2026-08-23T09:08:00.278Z] === Stock checker starting ===
[2026-08-23T09:08:00.278Z] === Stock checker starting ===
[2026-08-23T09:08:00.294Z] Loaded 6209 products with URLs
[2026-08-23T09:08:00.294Z] Loaded 6209 products with URLs
[2026-08-23T09:08:00.294Z] Loading current stock status from Supabase...
[2026-08-23T09:08:00.294Z] Loading current stock status from Supabase...
[2026-08-23T09:08:01.363Z] Loaded stock status for 6210 DB products
[2026-08-23T09:08:01.363Z] Loaded stock status for 6210 DB products
[2026-08-23T09:08:01.537Z] Establishing browser session...
[2026-08-23T09:08:01.537Z] Establishing browser session...
[2026-08-23T09:08:26.582Z] FATAL: page.goto: Timeout 25000ms exceeded.
Call log:
  - navigating to "https://www.turbocentras.com/", waiting until "domcontentloaded"

[2026-08-23T09:08:26.582Z] FATAL: page.goto: Timeout 25000ms exceeded.
Call log:
  - navigating to "https://www.turbocentras.com/", waiting until "domcontentloaded"

[2026-08-23T09:08:30.938Z] === Stock checker starting ===
[2026-08-23T09:08:30.938Z] === Stock checker starting ===
[2026-08-23T09:08:30.954Z] Loaded 6209 products with URLs
[2026-08-23T09:08:30.954Z] Loaded 6209 products with URLs
[2026-08-23T09:08:30.955Z] Loading current stock status from Supabase...
[2026-08-23T09:08:30.955Z] Loading current stock status from Supabase...
[2026-08-23T09:08:31.841Z] Loaded stock status for 6210 DB products
[2026-08-23T09:08:31.841Z] Loaded stock status for 6210 DB products
[2026-08-23T09:08:32.006Z] Establishing browser session...
[2026-08-23T09:08:32.006Z] Establishing browser session...
[2026-08-23T09:08:57.052Z] FATAL: page.goto: Timeout 25000ms exceeded.
Call log:
  - navigating to "https://www.turbocentras.com/", waiting until "domcontentloaded"

[2026-08-23T09:08:57.052Z] FATAL: page.goto: Timeout 25000ms exceeded.
Call log:
  - navigating to "https://www.turbocentras.com/", waiting until "domcontentloaded"

[2026-08-23T09:09:01.424Z] === Stock checker starting ===
[2026-08-23T09:09:01.424Z] === Stock checker starting ===
[2026-08-23T09:09:01.440Z] Loaded 6209 products with URLs
[2026-08-23T09:09:01.440Z] Loaded 6209 products with URLs
[2026-08-23T09:09:01.440Z] Loading current stock status from Supabase...
[2026-08-23T09:09:01.440Z] Loading current stock status from Supabase...
[2026-08-23T09:09:01.981Z] Loaded stock status for 6210 DB products
[2026-08-23T09:09:01.981Z] Loaded stock status for 6210 DB products
[2026-08-23T09:09:02.165Z] Establishing browser session...
[2026-08-23T09:09:02.165Z] Establishing browser session...
[2026-08-23T09:09:27.228Z] FATAL: page.goto: Timeout 25000ms exceeded.
Call log:
  - navigating to "https://www.turbocentras.com/", waiting until "domcontentloaded"

[2026-08-23T09:09:27.228Z] FATAL: page.goto: Timeout 25000ms exceeded.
Call log:
  - navigating to "https://www.turbocentras.com/", waiting until "domcontentloaded"

[2026-08-23T09:09:31.596Z] === Stock checker starting ===
[2026-08-23T09:09:31.596Z] === Stock checker starting ===
[2026-08-23T09:09:31.612Z] Loaded 6209 products with URLs
[2026-08-23T09:09:31.612Z] Loaded 6209 products with URLs
[2026-08-23T09:09:31.612Z] Loading current stock status from Supabase...
[2026-08-23T09:09:31.612Z] Loading current stock status from Supabase...
[2026-08-23T09:09:32.160Z] Loaded stock status for 6210 DB products
[2026-08-23T09:09:32.160Z] Loaded stock status for 6210 DB products
[2026-08-23T09:09:32.335Z] Establishing browser session...
[2026-08-23T09:09:32.335Z] Establishing browser session...
[2026-08-23T09:09:57.381Z] FATAL: page.goto: Timeout 25000ms exceeded.
Call log:
  - navigating to "https://www.turbocentras.com/", waiting until "domcontentloaded"

[2026-08-23T09:09:57.381Z] FATAL: page.goto: Timeout 25000ms exceeded.
Call log:
  - navigating to "https://www.turbocentras.com/", waiting until "domcontentloaded"

[2026-08-23T09:10:01.796Z] === Stock checker starting ===
[2026-08-23T09:10:01.796Z] === Stock checker starting ===
[2026-08-23T09:10:01.815Z] Loaded 6209 products with URLs
[2026-08-23T09:10:01.815Z] Loaded 6209 products with URLs
[2026-08-23T09:10:01.815Z] Loading current stock status from Supabase...
[2026-08-23T09:10:01.815Z] Loading current stock status from Supabase...
[2026-08-23T09:10:02.665Z] Loaded stock status for 6210 DB products
[2026-08-23T09:10:02.665Z] Loaded stock status for 6210 DB products
[2026-08-23T09:10:02.847Z] Establishing browser session...
[2026-08-23T09:10:02.847Z] Establishing browser session...
[2026-08-23T09:10:27.903Z] FATAL: page.goto: Timeout 25000ms exceeded.
Call log:
  - navigating to "https://www.turbocentras.com/", waiting until "domcontentloaded"

[2026-08-23T09:10:27.903Z] FATAL: page.goto: Timeout 25000ms exceeded.
Call log:
  - navigating to "https://www.turbocentras.com/", waiting until "domcontentloaded"

[2026-08-23T09:10:32.272Z] === Stock checker starting ===
[2026-08-23T09:10:32.272Z] === Stock checker starting ===
[2026-08-23T09:10:32.288Z] Loaded 6209 products with URLs
[2026-08-23T09:10:32.288Z] Loaded 6209 products with URLs
[2026-08-23T09:10:32.288Z] Loading current stock status from Supabase...
[2026-08-23T09:10:32.288Z] Loading current stock status from Supabase...
[2026-08-23T09:10:33.018Z] Loaded stock status for 6210 DB products
[2026-08-23T09:10:33.018Z] Loaded stock status for 6210 DB products
[2026-08-23T09:10:33.185Z] Establishing browser session...
[2026-08-23T09:10:33.185Z] Establishing browser session...
[2026-08-23T09:10:58.231Z] FATAL: page.goto: Timeout 25000ms exceeded.
Call log:
  - navigating to "https://www.turbocentras.com/", waiting until "domcontentloaded"

[2026-08-23T09:10:58.231Z] FATAL: page.goto: Timeout 25000ms exceeded.
Call log:
  - navigating to "https://www.turbocentras.com/", waiting until "domcontentloaded"

[2026-08-23T09:11:02.615Z] === Stock checker starting ===
[2026-08-23T09:11:02.615Z] === Stock checker starting ===
[2026-08-23T09:11:02.631Z] Loaded 6209 products with URLs
[2026-08-23T09:11:02.631Z] Loaded 6209 products with URLs
[2026-08-23T09:11:02.631Z] Loading current stock status from Supabase...
[2026-08-23T09:11:02.631Z] Loading current stock status from Supabase...
[2026-08-23T09:11:03.174Z] Loaded stock status for 6210 DB products
[2026-08-23T09:11:03.174Z] Loaded stock status for 6210 DB products
[2026-08-23T09:11:03.363Z] Establishing browser session...
[2026-08-23T09:11:03.363Z] Establishing browser session...
[2026-08-23T09:11:28.419Z] FATAL: page.goto: Timeout 25000ms exceeded.
Call log:
  - navigating to "https://www.turbocentras.com/", waiting until "domcontentloaded"

[2026-08-23T09:11:28.419Z] FATAL: page.goto: Timeout 25000ms exceeded.
Call log:
  - navigating to "https://www.turbocentras.com/", waiting until "domcontentloaded"

[2026-08-23T09:11:32.781Z] === Stock checker starting ===
[2026-08-23T09:11:32.781Z] === Stock checker starting ===
[2026-08-23T09:11:32.797Z] Loaded 6209 products with URLs
[2026-08-23T09:11:32.797Z] Loaded 6209 products with URLs
[2026-08-23T09:11:32.797Z] Loading current stock status from Supabase...
[2026-08-23T09:11:32.797Z] Loading current stock status from Supabase...
[2026-08-23T09:11:33.362Z] Loaded stock status for 6210 DB products
[2026-08-23T09:11:33.362Z] Loaded stock status for 6210 DB products
[2026-08-23T09:11:33.512Z] Establishing browser session...
[2026-08-23T09:11:33.512Z] Establishing browser session...
[2026-08-23T09:11:58.559Z] FATAL: page.goto: Timeout 25000ms exceeded.
Call log:
  - navigating to "https://www.turbocentras.com/", waiting until "domcontentloaded"

[2026-08-23T09:11:58.559Z] FATAL: page.goto: Timeout 25000ms exceeded.
Call log:
  - navigating to "https://www.turbocentras.com/", waiting until "domcontentloaded"

[2026-08-23T09:12:02.977Z] === Stock checker starting ===
[2026-08-23T09:12:02.977Z] === Stock checker starting ===
[2026-08-23T09:12:02.997Z] Loaded 6209 products with URLs
[2026-08-23T09:12:02.997Z] Loaded 6209 products with URLs
[2026-08-23T09:12:02.997Z] Loading current stock status from Supabase...
[2026-08-23T09:12:02.997Z] Loading current stock status from Supabase...
[2026-08-23T09:12:03.607Z] Loaded stock status for 6210 DB products
[2026-08-23T09:12:03.607Z] Loaded stock status for 6210 DB products
[2026-08-23T09:12:03.790Z] Establishing browser session...
[2026-08-23T09:12:03.790Z] Establishing browser session...
[2026-08-23T09:12:28.846Z] FATAL: page.goto: Timeout 25000ms exceeded.
Call log:
  - navigating to "https://www.turbocentras.com/", waiting until "domcontentloaded"

[2026-08-23T09:12:28.846Z] FATAL: page.goto: Timeout 25000ms exceeded.
Call log:
  - navigating to "https://www.turbocentras.com/", waiting until "domcontentloaded"

[2026-08-23T09:12:33.209Z] === Stock checker starting ===
[2026-08-23T09:12:33.209Z] === Stock checker starting ===
[2026-08-23T09:12:33.225Z] Loaded 6209 products with URLs
[2026-08-23T09:12:33.225Z] Loaded 6209 products with URLs
[2026-08-23T09:12:33.225Z] Loading current stock status from Supabase...
[2026-08-23T09:12:33.225Z] Loading current stock status from Supabase...
[2026-08-23T09:12:34.004Z] Loaded stock status for 6210 DB products
[2026-08-23T09:12:34.004Z] Loaded stock status for 6210 DB products
[2026-08-23T09:12:34.156Z] Establishing browser session...
[2026-08-23T09:12:34.156Z] Establishing browser session...
[2026-08-23T09:12:59.203Z] FATAL: page.goto: Timeout 25000ms exceeded.
Call log:
  - navigating to "https://www.turbocentras.com/", waiting until "domcontentloaded"

[2026-08-23T09:12:59.203Z] FATAL: page.goto: Timeout 25000ms exceeded.
Call log:
  - navigating to "https://www.turbocentras.com/", waiting until "domcontentloaded"

[2026-08-23T09:13:03.562Z] === Stock checker starting ===
[2026-08-23T09:13:03.562Z] === Stock checker starting ===
[2026-08-23T09:13:03.578Z] Loaded 6209 products with URLs
[2026-08-23T09:13:03.578Z] Loaded 6209 products with URLs
[2026-08-23T09:13:03.578Z] Loading current stock status from Supabase...
[2026-08-23T09:13:03.578Z] Loading current stock status from Supabase...
[2026-08-23T09:13:04.142Z] Loaded stock status for 6210 DB products
[2026-08-23T09:13:04.142Z] Loaded stock status for 6210 DB products
[2026-08-23T09:13:04.295Z] Establishing browser session...
[2026-08-23T09:13:04.295Z] Establishing browser session...
[2026-08-23T09:13:29.342Z] FATAL: page.goto: Timeout 25000ms exceeded.
Call log:
  - navigating to "https://www.turbocentras.com/", waiting until "domcontentloaded"

[2026-08-23T09:13:29.342Z] FATAL: page.goto: Timeout 25000ms exceeded.
Call log:
  - navigating to "https://www.turbocentras.com/", waiting until "domcontentloaded"

[2026-08-23T09:13:33.710Z] === Stock checker starting ===
[2026-08-23T09:13:33.710Z] === Stock checker starting ===
[2026-08-23T09:13:33.726Z] Loaded 6209 products with URLs
[2026-08-23T09:13:33.726Z] Loaded 6209 products with URLs
[2026-08-23T09:13:33.727Z] Loading current stock status from Supabase...
[2026-08-23T09:13:33.727Z] Loading current stock status from Supabase...
[2026-08-23T09:13:34.250Z] Loaded stock status for 6210 DB products
[2026-08-23T09:13:34.250Z] Loaded stock status for 6210 DB products
[2026-08-23T09:13:34.417Z] Establishing browser session...
[2026-08-23T09:13:34.417Z] Establishing browser session...
[2026-08-23T09:13:59.463Z] FATAL: page.goto: Timeout 25000ms exceeded.
Call log:
  - navigating to "https://www.turbocentras.com/", waiting until "domcontentloaded"

[2026-08-23T09:13:59.463Z] FATAL: page.goto: Timeout 25000ms exceeded.
Call log:
  - navigating to "https://www.turbocentras.com/", waiting until "domcontentloaded"

[2026-08-23T09:14:03.874Z] === Stock checker starting ===
[2026-08-23T09:14:03.874Z] === Stock checker starting ===
[2026-08-23T09:14:03.893Z] Loaded 6209 products with URLs
[2026-08-23T09:14:03.893Z] Loaded 6209 products with URLs
[2026-08-23T09:14:03.894Z] Loading current stock status from Supabase...
[2026-08-23T09:14:03.894Z] Loading current stock status from Supabase...
[2026-08-23T09:14:04.819Z] Loaded stock status for 6210 DB products
[2026-08-23T09:14:04.819Z] Loaded stock status for 6210 DB products
[2026-08-23T09:14:04.999Z] Establishing browser session...
[2026-08-23T09:14:04.999Z] Establishing browser session...
[2026-08-23T09:14:30.057Z] FATAL: page.goto: Timeout 25000ms exceeded.
Call log:
  - navigating to "https://www.turbocentras.com/", waiting until "domcontentloaded"

[2026-08-23T09:14:30.057Z] FATAL: page.goto: Timeout 25000ms exceeded.
Call log:
  - navigating to "https://www.turbocentras.com/", waiting until "domcontentloaded"

[2026-08-23T09:14:34.411Z] === Stock checker starting ===
[2026-08-23T09:14:34.411Z] === Stock checker starting ===
[2026-08-23T09:14:34.427Z] Loaded 6209 products with URLs
[2026-08-23T09:14:34.427Z] Loaded 6209 products with URLs
[2026-08-23T09:14:34.427Z] Loading current stock status from Supabase...
[2026-08-23T09:14:34.427Z] Loading current stock status from Supabase...
[2026-08-23T09:14:35.261Z] Loaded stock status for 6210 DB products
[2026-08-23T09:14:35.261Z] Loaded stock status for 6210 DB products
[2026-08-23T09:14:35.415Z] Establishing browser session...
[2026-08-23T09:14:35.415Z] Establishing browser session...
[2026-08-23T09:15:00.460Z] FATAL: page.goto: Timeout 25000ms exceeded.
Call log:
  - navigating to "https://www.turbocentras.com/", waiting until "domcontentloaded"

[2026-08-23T09:15:00.460Z] FATAL: page.goto: Timeout 25000ms exceeded.
Call log:
  - navigating to "https://www.turbocentras.com/", waiting until "domcontentloaded"

[2026-08-23T09:15:04.850Z] === Stock checker starting ===
[2026-08-23T09:15:04.850Z] === Stock checker starting ===
[2026-08-23T09:15:04.866Z] Loaded 6209 products with URLs
[2026-08-23T09:15:04.866Z] Loaded 6209 products with URLs
[2026-08-23T09:15:04.866Z] Loading current stock status from Supabase...
[2026-08-23T09:15:04.866Z] Loading current stock status from Supabase...
[2026-08-23T09:15:05.467Z] Loaded stock status for 6210 DB products
[2026-08-23T09:15:05.467Z] Loaded stock status for 6210 DB products
[2026-08-23T09:15:05.646Z] Establishing browser session...
[2026-08-23T09:15:05.646Z] Establishing browser session...
[2026-08-23T09:15:30.702Z] FATAL: page.goto: Timeout 25000ms exceeded.
Call log:
  - navigating to "https://www.turbocentras.com/", waiting until "domcontentloaded"

[2026-08-23T09:15:30.702Z] FATAL: page.goto: Timeout 25000ms exceeded.
Call log:
  - navigating to "https://www.turbocentras.com/", waiting until "domcontentloaded"

[2026-08-23T09:15:35.073Z] === Stock checker starting ===
[2026-08-23T09:15:35.073Z] === Stock checker starting ===
[2026-08-23T09:15:35.090Z] Loaded 6209 products with URLs
[2026-08-23T09:15:35.090Z] Loaded 6209 products with URLs
[2026-08-23T09:15:35.090Z] Loading current stock status from Supabase...
[2026-08-23T09:15:35.090Z] Loading current stock status from Supabase...
[2026-08-23T09:15:35.700Z] Loaded stock status for 6210 DB products
[2026-08-23T09:15:35.700Z] Loaded stock status for 6210 DB products
[2026-08-23T09:15:35.850Z] Establishing browser session...
[2026-08-23T09:15:35.850Z] Establishing browser session...
[2026-08-23T09:16:00.898Z] FATAL: page.goto: Timeout 25000ms exceeded.
Call log:
  - navigating to "https://www.turbocentras.com/", waiting until "domcontentloaded"

[2026-08-23T09:16:00.898Z] FATAL: page.goto: Timeout 25000ms exceeded.
Call log:
  - navigating to "https://www.turbocentras.com/", waiting until "domcontentloaded"

[2026-08-23T09:16:05.286Z] === Stock checker starting ===
[2026-08-23T09:16:05.286Z] === Stock checker starting ===
[2026-08-23T09:16:05.302Z] Loaded 6209 products with URLs
[2026-08-23T09:16:05.302Z] Loaded 6209 products with URLs
[2026-08-23T09:16:05.302Z] Loading current stock status from Supabase...
[2026-08-23T09:16:05.302Z] Loading current stock status from Supabase...
[2026-08-23T09:16:05.969Z] Loaded stock status for 6210 DB products
[2026-08-23T09:16:05.969Z] Loaded stock status for 6210 DB products
[2026-08-23T09:16:06.152Z] Establishing browser session...
[2026-08-23T09:16:06.152Z] Establishing browser session...
[2026-08-23T09:16:31.209Z] FATAL: page.goto: Timeout 25000ms exceeded.
Call log:
  - navigating to "https://www.turbocentras.com/", waiting until "domcontentloaded"

[2026-08-23T09:16:31.209Z] FATAL: page.goto: Timeout 25000ms exceeded.
Call log:
  - navigating to "https://www.turbocentras.com/", waiting until "domcontentloaded"

[2026-08-23T09:16:35.567Z] === Stock checker starting ===
[2026-08-23T09:16:35.567Z] === Stock checker starting ===
[2026-08-23T09:16:35.583Z] Loaded 6209 products with URLs
[2026-08-23T09:16:35.583Z] Loaded 6209 products with URLs
[2026-08-23T09:16:35.583Z] Loading current stock status from Supabase...
[2026-08-23T09:16:35.583Z] Loading current stock status from Supabase...
[2026-08-23T09:16:36.151Z] Loaded stock status for 6210 DB products
[2026-08-23T09:16:36.151Z] Loaded stock status for 6210 DB products
[2026-08-23T09:16:36.313Z] Establishing browser session...
[2026-08-23T09:16:36.313Z] Establishing browser session...
[2026-08-23T09:17:01.359Z] FATAL: page.goto: Timeout 25000ms exceeded.
Call log:
  - navigating to "https://www.turbocentras.com/", waiting until "domcontentloaded"

[2026-08-23T09:17:01.359Z] FATAL: page.goto: Timeout 25000ms exceeded.
Call log:
  - navigating to "https://www.turbocentras.com/", waiting until "domcontentloaded"

[2026-08-23T09:17:05.777Z] === Stock checker starting ===
[2026-08-23T09:17:05.777Z] === Stock checker starting ===
[2026-08-23T09:17:05.797Z] Loaded 6209 products with URLs
[2026-08-23T09:17:05.797Z] Loaded 6209 products with URLs
[2026-08-23T09:17:05.797Z] Loading current stock status from Supabase...
[2026-08-23T09:17:05.797Z] Loading current stock status from Supabase...
[2026-08-23T09:17:06.435Z] Loaded stock status for 6210 DB products
[2026-08-23T09:17:06.435Z] Loaded stock status for 6210 DB products
[2026-08-23T09:17:06.618Z] Establishing browser session...
[2026-08-23T09:17:06.618Z] Establishing browser session...
[2026-08-23T09:17:31.676Z] FATAL: page.goto: Timeout 25000ms exceeded.
Call log:
  - navigating to "https://www.turbocentras.com/", waiting until "domcontentloaded"

[2026-08-23T09:17:31.676Z] FATAL: page.goto: Timeout 25000ms exceeded.
Call log:
  - navigating to "https://www.turbocentras.com/", waiting until "domcontentloaded"

[2026-08-23T09:17:36.047Z] === Stock checker starting ===
[2026-08-23T09:17:36.047Z] === Stock checker starting ===
[2026-08-23T09:17:36.063Z] Loaded 6209 products with URLs
[2026-08-23T09:17:36.063Z] Loaded 6209 products with URLs
[2026-08-23T09:17:36.063Z] Loading current stock status from Supabase...
[2026-08-23T09:17:36.063Z] Loading current stock status from Supabase...
[2026-08-23T09:17:36.705Z] Loaded stock status for 6210 DB products
[2026-08-23T09:17:36.705Z] Loaded stock status for 6210 DB products
[2026-08-23T09:17:36.878Z] Establishing browser session...
[2026-08-23T09:17:36.878Z] Establishing browser session...
[2026-08-23T09:18:01.924Z] FATAL: page.goto: Timeout 25000ms exceeded.
Call log:
  - navigating to "https://www.turbocentras.com/", waiting until "domcontentloaded"

[2026-08-23T09:18:01.924Z] FATAL: page.goto: Timeout 25000ms exceeded.
Call log:
  - navigating to "https://www.turbocentras.com/", waiting until "domcontentloaded"

[2026-08-23T09:18:06.351Z] === Stock checker starting ===
[2026-08-23T09:18:06.351Z] === Stock checker starting ===
[2026-08-23T09:18:06.370Z] Loaded 6209 products with URLs
[2026-08-23T09:18:06.370Z] Loaded 6209 products with URLs
[2026-08-23T09:18:06.370Z] Loading current stock status from Supabase...
[2026-08-23T09:18:06.370Z] Loading current stock status from Supabase...
[2026-08-23T09:18:07.099Z] Loaded stock status for 6210 DB products
[2026-08-23T09:18:07.099Z] Loaded stock status for 6210 DB products
[2026-08-23T09:18:07.293Z] Establishing browser session...
[2026-08-23T09:18:07.293Z] Establishing browser session...
[2026-08-23T09:18:32.350Z] FATAL: page.goto: Timeout 25000ms exceeded.
Call log:
  - navigating to "https://www.turbocentras.com/", waiting until "domcontentloaded"

[2026-08-23T09:18:32.350Z] FATAL: page.goto: Timeout 25000ms exceeded.
Call log:
  - navigating to "https://www.turbocentras.com/", waiting until "domcontentloaded"

[2026-08-23T09:18:36.715Z] === Stock checker starting ===
[2026-08-23T09:18:36.715Z] === Stock checker starting ===
[2026-08-23T09:18:36.731Z] Loaded 6209 products with URLs
[2026-08-23T09:18:36.731Z] Loaded 6209 products with URLs
[2026-08-23T09:18:36.731Z] Loading current stock status from Supabase...
[2026-08-23T09:18:36.731Z] Loading current stock status from Supabase...
[2026-08-23T09:18:37.829Z] Loaded stock status for 6210 DB products
[2026-08-23T09:18:37.829Z] Loaded stock status for 6210 DB products
[2026-08-23T09:18:37.998Z] Establishing browser session...
[2026-08-23T09:18:37.998Z] Establishing browser session...
[2026-08-23T09:19:03.044Z] FATAL: page.goto: Timeout 25000ms exceeded.
Call log:
  - navigating to "https://www.turbocentras.com/", waiting until "domcontentloaded"

[2026-08-23T09:19:03.044Z] FATAL: page.goto: Timeout 25000ms exceeded.
Call log:
  - navigating to "https://www.turbocentras.com/", waiting until "domcontentloaded"

[2026-08-23T09:19:07.404Z] === Stock checker starting ===
[2026-08-23T09:19:07.404Z] === Stock checker starting ===
[2026-08-23T09:19:07.420Z] Loaded 6209 products with URLs
[2026-08-23T09:19:07.420Z] Loaded 6209 products with URLs
[2026-08-23T09:19:07.420Z] Loading current stock status from Supabase...
[2026-08-23T09:19:07.420Z] Loading current stock status from Supabase...
[2026-08-23T09:19:08.007Z] Loaded stock status for 6210 DB products
[2026-08-23T09:19:08.007Z] Loaded stock status for 6210 DB products
[2026-08-23T09:19:08.170Z] Establishing browser session...
[2026-08-23T09:19:08.170Z] Establishing browser session...
[2026-08-23T09:19:33.219Z] FATAL: page.goto: Timeout 25000ms exceeded.
Call log:
  - navigating to "https://www.turbocentras.com/", waiting until "domcontentloaded"

[2026-08-23T09:19:33.219Z] FATAL: page.goto: Timeout 25000ms exceeded.
Call log:
  - navigating to "https://www.turbocentras.com/", waiting until "domcontentloaded"

[2026-08-23T09:19:37.592Z] === Stock checker starting ===
[2026-08-23T09:19:37.592Z] === Stock checker starting ===
[2026-08-23T09:19:37.608Z] Loaded 6209 products with URLs
[2026-08-23T09:19:37.608Z] Loaded 6209 products with URLs
[2026-08-23T09:19:37.608Z] Loading current stock status from Supabase...
[2026-08-23T09:19:37.608Z] Loading current stock status from Supabase...
[2026-08-23T09:19:38.156Z] Loaded stock status for 6210 DB products
[2026-08-23T09:19:38.156Z] Loaded stock status for 6210 DB products
[2026-08-23T09:19:38.324Z] Establishing browser session...
[2026-08-23T09:19:38.324Z] Establishing browser session...
[2026-08-23T09:20:03.370Z] FATAL: page.goto: Timeout 25000ms exceeded.
Call log:
  - navigating to "https://www.turbocentras.com/", waiting until "domcontentloaded"

[2026-08-23T09:20:03.370Z] FATAL: page.goto: Timeout 25000ms exceeded.
Call log:
  - navigating to "https://www.turbocentras.com/", waiting until "domcontentloaded"

[2026-08-23T09:20:07.741Z] === Stock checker starting ===
[2026-08-23T09:20:07.741Z] === Stock checker starting ===
[2026-08-23T09:20:07.757Z] Loaded 6209 products with URLs
[2026-08-23T09:20:07.757Z] Loaded 6209 products with URLs
[2026-08-23T09:20:07.758Z] Loading current stock status from Supabase...
[2026-08-23T09:20:07.758Z] Loading current stock status from Supabase...
[2026-08-23T09:20:08.348Z] Loaded stock status for 6210 DB products
[2026-08-23T09:20:08.348Z] Loaded stock status for 6210 DB products
[2026-08-23T09:20:08.505Z] Establishing browser session...
[2026-08-23T09:20:08.505Z] Establishing browser session...
[2026-08-23T09:20:33.551Z] FATAL: page.goto: Timeout 25000ms exceeded.
Call log:
  - navigating to "https://www.turbocentras.com/", waiting until "domcontentloaded"

[2026-08-23T09:20:33.551Z] FATAL: page.goto: Timeout 25000ms exceeded.
Call log:
  - navigating to "https://www.turbocentras.com/", waiting until "domcontentloaded"

[2026-08-23T09:20:37.917Z] === Stock checker starting ===
[2026-08-23T09:20:37.917Z] === Stock checker starting ===
[2026-08-23T09:20:37.933Z] Loaded 6209 products with URLs
[2026-08-23T09:20:37.933Z] Loaded 6209 products with URLs
[2026-08-23T09:20:37.933Z] Loading current stock status from Supabase...
[2026-08-23T09:20:37.933Z] Loading current stock status from Supabase...
[2026-08-23T09:20:38.558Z] Loaded stock status for 6210 DB products
[2026-08-23T09:20:38.558Z] Loaded stock status for 6210 DB products
[2026-08-23T09:20:38.797Z] Establishing browser session...
[2026-08-23T09:20:38.797Z] Establishing browser session...
[2026-08-23T09:21:03.845Z] FATAL: page.goto: Timeout 25000ms exceeded.
Call log:
  - navigating to "https://www.turbocentras.com/", waiting until "domcontentloaded"

[2026-08-23T09:21:03.845Z] FATAL: page.goto: Timeout 25000ms exceeded.
Call log:
  - navigating to "https://www.turbocentras.com/", waiting until "domcontentloaded"

[2026-08-23T09:21:08.313Z] === Stock checker starting ===
[2026-08-23T09:21:08.313Z] === Stock checker starting ===
[2026-08-23T09:21:08.330Z] Loaded 6209 products with URLs
[2026-08-23T09:21:08.330Z] Loaded 6209 products with URLs
[2026-08-23T09:21:08.330Z] Loading current stock status from Supabase...
[2026-08-23T09:21:08.330Z] Loading current stock status from Supabase...
[2026-08-23T09:21:09.017Z] Loaded stock status for 6210 DB products
[2026-08-23T09:21:09.017Z] Loaded stock status for 6210 DB products
[2026-08-23T09:21:09.178Z] Establishing browser session...
[2026-08-23T09:21:09.178Z] Establishing browser session...
[2026-08-23T09:21:34.223Z] FATAL: page.goto: Timeout 25000ms exceeded.
Call log:
  - navigating to "https://www.turbocentras.com/", waiting until "domcontentloaded"

[2026-08-23T09:21:34.223Z] FATAL: page.goto: Timeout 25000ms exceeded.
Call log:
  - navigating to "https://www.turbocentras.com/", waiting until "domcontentloaded"

[2026-08-23T09:21:38.590Z] === Stock checker starting ===
[2026-08-23T09:21:38.590Z] === Stock checker starting ===
[2026-08-23T09:21:38.606Z] Loaded 6209 products with URLs
[2026-08-23T09:21:38.606Z] Loaded 6209 products with URLs
[2026-08-23T09:21:38.606Z] Loading current stock status from Supabase...
[2026-08-23T09:21:38.606Z] Loading current stock status from Supabase...
[2026-08-23T09:21:39.332Z] Loaded stock status for 6210 DB products
[2026-08-23T09:21:39.332Z] Loaded stock status for 6210 DB products
[2026-08-23T09:21:39.491Z] Establishing browser session...
[2026-08-23T09:21:39.491Z] Establishing browser session...
[2026-08-23T09:22:04.538Z] FATAL: page.goto: Timeout 25000ms exceeded.
Call log:
  - navigating to "https://www.turbocentras.com/", waiting until "domcontentloaded"

[2026-08-23T09:22:04.538Z] FATAL: page.goto: Timeout 25000ms exceeded.
Call log:
  - navigating to "https://www.turbocentras.com/", waiting until "domcontentloaded"

[2026-08-23T09:22:08.895Z] === Stock checker starting ===
[2026-08-23T09:22:08.895Z] === Stock checker starting ===
[2026-08-23T09:22:08.911Z] Loaded 6209 products with URLs
[2026-08-23T09:22:08.911Z] Loaded 6209 products with URLs
[2026-08-23T09:22:08.911Z] Loading current stock status from Supabase...
[2026-08-23T09:22:08.911Z] Loading current stock status from Supabase...
[2026-08-23T09:22:09.852Z] Loaded stock status for 6210 DB products
[2026-08-23T09:22:09.852Z] Loaded stock status for 6210 DB products
[2026-08-23T09:22:10.009Z] Establishing browser session...
[2026-08-23T09:22:10.009Z] Establishing browser session...
[2026-08-23T09:22:35.055Z] FATAL: page.goto: Timeout 25000ms exceeded.
Call log:
  - navigating to "https://www.turbocentras.com/", waiting until "domcontentloaded"

[2026-08-23T09:22:35.055Z] FATAL: page.goto: Timeout 25000ms exceeded.
Call log:
  - navigating to "https://www.turbocentras.com/", waiting until "domcontentloaded"

[2026-08-23T09:22:39.421Z] === Stock checker starting ===
[2026-08-23T09:22:39.421Z] === Stock checker starting ===
[2026-08-23T09:22:39.437Z] Loaded 6209 products with URLs
[2026-08-23T09:22:39.437Z] Loaded 6209 products with URLs
[2026-08-23T09:22:39.437Z] Loading current stock status from Supabase...
[2026-08-23T09:22:39.437Z] Loading current stock status from Supabase...
[2026-08-23T09:22:40.027Z] Loaded stock status for 6210 DB products
[2026-08-23T09:22:40.027Z] Loaded stock status for 6210 DB products
[2026-08-23T09:22:40.190Z] Establishing browser session...
[2026-08-23T09:22:40.190Z] Establishing browser session...
[2026-08-23T09:23:05.236Z] FATAL: page.goto: Timeout 25000ms exceeded.
Call log:
  - navigating to "https://www.turbocentras.com/", waiting until "domcontentloaded"

[2026-08-23T09:23:05.236Z] FATAL: page.goto: Timeout 25000ms exceeded.
Call log:
  - navigating to "https://www.turbocentras.com/", waiting until "domcontentloaded"

[2026-08-23T09:23:09.617Z] === Stock checker starting ===
[2026-08-23T09:23:09.617Z] === Stock checker starting ===
[2026-08-23T09:23:09.633Z] Loaded 6209 products with URLs
[2026-08-23T09:23:09.633Z] Loaded 6209 products with URLs
[2026-08-23T09:23:09.633Z] Loading current stock status from Supabase...
[2026-08-23T09:23:09.633Z] Loading current stock status from Supabase...
[2026-08-23T09:23:10.171Z] Loaded stock status for 6210 DB products
[2026-08-23T09:23:10.171Z] Loaded stock status for 6210 DB products
[2026-08-23T09:23:10.358Z] Establishing browser session...
[2026-08-23T09:23:10.358Z] Establishing browser session...
[2026-08-23T09:23:35.414Z] FATAL: page.goto: Timeout 25000ms exceeded.
Call log:
  - navigating to "https://www.turbocentras.com/", waiting until "domcontentloaded"

[2026-08-23T09:23:35.414Z] FATAL: page.goto: Timeout 25000ms exceeded.
Call log:
  - navigating to "https://www.turbocentras.com/", waiting until "domcontentloaded"

[2026-08-23T09:23:39.830Z] === Stock checker starting ===
[2026-08-23T09:23:39.830Z] === Stock checker starting ===
[2026-08-23T09:23:39.850Z] Loaded 6209 products with URLs
[2026-08-23T09:23:39.850Z] Loaded 6209 products with URLs
[2026-08-23T09:23:39.850Z] Loading current stock status from Supabase...
[2026-08-23T09:23:39.850Z] Loading current stock status from Supabase...
[2026-08-23T09:23:40.386Z] Loaded stock status for 6210 DB products
[2026-08-23T09:23:40.386Z] Loaded stock status for 6210 DB products
[2026-08-23T09:23:40.572Z] Establishing browser session...
[2026-08-23T09:23:40.572Z] Establishing browser session...
[2026-08-23T09:24:05.628Z] FATAL: page.goto: Timeout 25000ms exceeded.
Call log:
  - navigating to "https://www.turbocentras.com/", waiting until "domcontentloaded"

[2026-08-23T09:24:05.628Z] FATAL: page.goto: Timeout 25000ms exceeded.
Call log:
  - navigating to "https://www.turbocentras.com/", waiting until "domcontentloaded"

[2026-08-23T09:24:10.035Z] === Stock checker starting ===
[2026-08-23T09:24:10.035Z] === Stock checker starting ===
[2026-08-23T09:24:10.054Z] Loaded 6209 products with URLs
[2026-08-23T09:24:10.054Z] Loaded 6209 products with URLs
[2026-08-23T09:24:10.054Z] Loading current stock status from Supabase...
[2026-08-23T09:24:10.054Z] Loading current stock status from Supabase...
[2026-08-23T09:24:10.827Z] Loaded stock status for 6210 DB products
[2026-08-23T09:24:10.827Z] Loaded stock status for 6210 DB products
[2026-08-23T09:24:11.020Z] Establishing browser session...
[2026-08-23T09:24:11.020Z] Establishing browser session...
[2026-08-23T09:24:36.079Z] FATAL: page.goto: Timeout 25000ms exceeded.
Call log:
  - navigating to "https://www.turbocentras.com/", waiting until "domcontentloaded"

[2026-08-23T09:24:36.079Z] FATAL: page.goto: Timeout 25000ms exceeded.
Call log:
  - navigating to "https://www.turbocentras.com/", waiting until "domcontentloaded"

[2026-08-23T09:24:40.444Z] === Stock checker starting ===
[2026-08-23T09:24:40.444Z] === Stock checker starting ===
[2026-08-23T09:24:40.460Z] Loaded 6209 products with URLs
[2026-08-23T09:24:40.460Z] Loaded 6209 products with URLs
[2026-08-23T09:24:40.460Z] Loading current stock status from Supabase...
[2026-08-23T09:24:40.460Z] Loading current stock status from Supabase...
[2026-08-23T09:24:40.992Z] Loaded stock status for 6210 DB products
[2026-08-23T09:24:40.992Z] Loaded stock status for 6210 DB products
[2026-08-23T09:24:41.144Z] Establishing browser session...
[2026-08-23T09:24:41.144Z] Establishing browser session...
[2026-08-23T09:25:06.190Z] FATAL: page.goto: Timeout 25000ms exceeded.
Call log:
  - navigating to "https://www.turbocentras.com/", waiting until "domcontentloaded"

[2026-08-23T09:25:06.190Z] FATAL: page.goto: Timeout 25000ms exceeded.
Call log:
  - navigating to "https://www.turbocentras.com/", waiting until "domcontentloaded"

[2026-08-23T09:25:10.563Z] === Stock checker starting ===
[2026-08-23T09:25:10.563Z] === Stock checker starting ===
[2026-08-23T09:25:10.579Z] Loaded 6209 products with URLs
[2026-08-23T09:25:10.579Z] Loaded 6209 products with URLs
[2026-08-23T09:25:10.579Z] Loading current stock status from Supabase...
[2026-08-23T09:25:10.579Z] Loading current stock status from Supabase...
[2026-08-23T09:25:11.459Z] Loaded stock status for 6210 DB products
[2026-08-23T09:25:11.459Z] Loaded stock status for 6210 DB products
[2026-08-23T09:25:11.618Z] Establishing browser session...
[2026-08-23T09:25:11.618Z] Establishing browser session...
[2026-08-23T09:25:36.663Z] FATAL: page.goto: Timeout 25000ms exceeded.
Call log:
  - navigating to "https://www.turbocentras.com/", waiting until "domcontentloaded"

[2026-08-23T09:25:36.663Z] FATAL: page.goto: Timeout 25000ms exceeded.
Call log:
  - navigating to "https://www.turbocentras.com/", waiting until "domcontentloaded"

[2026-08-23T09:25:41.050Z] === Stock checker starting ===
[2026-08-23T09:25:41.050Z] === Stock checker starting ===
[2026-08-23T09:25:41.066Z] Loaded 6209 products with URLs
[2026-08-23T09:25:41.066Z] Loaded 6209 products with URLs
[2026-08-23T09:25:41.066Z] Loading current stock status from Supabase...
[2026-08-23T09:25:41.066Z] Loading current stock status from Supabase...
[2026-08-23T09:25:41.608Z] Loaded stock status for 6210 DB products
[2026-08-23T09:25:41.608Z] Loaded stock status for 6210 DB products
[2026-08-23T09:25:41.790Z] Establishing browser session...
[2026-08-23T09:25:41.790Z] Establishing browser session...
[2026-08-23T09:26:06.849Z] FATAL: page.goto: Timeout 25000ms exceeded.
Call log:
  - navigating to "https://www.turbocentras.com/", waiting until "domcontentloaded"

[2026-08-23T09:26:06.849Z] FATAL: page.goto: Timeout 25000ms exceeded.
Call log:
  - navigating to "https://www.turbocentras.com/", waiting until "domcontentloaded"

[2026-08-23T09:26:11.260Z] === Stock checker starting ===
[2026-08-23T09:26:11.260Z] === Stock checker starting ===
[2026-08-23T09:26:11.280Z] Loaded 6209 products with URLs
[2026-08-23T09:26:11.280Z] Loaded 6209 products with URLs
[2026-08-23T09:26:11.280Z] Loading current stock status from Supabase...
[2026-08-23T09:26:11.280Z] Loading current stock status from Supabase...
[2026-08-23T09:26:12.013Z] Loaded stock status for 6210 DB products
[2026-08-23T09:26:12.013Z] Loaded stock status for 6210 DB products
[2026-08-23T09:26:12.208Z] Establishing browser session...
[2026-08-23T09:26:12.208Z] Establishing browser session...
[2026-08-23T09:26:37.263Z] FATAL: page.goto: Timeout 25000ms exceeded.
Call log:
  - navigating to "https://www.turbocentras.com/", waiting until "domcontentloaded"

[2026-08-23T09:26:37.263Z] FATAL: page.goto: Timeout 25000ms exceeded.
Call log:
  - navigating to "https://www.turbocentras.com/", waiting until "domcontentloaded"

[2026-08-23T09:26:41.639Z] === Stock checker starting ===
[2026-08-23T09:26:41.639Z] === Stock checker starting ===
[2026-08-23T09:26:41.656Z] Loaded 6209 products with URLs
[2026-08-23T09:26:41.656Z] Loaded 6209 products with URLs
[2026-08-23T09:26:41.656Z] Loading current stock status from Supabase...
[2026-08-23T09:26:41.656Z] Loading current stock status from Supabase...
[2026-08-23T09:26:42.207Z] Loaded stock status for 6210 DB products
[2026-08-23T09:26:42.207Z] Loaded stock status for 6210 DB products
[2026-08-23T09:26:42.359Z] Establishing browser session...
[2026-08-23T09:26:42.359Z] Establishing browser session...
[2026-08-23T09:27:07.403Z] FATAL: page.goto: Timeout 25000ms exceeded.
Call log:
  - navigating to "https://www.turbocentras.com/", waiting until "domcontentloaded"

[2026-08-23T09:27:07.403Z] FATAL: page.goto: Timeout 25000ms exceeded.
Call log:
  - navigating to "https://www.turbocentras.com/", waiting until "domcontentloaded"

[2026-08-23T09:27:11.772Z] === Stock checker starting ===
[2026-08-23T09:27:11.772Z] === Stock checker starting ===
[2026-08-23T09:27:11.788Z] Loaded 6209 products with URLs
[2026-08-23T09:27:11.788Z] Loaded 6209 products with URLs
[2026-08-23T09:27:11.788Z] Loading current stock status from Supabase...
[2026-08-23T09:27:11.788Z] Loading current stock status from Supabase...
[2026-08-23T09:27:12.314Z] Loaded stock status for 6210 DB products
[2026-08-23T09:27:12.314Z] Loaded stock status for 6210 DB products
[2026-08-23T09:27:12.471Z] Establishing browser session...
[2026-08-23T09:27:12.471Z] Establishing browser session...
[2026-08-23T09:27:37.519Z] FATAL: page.goto: Timeout 25000ms exceeded.
Call log:
  - navigating to "https://www.turbocentras.com/", waiting until "domcontentloaded"

[2026-08-23T09:27:37.519Z] FATAL: page.goto: Timeout 25000ms exceeded.
Call log:
  - navigating to "https://www.turbocentras.com/", waiting until "domcontentloaded"

[2026-08-23T09:27:41.896Z] === Stock checker starting ===
[2026-08-23T09:27:41.896Z] === Stock checker starting ===
[2026-08-23T09:27:41.912Z] Loaded 6209 products with URLs
[2026-08-23T09:27:41.912Z] Loaded 6209 products with URLs
[2026-08-23T09:27:41.912Z] Loading current stock status from Supabase...
[2026-08-23T09:27:41.912Z] Loading current stock status from Supabase...
[2026-08-23T09:27:42.614Z] Loaded stock status for 6210 DB products
[2026-08-23T09:27:42.614Z] Loaded stock status for 6210 DB products
[2026-08-23T09:27:42.784Z] Establishing browser session...
[2026-08-23T09:27:42.784Z] Establishing browser session...
[2026-08-23T09:28:07.830Z] FATAL: page.goto: Timeout 25000ms exceeded.
Call log:
  - navigating to "https://www.turbocentras.com/", waiting until "domcontentloaded"

[2026-08-23T09:28:07.830Z] FATAL: page.goto: Timeout 25000ms exceeded.
Call log:
  - navigating to "https://www.turbocentras.com/", waiting until "domcontentloaded"

[2026-08-23T09:28:12.195Z] === Stock checker starting ===
[2026-08-23T09:28:12.195Z] === Stock checker starting ===
[2026-08-23T09:28:12.211Z] Loaded 6209 products with URLs
[2026-08-23T09:28:12.211Z] Loaded 6209 products with URLs
[2026-08-23T09:28:12.211Z] Loading current stock status from Supabase...
[2026-08-23T09:28:12.211Z] Loading current stock status from Supabase...
[2026-08-23T09:28:13.111Z] Loaded stock status for 6210 DB products
[2026-08-23T09:28:13.111Z] Loaded stock status for 6210 DB products
[2026-08-23T09:28:13.280Z] Establishing browser session...
[2026-08-23T09:28:13.280Z] Establishing browser session...
[2026-08-23T09:28:38.327Z] FATAL: page.goto: Timeout 25000ms exceeded.
Call log:
  - navigating to "https://www.turbocentras.com/", waiting until "domcontentloaded"

[2026-08-23T09:28:38.327Z] FATAL: page.goto: Timeout 25000ms exceeded.
Call log:
  - navigating to "https://www.turbocentras.com/", waiting until "domcontentloaded"

[2026-08-23T09:28:42.727Z] === Stock checker starting ===
[2026-08-23T09:28:42.727Z] === Stock checker starting ===
[2026-08-23T09:28:42.743Z] Loaded 6209 products with URLs
[2026-08-23T09:28:42.743Z] Loaded 6209 products with URLs
[2026-08-23T09:28:42.743Z] Loading current stock status from Supabase...
[2026-08-23T09:28:42.743Z] Loading current stock status from Supabase...
[2026-08-23T09:28:43.296Z] Loaded stock status for 6210 DB products
[2026-08-23T09:28:43.296Z] Loaded stock status for 6210 DB products
[2026-08-23T09:28:43.493Z] Establishing browser session...
[2026-08-23T09:28:43.493Z] Establishing browser session...
[2026-08-23T09:29:08.549Z] FATAL: page.goto: Timeout 25000ms exceeded.
Call log:
  - navigating to "https://www.turbocentras.com/", waiting until "domcontentloaded"

[2026-08-23T09:29:08.549Z] FATAL: page.goto: Timeout 25000ms exceeded.
Call log:
  - navigating to "https://www.turbocentras.com/", waiting until "domcontentloaded"

[2026-08-23T09:29:12.912Z] === Stock checker starting ===
[2026-08-23T09:29:12.912Z] === Stock checker starting ===
[2026-08-23T09:29:12.928Z] Loaded 6209 products with URLs
[2026-08-23T09:29:12.928Z] Loaded 6209 products with URLs
[2026-08-23T09:29:12.928Z] Loading current stock status from Supabase...
[2026-08-23T09:29:12.928Z] Loading current stock status from Supabase...
[2026-08-23T09:29:13.503Z] Loaded stock status for 6210 DB products
[2026-08-23T09:29:13.503Z] Loaded stock status for 6210 DB products
[2026-08-23T09:29:13.670Z] Establishing browser session...
[2026-08-23T09:29:13.670Z] Establishing browser session...
[2026-08-23T09:29:38.716Z] FATAL: page.goto: Timeout 25000ms exceeded.
Call log:
  - navigating to "https://www.turbocentras.com/", waiting until "domcontentloaded"

[2026-08-23T09:29:38.716Z] FATAL: page.goto: Timeout 25000ms exceeded.
Call log:
  - navigating to "https://www.turbocentras.com/", waiting until "domcontentloaded"

[2026-08-23T09:29:43.080Z] === Stock checker starting ===
[2026-08-23T09:29:43.080Z] === Stock checker starting ===
[2026-08-23T09:29:43.096Z] Loaded 6209 products with URLs
[2026-08-23T09:29:43.096Z] Loaded 6209 products with URLs
[2026-08-23T09:29:43.096Z] Loading current stock status from Supabase...
[2026-08-23T09:29:43.096Z] Loading current stock status from Supabase...
[2026-08-23T09:29:43.646Z] Loaded stock status for 6210 DB products
[2026-08-23T09:29:43.646Z] Loaded stock status for 6210 DB products
[2026-08-23T09:29:43.803Z] Establishing browser session...
[2026-08-23T09:29:43.803Z] Establishing browser session...
[2026-08-23T09:30:08.848Z] FATAL: page.goto: Timeout 25000ms exceeded.
Call log:
  - navigating to "https://www.turbocentras.com/", waiting until "domcontentloaded"

[2026-08-23T09:30:08.848Z] FATAL: page.goto: Timeout 25000ms exceeded.
Call log:
  - navigating to "https://www.turbocentras.com/", waiting until "domcontentloaded"

[2026-08-23T09:30:13.276Z] === Stock checker starting ===
[2026-08-23T09:30:13.276Z] === Stock checker starting ===
[2026-08-23T09:30:13.295Z] Loaded 6209 products with URLs
[2026-08-23T09:30:13.295Z] Loaded 6209 products with URLs
[2026-08-23T09:30:13.296Z] Loading current stock status from Supabase...
[2026-08-23T09:30:13.296Z] Loading current stock status from Supabase...
[2026-08-23T09:30:13.967Z] Loaded stock status for 6210 DB products
[2026-08-23T09:30:13.967Z] Loaded stock status for 6210 DB products
[2026-08-23T09:30:14.159Z] Establishing browser session...
[2026-08-23T09:30:14.159Z] Establishing browser session...
[2026-08-23T09:30:39.215Z] FATAL: page.goto: Timeout 25000ms exceeded.
Call log:
  - navigating to "https://www.turbocentras.com/", waiting until "domcontentloaded"

[2026-08-23T09:30:39.215Z] FATAL: page.goto: Timeout 25000ms exceeded.
Call log:
  - navigating to "https://www.turbocentras.com/", waiting until "domcontentloaded"

[2026-08-23T09:30:43.709Z] === Stock checker starting ===
[2026-08-23T09:30:43.709Z] === Stock checker starting ===
[2026-08-23T09:30:43.726Z] Loaded 6209 products with URLs
[2026-08-23T09:30:43.726Z] Loaded 6209 products with URLs
[2026-08-23T09:30:43.727Z] Loading current stock status from Supabase...
[2026-08-23T09:30:43.727Z] Loading current stock status from Supabase...
[2026-08-23T09:30:44.380Z] Loaded stock status for 6210 DB products
[2026-08-23T09:30:44.380Z] Loaded stock status for 6210 DB products
[2026-08-23T09:30:44.553Z] Establishing browser session...
[2026-08-23T09:30:44.553Z] Establishing browser session...
[2026-08-23T09:31:09.598Z] FATAL: page.goto: Timeout 25000ms exceeded.
Call log:
  - navigating to "https://www.turbocentras.com/", waiting until "domcontentloaded"

[2026-08-23T09:31:09.598Z] FATAL: page.goto: Timeout 25000ms exceeded.
Call log:
  - navigating to "https://www.turbocentras.com/", waiting until "domcontentloaded"

[2026-08-23T09:31:13.968Z] === Stock checker starting ===
[2026-08-23T09:31:13.968Z] === Stock checker starting ===
[2026-08-23T09:31:13.984Z] Loaded 6209 products with URLs
[2026-08-23T09:31:13.984Z] Loaded 6209 products with URLs
[2026-08-23T09:31:13.984Z] Loading current stock status from Supabase...
[2026-08-23T09:31:13.984Z] Loading current stock status from Supabase...
[2026-08-23T09:31:14.605Z] Loaded stock status for 6210 DB products
[2026-08-23T09:31:14.605Z] Loaded stock status for 6210 DB products
[2026-08-23T09:31:14.766Z] Establishing browser session...
[2026-08-23T09:31:14.766Z] Establishing browser session...
[2026-08-23T09:31:39.812Z] FATAL: page.goto: Timeout 25000ms exceeded.
Call log:
  - navigating to "https://www.turbocentras.com/", waiting until "domcontentloaded"

[2026-08-23T09:31:39.812Z] FATAL: page.goto: Timeout 25000ms exceeded.
Call log:
  - navigating to "https://www.turbocentras.com/", waiting until "domcontentloaded"

[2026-08-23T09:31:44.179Z] === Stock checker starting ===
[2026-08-23T09:31:44.179Z] === Stock checker starting ===
[2026-08-23T09:31:44.195Z] Loaded 6209 products with URLs
[2026-08-23T09:31:44.195Z] Loaded 6209 products with URLs
[2026-08-23T09:31:44.195Z] Loading current stock status from Supabase...
[2026-08-23T09:31:44.195Z] Loading current stock status from Supabase...
[2026-08-23T09:31:44.716Z] Loaded stock status for 6210 DB products
[2026-08-23T09:31:44.716Z] Loaded stock status for 6210 DB products
[2026-08-23T09:31:44.870Z] Establishing browser session...
[2026-08-23T09:31:44.870Z] Establishing browser session...
[2026-08-23T09:32:09.915Z] FATAL: page.goto: Timeout 25000ms exceeded.
Call log:
  - navigating to "https://www.turbocentras.com/", waiting until "domcontentloaded"

[2026-08-23T09:32:09.915Z] FATAL: page.goto: Timeout 25000ms exceeded.
Call log:
  - navigating to "https://www.turbocentras.com/", waiting until "domcontentloaded"

[2026-08-23T09:32:14.328Z] === Stock checker starting ===
[2026-08-23T09:32:14.328Z] === Stock checker starting ===
[2026-08-23T09:32:14.348Z] Loaded 6209 products with URLs
[2026-08-23T09:32:14.348Z] Loaded 6209 products with URLs
[2026-08-23T09:32:14.348Z] Loading current stock status from Supabase...
[2026-08-23T09:32:14.348Z] Loading current stock status from Supabase...
[2026-08-23T09:32:14.946Z] Loaded stock status for 6210 DB products
[2026-08-23T09:32:14.946Z] Loaded stock status for 6210 DB products
[2026-08-23T09:32:15.133Z] Establishing browser session...
[2026-08-23T09:32:15.133Z] Establishing browser session...
[2026-08-23T09:32:40.191Z] FATAL: page.goto: Timeout 25000ms exceeded.
Call log:
  - navigating to "https://www.turbocentras.com/", waiting until "domcontentloaded"

[2026-08-23T09:32:40.191Z] FATAL: page.goto: Timeout 25000ms exceeded.
Call log:
  - navigating to "https://www.turbocentras.com/", waiting until "domcontentloaded"

[2026-08-23T09:32:44.552Z] === Stock checker starting ===
[2026-08-23T09:32:44.552Z] === Stock checker starting ===
[2026-08-23T09:32:44.568Z] Loaded 6209 products with URLs
[2026-08-23T09:32:44.568Z] Loaded 6209 products with URLs
[2026-08-23T09:32:44.568Z] Loading current stock status from Supabase...
[2026-08-23T09:32:44.568Z] Loading current stock status from Supabase...
[2026-08-23T09:32:45.109Z] Loaded stock status for 6210 DB products
[2026-08-23T09:32:45.109Z] Loaded stock status for 6210 DB products
[2026-08-23T09:32:45.265Z] Establishing browser session...
[2026-08-23T09:32:45.265Z] Establishing browser session...
[2026-08-23T09:33:10.311Z] FATAL: page.goto: Timeout 25000ms exceeded.
Call log:
  - navigating to "https://www.turbocentras.com/", waiting until "domcontentloaded"

[2026-08-23T09:33:10.311Z] FATAL: page.goto: Timeout 25000ms exceeded.
Call log:
  - navigating to "https://www.turbocentras.com/", waiting until "domcontentloaded"

[2026-08-23T09:33:14.676Z] === Stock checker starting ===
[2026-08-23T09:33:14.676Z] === Stock checker starting ===
[2026-08-23T09:33:14.692Z] Loaded 6209 products with URLs
[2026-08-23T09:33:14.692Z] Loaded 6209 products with URLs
[2026-08-23T09:33:14.693Z] Loading current stock status from Supabase...
[2026-08-23T09:33:14.693Z] Loading current stock status from Supabase...
[2026-08-23T09:33:15.628Z] Loaded stock status for 6210 DB products
[2026-08-23T09:33:15.628Z] Loaded stock status for 6210 DB products
[2026-08-23T09:33:15.792Z] Establishing browser session...
[2026-08-23T09:33:15.792Z] Establishing browser session...
[2026-08-23T09:33:40.837Z] FATAL: page.goto: Timeout 25000ms exceeded.
Call log:
  - navigating to "https://www.turbocentras.com/", waiting until "domcontentloaded"

[2026-08-23T09:33:40.837Z] FATAL: page.goto: Timeout 25000ms exceeded.
Call log:
  - navigating to "https://www.turbocentras.com/", waiting until "domcontentloaded"

[2026-08-23T09:33:45.242Z] === Stock checker starting ===
[2026-08-23T09:33:45.242Z] === Stock checker starting ===
[2026-08-23T09:33:45.261Z] Loaded 6209 products with URLs
[2026-08-23T09:33:45.261Z] Loaded 6209 products with URLs
[2026-08-23T09:33:45.261Z] Loading current stock status from Supabase...
[2026-08-23T09:33:45.261Z] Loading current stock status from Supabase...
[2026-08-23T09:33:45.782Z] Loaded stock status for 6210 DB products
[2026-08-23T09:33:45.782Z] Loaded stock status for 6210 DB products
[2026-08-23T09:33:45.959Z] Establishing browser session...
[2026-08-23T09:33:45.959Z] Establishing browser session...
[2026-08-23T09:34:11.015Z] FATAL: page.goto: Timeout 25000ms exceeded.
Call log:
  - navigating to "https://www.turbocentras.com/", waiting until "domcontentloaded"

[2026-08-23T09:34:11.015Z] FATAL: page.goto: Timeout 25000ms exceeded.
Call log:
  - navigating to "https://www.turbocentras.com/", waiting until "domcontentloaded"

[2026-08-23T09:34:15.429Z] === Stock checker starting ===
[2026-08-23T09:34:15.429Z] === Stock checker starting ===
[2026-08-23T09:34:15.449Z] Loaded 6209 products with URLs
[2026-08-23T09:34:15.449Z] Loaded 6209 products with URLs
[2026-08-23T09:34:15.449Z] Loading current stock status from Supabase...
[2026-08-23T09:34:15.449Z] Loading current stock status from Supabase...
[2026-08-23T09:34:16.375Z] Loaded stock status for 6210 DB products
[2026-08-23T09:34:16.375Z] Loaded stock status for 6210 DB products
[2026-08-23T09:34:16.551Z] Establishing browser session...
[2026-08-23T09:34:16.551Z] Establishing browser session...
[2026-08-23T09:34:41.606Z] FATAL: page.goto: Timeout 25000ms exceeded.
Call log:
  - navigating to "https://www.turbocentras.com/", waiting until "domcontentloaded"

[2026-08-23T09:34:41.606Z] FATAL: page.goto: Timeout 25000ms exceeded.
Call log:
  - navigating to "https://www.turbocentras.com/", waiting until "domcontentloaded"

[2026-08-23T09:34:45.965Z] === Stock checker starting ===
[2026-08-23T09:34:45.965Z] === Stock checker starting ===
[2026-08-23T09:34:45.981Z] Loaded 6209 products with URLs
[2026-08-23T09:34:45.981Z] Loaded 6209 products with URLs
[2026-08-23T09:34:45.981Z] Loading current stock status from Supabase...
[2026-08-23T09:34:45.981Z] Loading current stock status from Supabase...
[2026-08-23T09:34:47.004Z] Loaded stock status for 6210 DB products
[2026-08-23T09:34:47.004Z] Loaded stock status for 6210 DB products
[2026-08-23T09:34:47.163Z] Establishing browser session...
[2026-08-23T09:34:47.163Z] Establishing browser session...
[2026-08-23T09:35:12.208Z] FATAL: page.goto: Timeout 25000ms exceeded.
Call log:
  - navigating to "https://www.turbocentras.com/", waiting until "domcontentloaded"

[2026-08-23T09:35:12.208Z] FATAL: page.goto: Timeout 25000ms exceeded.
Call log:
  - navigating to "https://www.turbocentras.com/", waiting until "domcontentloaded"

[2026-08-23T09:35:16.572Z] === Stock checker starting ===
[2026-08-23T09:35:16.572Z] === Stock checker starting ===
[2026-08-23T09:35:16.588Z] Loaded 6209 products with URLs
[2026-08-23T09:35:16.588Z] Loaded 6209 products with URLs
[2026-08-23T09:35:16.588Z] Loading current stock status from Supabase...
[2026-08-23T09:35:16.588Z] Loading current stock status from Supabase...
[2026-08-23T09:35:17.112Z] Loaded stock status for 6210 DB products
[2026-08-23T09:35:17.112Z] Loaded stock status for 6210 DB products
[2026-08-23T09:35:17.275Z] Establishing browser session...
[2026-08-23T09:35:17.275Z] Establishing browser session...
[2026-08-23T09:35:42.320Z] FATAL: page.goto: Timeout 25000ms exceeded.
Call log:
  - navigating to "https://www.turbocentras.com/", waiting until "domcontentloaded"

[2026-08-23T09:35:42.320Z] FATAL: page.goto: Timeout 25000ms exceeded.
Call log:
  - navigating to "https://www.turbocentras.com/", waiting until "domcontentloaded"

[2026-08-23T09:35:46.720Z] === Stock checker starting ===
[2026-08-23T09:35:46.720Z] === Stock checker starting ===
[2026-08-23T09:35:46.735Z] Loaded 6209 products with URLs
[2026-08-23T09:35:46.735Z] Loaded 6209 products with URLs
[2026-08-23T09:35:46.736Z] Loading current stock status from Supabase...
[2026-08-23T09:35:46.736Z] Loading current stock status from Supabase...
[2026-08-23T09:35:47.279Z] Loaded stock status for 6210 DB products
[2026-08-23T09:35:47.279Z] Loaded stock status for 6210 DB products
[2026-08-23T09:35:47.454Z] Establishing browser session...
[2026-08-23T09:35:47.454Z] Establishing browser session...
[2026-08-23T09:36:12.513Z] FATAL: page.goto: Timeout 25000ms exceeded.
Call log:
  - navigating to "https://www.turbocentras.com/", waiting until "domcontentloaded"

[2026-08-23T09:36:12.513Z] FATAL: page.goto: Timeout 25000ms exceeded.
Call log:
  - navigating to "https://www.turbocentras.com/", waiting until "domcontentloaded"

[2026-08-23T09:36:16.882Z] === Stock checker starting ===
[2026-08-23T09:36:16.882Z] === Stock checker starting ===
[2026-08-23T09:36:16.898Z] Loaded 6209 products with URLs
[2026-08-23T09:36:16.898Z] Loaded 6209 products with URLs
[2026-08-23T09:36:16.898Z] Loading current stock status from Supabase...
[2026-08-23T09:36:16.898Z] Loading current stock status from Supabase...
[2026-08-23T09:36:17.506Z] Loaded stock status for 6210 DB products
[2026-08-23T09:36:17.506Z] Loaded stock status for 6210 DB products
[2026-08-23T09:36:17.675Z] Establishing browser session...
[2026-08-23T09:36:17.675Z] Establishing browser session...
[2026-08-23T09:36:42.720Z] FATAL: page.goto: Timeout 25000ms exceeded.
Call log:
  - navigating to "https://www.turbocentras.com/", waiting until "domcontentloaded"

[2026-08-23T09:36:42.720Z] FATAL: page.goto: Timeout 25000ms exceeded.
Call log:
  - navigating to "https://www.turbocentras.com/", waiting until "domcontentloaded"

[2026-08-23T09:36:47.111Z] === Stock checker starting ===
[2026-08-23T09:36:47.111Z] === Stock checker starting ===
[2026-08-23T09:36:47.127Z] Loaded 6209 products with URLs
[2026-08-23T09:36:47.127Z] Loaded 6209 products with URLs
[2026-08-23T09:36:47.127Z] Loading current stock status from Supabase...
[2026-08-23T09:36:47.127Z] Loading current stock status from Supabase...
[2026-08-23T09:36:47.662Z] Loaded stock status for 6210 DB products
[2026-08-23T09:36:47.662Z] Loaded stock status for 6210 DB products
[2026-08-23T09:36:47.846Z] Establishing browser session...
[2026-08-23T09:36:47.846Z] Establishing browser session...
[2026-08-23T09:37:12.904Z] FATAL: page.goto: Timeout 25000ms exceeded.
Call log:
  - navigating to "https://www.turbocentras.com/", waiting until "domcontentloaded"

[2026-08-23T09:37:12.904Z] FATAL: page.goto: Timeout 25000ms exceeded.
Call log:
  - navigating to "https://www.turbocentras.com/", waiting until "domcontentloaded"

[2026-08-23T09:37:17.270Z] === Stock checker starting ===
[2026-08-23T09:37:17.270Z] === Stock checker starting ===
[2026-08-23T09:37:17.286Z] Loaded 6209 products with URLs
[2026-08-23T09:37:17.286Z] Loaded 6209 products with URLs
[2026-08-23T09:37:17.286Z] Loading current stock status from Supabase...
[2026-08-23T09:37:17.286Z] Loading current stock status from Supabase...
[2026-08-23T09:37:17.866Z] Loaded stock status for 6210 DB products
[2026-08-23T09:37:17.866Z] Loaded stock status for 6210 DB products
[2026-08-23T09:37:18.026Z] Establishing browser session...
[2026-08-23T09:37:18.026Z] Establishing browser session...
[2026-08-23T09:37:43.070Z] FATAL: page.goto: Timeout 25000ms exceeded.
Call log:
  - navigating to "https://www.turbocentras.com/", waiting until "domcontentloaded"

[2026-08-23T09:37:43.070Z] FATAL: page.goto: Timeout 25000ms exceeded.
Call log:
  - navigating to "https://www.turbocentras.com/", waiting until "domcontentloaded"

[2026-08-23T09:37:47.439Z] === Stock checker starting ===
[2026-08-23T09:37:47.439Z] === Stock checker starting ===
[2026-08-23T09:37:47.455Z] Loaded 6209 products with URLs
[2026-08-23T09:37:47.455Z] Loaded 6209 products with URLs
[2026-08-23T09:37:47.455Z] Loading current stock status from Supabase...
[2026-08-23T09:37:47.455Z] Loading current stock status from Supabase...
[2026-08-23T09:37:47.998Z] Loaded stock status for 6210 DB products
[2026-08-23T09:37:47.998Z] Loaded stock status for 6210 DB products
[2026-08-23T09:37:48.158Z] Establishing browser session...
[2026-08-23T09:37:48.158Z] Establishing browser session...
[2026-08-23T09:38:13.203Z] FATAL: page.goto: Timeout 25000ms exceeded.
Call log:
  - navigating to "https://www.turbocentras.com/", waiting until "domcontentloaded"

[2026-08-23T09:38:13.203Z] FATAL: page.goto: Timeout 25000ms exceeded.
Call log:
  - navigating to "https://www.turbocentras.com/", waiting until "domcontentloaded"

[2026-08-23T09:38:17.581Z] === Stock checker starting ===
[2026-08-23T09:38:17.581Z] === Stock checker starting ===
[2026-08-23T09:38:17.597Z] Loaded 6209 products with URLs
[2026-08-23T09:38:17.597Z] Loaded 6209 products with URLs
[2026-08-23T09:38:17.597Z] Loading current stock status from Supabase...
[2026-08-23T09:38:17.597Z] Loading current stock status from Supabase...
[2026-08-23T09:38:18.231Z] Loaded stock status for 6210 DB products
[2026-08-23T09:38:18.231Z] Loaded stock status for 6210 DB products
[2026-08-23T09:38:18.408Z] Establishing browser session...
[2026-08-23T09:38:18.408Z] Establishing browser session...
[2026-08-23T09:38:43.465Z] FATAL: page.goto: Timeout 25000ms exceeded.
Call log:
  - navigating to "https://www.turbocentras.com/", waiting until "domcontentloaded"

[2026-08-23T09:38:43.465Z] FATAL: page.goto: Timeout 25000ms exceeded.
Call log:
  - navigating to "https://www.turbocentras.com/", waiting until "domcontentloaded"

[2026-08-23T09:38:47.827Z] === Stock checker starting ===
[2026-08-23T09:38:47.827Z] === Stock checker starting ===
[2026-08-23T09:38:47.843Z] Loaded 6209 products with URLs
[2026-08-23T09:38:47.843Z] Loaded 6209 products with URLs
[2026-08-23T09:38:47.843Z] Loading current stock status from Supabase...
[2026-08-23T09:38:47.843Z] Loading current stock status from Supabase...
[2026-08-23T09:38:48.450Z] Loaded stock status for 6210 DB products
[2026-08-23T09:38:48.450Z] Loaded stock status for 6210 DB products
[2026-08-23T09:38:48.609Z] Establishing browser session...
[2026-08-23T09:38:48.609Z] Establishing browser session...
[2026-08-23T09:39:13.655Z] FATAL: page.goto: Timeout 25000ms exceeded.
Call log:
  - navigating to "https://www.turbocentras.com/", waiting until "domcontentloaded"

[2026-08-23T09:39:13.655Z] FATAL: page.goto: Timeout 25000ms exceeded.
Call log:
  - navigating to "https://www.turbocentras.com/", waiting until "domcontentloaded"

[2026-08-23T09:39:18.024Z] === Stock checker starting ===
[2026-08-23T09:39:18.024Z] === Stock checker starting ===
[2026-08-23T09:39:18.040Z] Loaded 6209 products with URLs
[2026-08-23T09:39:18.040Z] Loaded 6209 products with URLs
[2026-08-23T09:39:18.040Z] Loading current stock status from Supabase...
[2026-08-23T09:39:18.040Z] Loading current stock status from Supabase...
[2026-08-23T09:39:18.796Z] Loaded stock status for 6210 DB products
[2026-08-23T09:39:18.796Z] Loaded stock status for 6210 DB products
[2026-08-23T09:39:18.956Z] Establishing browser session...
[2026-08-23T09:39:18.956Z] Establishing browser session...
[2026-08-23T09:39:44.001Z] FATAL: page.goto: Timeout 25000ms exceeded.
Call log:
  - navigating to "https://www.turbocentras.com/", waiting until "domcontentloaded"

[2026-08-23T09:39:44.001Z] FATAL: page.goto: Timeout 25000ms exceeded.
Call log:
  - navigating to "https://www.turbocentras.com/", waiting until "domcontentloaded"

[2026-08-23T09:39:48.373Z] === Stock checker starting ===
[2026-08-23T09:39:48.373Z] === Stock checker starting ===
[2026-08-23T09:39:48.389Z] Loaded 6209 products with URLs
[2026-08-23T09:39:48.389Z] Loaded 6209 products with URLs
[2026-08-23T09:39:48.389Z] Loading current stock status from Supabase...
[2026-08-23T09:39:48.389Z] Loading current stock status from Supabase...
[2026-08-23T09:39:48.937Z] Loaded stock status for 6210 DB products
[2026-08-23T09:39:48.937Z] Loaded stock status for 6210 DB products
[2026-08-23T09:39:49.095Z] Establishing browser session...
[2026-08-23T09:39:49.095Z] Establishing browser session...
[2026-08-23T09:40:14.141Z] FATAL: page.goto: Timeout 25000ms exceeded.
Call log:
  - navigating to "https://www.turbocentras.com/", waiting until "domcontentloaded"

[2026-08-23T09:40:14.141Z] FATAL: page.goto: Timeout 25000ms exceeded.
Call log:
  - navigating to "https://www.turbocentras.com/", waiting until "domcontentloaded"

[2026-08-23T09:40:18.520Z] === Stock checker starting ===
[2026-08-23T09:40:18.520Z] === Stock checker starting ===
[2026-08-23T09:40:18.536Z] Loaded 6209 products with URLs
[2026-08-23T09:40:18.536Z] Loaded 6209 products with URLs
[2026-08-23T09:40:18.536Z] Loading current stock status from Supabase...
[2026-08-23T09:40:18.536Z] Loading current stock status from Supabase...
[2026-08-23T09:40:19.203Z] Loaded stock status for 6210 DB products
[2026-08-23T09:40:19.203Z] Loaded stock status for 6210 DB products
[2026-08-23T09:40:19.387Z] Establishing browser session...
[2026-08-23T09:40:19.387Z] Establishing browser session...
[2026-08-23T09:40:44.462Z] FATAL: page.goto: Timeout 25000ms exceeded.
Call log:
  - navigating to "https://www.turbocentras.com/", waiting until "domcontentloaded"

[2026-08-23T09:40:44.462Z] FATAL: page.goto: Timeout 25000ms exceeded.
Call log:
  - navigating to "https://www.turbocentras.com/", waiting until "domcontentloaded"

[2026-08-23T09:40:48.847Z] === Stock checker starting ===
[2026-08-23T09:40:48.847Z] === Stock checker starting ===
[2026-08-23T09:40:48.863Z] Loaded 6209 products with URLs
[2026-08-23T09:40:48.863Z] Loaded 6209 products with URLs
[2026-08-23T09:40:48.863Z] Loading current stock status from Supabase...
[2026-08-23T09:40:48.863Z] Loading current stock status from Supabase...
[2026-08-23T09:40:49.406Z] Loaded stock status for 6210 DB products
[2026-08-23T09:40:49.406Z] Loaded stock status for 6210 DB products
[2026-08-23T09:40:49.584Z] Establishing browser session...
[2026-08-23T09:40:49.584Z] Establishing browser session...
[2026-08-23T09:41:14.651Z] FATAL: page.goto: Timeout 25000ms exceeded.
Call log:
  - navigating to "https://www.turbocentras.com/", waiting until "domcontentloaded"

[2026-08-23T09:41:14.651Z] FATAL: page.goto: Timeout 25000ms exceeded.
Call log:
  - navigating to "https://www.turbocentras.com/", waiting until "domcontentloaded"

[2026-08-23T09:41:19.066Z] === Stock checker starting ===
[2026-08-23T09:41:19.066Z] === Stock checker starting ===
[2026-08-23T09:41:19.086Z] Loaded 6209 products with URLs
[2026-08-23T09:41:19.086Z] Loaded 6209 products with URLs
[2026-08-23T09:41:19.086Z] Loading current stock status from Supabase...
[2026-08-23T09:41:19.086Z] Loading current stock status from Supabase...
[2026-08-23T09:41:20.128Z] Loaded stock status for 6210 DB products
[2026-08-23T09:41:20.128Z] Loaded stock status for 6210 DB products
[2026-08-23T09:41:20.345Z] Establishing browser session...
[2026-08-23T09:41:20.345Z] Establishing browser session...
[2026-08-23T09:41:45.424Z] FATAL: page.goto: Timeout 25000ms exceeded.
Call log:
  - navigating to "https://www.turbocentras.com/", waiting until "domcontentloaded"

[2026-08-23T09:41:45.424Z] FATAL: page.goto: Timeout 25000ms exceeded.
Call log:
  - navigating to "https://www.turbocentras.com/", waiting until "domcontentloaded"

[2026-08-23T09:41:49.783Z] === Stock checker starting ===
[2026-08-23T09:41:49.783Z] === Stock checker starting ===
[2026-08-23T09:41:49.799Z] Loaded 6209 products with URLs
[2026-08-23T09:41:49.799Z] Loaded 6209 products with URLs
[2026-08-23T09:41:49.799Z] Loading current stock status from Supabase...
[2026-08-23T09:41:49.799Z] Loading current stock status from Supabase...
[2026-08-23T09:41:50.365Z] Loaded stock status for 6210 DB products
[2026-08-23T09:41:50.365Z] Loaded stock status for 6210 DB products
[2026-08-23T09:41:50.529Z] Establishing browser session...
[2026-08-23T09:41:50.529Z] Establishing browser session...
[2026-08-23T09:42:15.576Z] FATAL: page.goto: Timeout 25000ms exceeded.
Call log:
  - navigating to "https://www.turbocentras.com/", waiting until "domcontentloaded"

[2026-08-23T09:42:15.576Z] FATAL: page.goto: Timeout 25000ms exceeded.
Call log:
  - navigating to "https://www.turbocentras.com/", waiting until "domcontentloaded"

[2026-08-23T09:42:19.935Z] === Stock checker starting ===
[2026-08-23T09:42:19.935Z] === Stock checker starting ===
[2026-08-23T09:42:19.952Z] Loaded 6209 products with URLs
[2026-08-23T09:42:19.952Z] Loaded 6209 products with URLs
[2026-08-23T09:42:19.952Z] Loading current stock status from Supabase...
[2026-08-23T09:42:19.952Z] Loading current stock status from Supabase...
[2026-08-23T09:42:20.534Z] Loaded stock status for 6210 DB products
[2026-08-23T09:42:20.534Z] Loaded stock status for 6210 DB products
[2026-08-23T09:42:20.700Z] Establishing browser session...
[2026-08-23T09:42:20.700Z] Establishing browser session...
[2026-08-23T09:42:45.747Z] FATAL: page.goto: Timeout 25000ms exceeded.
Call log:
  - navigating to "https://www.turbocentras.com/", waiting until "domcontentloaded"

[2026-08-23T09:42:45.747Z] FATAL: page.goto: Timeout 25000ms exceeded.
Call log:
  - navigating to "https://www.turbocentras.com/", waiting until "domcontentloaded"

[2026-08-23T09:42:50.109Z] === Stock checker starting ===
[2026-08-23T09:42:50.109Z] === Stock checker starting ===
[2026-08-23T09:42:50.125Z] Loaded 6209 products with URLs
[2026-08-23T09:42:50.125Z] Loaded 6209 products with URLs
[2026-08-23T09:42:50.126Z] Loading current stock status from Supabase...
[2026-08-23T09:42:50.126Z] Loading current stock status from Supabase...
[2026-08-23T09:42:50.797Z] Loaded stock status for 6210 DB products
[2026-08-23T09:42:50.797Z] Loaded stock status for 6210 DB products
[2026-08-23T09:42:50.964Z] Establishing browser session...
[2026-08-23T09:42:50.964Z] Establishing browser session...
[2026-08-23T09:43:16.010Z] FATAL: page.goto: Timeout 25000ms exceeded.
Call log:
  - navigating to "https://www.turbocentras.com/", waiting until "domcontentloaded"

[2026-08-23T09:43:16.010Z] FATAL: page.goto: Timeout 25000ms exceeded.
Call log:
  - navigating to "https://www.turbocentras.com/", waiting until "domcontentloaded"

[2026-08-23T09:43:20.371Z] === Stock checker starting ===
[2026-08-23T09:43:20.371Z] === Stock checker starting ===
[2026-08-23T09:43:20.387Z] Loaded 6209 products with URLs
[2026-08-23T09:43:20.387Z] Loaded 6209 products with URLs
[2026-08-23T09:43:20.387Z] Loading current stock status from Supabase...
[2026-08-23T09:43:20.387Z] Loading current stock status from Supabase...
[2026-08-23T09:43:20.955Z] Loaded stock status for 6210 DB products
[2026-08-23T09:43:20.955Z] Loaded stock status for 6210 DB products
[2026-08-23T09:43:21.117Z] Establishing browser session...
[2026-08-23T09:43:21.117Z] Establishing browser session...
[2026-08-23T09:43:46.164Z] FATAL: page.goto: Timeout 25000ms exceeded.
Call log:
  - navigating to "https://www.turbocentras.com/", waiting until "domcontentloaded"

[2026-08-23T09:43:46.164Z] FATAL: page.goto: Timeout 25000ms exceeded.
Call log:
  - navigating to "https://www.turbocentras.com/", waiting until "domcontentloaded"

[2026-08-23T09:43:50.523Z] === Stock checker starting ===
[2026-08-23T09:43:50.523Z] === Stock checker starting ===
[2026-08-23T09:43:50.539Z] Loaded 6209 products with URLs
[2026-08-23T09:43:50.539Z] Loaded 6209 products with URLs
[2026-08-23T09:43:50.539Z] Loading current stock status from Supabase...
[2026-08-23T09:43:50.539Z] Loading current stock status from Supabase...
[2026-08-23T09:43:51.075Z] Loaded stock status for 6210 DB products
[2026-08-23T09:43:51.075Z] Loaded stock status for 6210 DB products
[2026-08-23T09:43:51.243Z] Establishing browser session...
[2026-08-23T09:43:51.243Z] Establishing browser session...
[2026-08-23T09:44:16.290Z] FATAL: page.goto: Timeout 25000ms exceeded.
Call log:
  - navigating to "https://www.turbocentras.com/", waiting until "domcontentloaded"

[2026-08-23T09:44:16.290Z] FATAL: page.goto: Timeout 25000ms exceeded.
Call log:
  - navigating to "https://www.turbocentras.com/", waiting until "domcontentloaded"

[2026-08-23T09:44:20.650Z] === Stock checker starting ===
[2026-08-23T09:44:20.650Z] === Stock checker starting ===
[2026-08-23T09:44:20.666Z] Loaded 6209 products with URLs
[2026-08-23T09:44:20.666Z] Loaded 6209 products with URLs
[2026-08-23T09:44:20.666Z] Loading current stock status from Supabase...
[2026-08-23T09:44:20.666Z] Loading current stock status from Supabase...
[2026-08-23T09:44:21.340Z] Loaded stock status for 6210 DB products
[2026-08-23T09:44:21.340Z] Loaded stock status for 6210 DB products
[2026-08-23T09:44:21.491Z] Establishing browser session...
[2026-08-23T09:44:21.491Z] Establishing browser session...
[2026-08-23T09:44:46.537Z] FATAL: page.goto: Timeout 25000ms exceeded.
Call log:
  - navigating to "https://www.turbocentras.com/", waiting until "domcontentloaded"

[2026-08-23T09:44:46.537Z] FATAL: page.goto: Timeout 25000ms exceeded.
Call log:
  - navigating to "https://www.turbocentras.com/", waiting until "domcontentloaded"

[2026-08-23T09:44:50.900Z] === Stock checker starting ===
[2026-08-23T09:44:50.900Z] === Stock checker starting ===
[2026-08-23T09:44:50.916Z] Loaded 6209 products with URLs
[2026-08-23T09:44:50.916Z] Loaded 6209 products with URLs
[2026-08-23T09:44:50.916Z] Loading current stock status from Supabase...
[2026-08-23T09:44:50.916Z] Loading current stock status from Supabase...
[2026-08-23T09:44:51.463Z] Loaded stock status for 6210 DB products
[2026-08-23T09:44:51.463Z] Loaded stock status for 6210 DB products
[2026-08-23T09:44:51.631Z] Establishing browser session...
[2026-08-23T09:44:51.631Z] Establishing browser session...
[2026-08-23T09:45:16.678Z] FATAL: page.goto: Timeout 25000ms exceeded.
Call log:
  - navigating to "https://www.turbocentras.com/", waiting until "domcontentloaded"

[2026-08-23T09:45:16.678Z] FATAL: page.goto: Timeout 25000ms exceeded.
Call log:
  - navigating to "https://www.turbocentras.com/", waiting until "domcontentloaded"

[2026-08-23T09:45:21.045Z] === Stock checker starting ===
[2026-08-23T09:45:21.045Z] === Stock checker starting ===
[2026-08-23T09:45:21.061Z] Loaded 6209 products with URLs
[2026-08-23T09:45:21.061Z] Loaded 6209 products with URLs
[2026-08-23T09:45:21.061Z] Loading current stock status from Supabase...
[2026-08-23T09:45:21.061Z] Loading current stock status from Supabase...
[2026-08-23T09:45:21.846Z] Loaded stock status for 6210 DB products
[2026-08-23T09:45:21.846Z] Loaded stock status for 6210 DB products
[2026-08-23T09:45:22.012Z] Establishing browser session...
[2026-08-23T09:45:22.012Z] Establishing browser session...
[2026-08-23T09:45:47.059Z] FATAL: page.goto: Timeout 25000ms exceeded.
Call log:
  - navigating to "https://www.turbocentras.com/", waiting until "domcontentloaded"

[2026-08-23T09:45:47.059Z] FATAL: page.goto: Timeout 25000ms exceeded.
Call log:
  - navigating to "https://www.turbocentras.com/", waiting until "domcontentloaded"

[2026-08-23T09:45:51.422Z] === Stock checker starting ===
[2026-08-23T09:45:51.422Z] === Stock checker starting ===
[2026-08-23T09:45:51.438Z] Loaded 6209 products with URLs
[2026-08-23T09:45:51.438Z] Loaded 6209 products with URLs
[2026-08-23T09:45:51.438Z] Loading current stock status from Supabase...
[2026-08-23T09:45:51.438Z] Loading current stock status from Supabase...
[2026-08-23T09:45:51.982Z] Loaded stock status for 6210 DB products
[2026-08-23T09:45:51.982Z] Loaded stock status for 6210 DB products
[2026-08-23T09:45:52.142Z] Establishing browser session...
[2026-08-23T09:45:52.142Z] Establishing browser session...
[2026-08-23T09:46:17.193Z] FATAL: page.goto: Timeout 25000ms exceeded.
Call log:
  - navigating to "https://www.turbocentras.com/", waiting until "domcontentloaded"

[2026-08-23T09:46:17.193Z] FATAL: page.goto: Timeout 25000ms exceeded.
Call log:
  - navigating to "https://www.turbocentras.com/", waiting until "domcontentloaded"

[2026-08-23T09:46:21.562Z] === Stock checker starting ===
[2026-08-23T09:46:21.562Z] === Stock checker starting ===
[2026-08-23T09:46:21.578Z] Loaded 6209 products with URLs
[2026-08-23T09:46:21.578Z] Loaded 6209 products with URLs
[2026-08-23T09:46:21.578Z] Loading current stock status from Supabase...
[2026-08-23T09:46:21.578Z] Loading current stock status from Supabase...
[2026-08-23T09:46:22.191Z] Loaded stock status for 6210 DB products
[2026-08-23T09:46:22.191Z] Loaded stock status for 6210 DB products
[2026-08-23T09:46:22.352Z] Establishing browser session...
[2026-08-23T09:46:22.352Z] Establishing browser session...
[2026-08-23T09:46:47.398Z] FATAL: page.goto: Timeout 25000ms exceeded.
Call log:
  - navigating to "https://www.turbocentras.com/", waiting until "domcontentloaded"

[2026-08-23T09:46:47.398Z] FATAL: page.goto: Timeout 25000ms exceeded.
Call log:
  - navigating to "https://www.turbocentras.com/", waiting until "domcontentloaded"

[2026-08-23T09:46:51.762Z] === Stock checker starting ===
[2026-08-23T09:46:51.762Z] === Stock checker starting ===
[2026-08-23T09:46:51.778Z] Loaded 6209 products with URLs
[2026-08-23T09:46:51.778Z] Loaded 6209 products with URLs
[2026-08-23T09:46:51.779Z] Loading current stock status from Supabase...
[2026-08-23T09:46:51.779Z] Loading current stock status from Supabase...
[2026-08-23T09:46:52.364Z] Loaded stock status for 6210 DB products
[2026-08-23T09:46:52.364Z] Loaded stock status for 6210 DB products
[2026-08-23T09:46:52.516Z] Establishing browser session...
[2026-08-23T09:46:52.516Z] Establishing browser session...
[2026-08-23T09:47:17.562Z] FATAL: page.goto: Timeout 25000ms exceeded.
Call log:
  - navigating to "https://www.turbocentras.com/", waiting until "domcontentloaded"

[2026-08-23T09:47:17.562Z] FATAL: page.goto: Timeout 25000ms exceeded.
Call log:
  - navigating to "https://www.turbocentras.com/", waiting until "domcontentloaded"

[2026-08-23T09:47:21.968Z] === Stock checker starting ===
[2026-08-23T09:47:21.968Z] === Stock checker starting ===
[2026-08-23T09:47:21.987Z] Loaded 6209 products with URLs
[2026-08-23T09:47:21.987Z] Loaded 6209 products with URLs
[2026-08-23T09:47:21.987Z] Loading current stock status from Supabase...
[2026-08-23T09:47:21.987Z] Loading current stock status from Supabase...
[2026-08-23T09:47:22.581Z] Loaded stock status for 6210 DB products
[2026-08-23T09:47:22.581Z] Loaded stock status for 6210 DB products
[2026-08-23T09:47:22.765Z] Establishing browser session...
[2026-08-23T09:47:22.765Z] Establishing browser session...
[2026-08-23T09:47:47.842Z] FATAL: page.goto: Timeout 25000ms exceeded.
Call log:
  - navigating to "https://www.turbocentras.com/", waiting until "domcontentloaded"

[2026-08-23T09:47:47.842Z] FATAL: page.goto: Timeout 25000ms exceeded.
Call log:
  - navigating to "https://www.turbocentras.com/", waiting until "domcontentloaded"

[2026-08-23T09:47:52.315Z] === Stock checker starting ===
[2026-08-23T09:47:52.315Z] === Stock checker starting ===
[2026-08-23T09:47:52.344Z] Loaded 6209 products with URLs
[2026-08-23T09:47:52.344Z] Loaded 6209 products with URLs
[2026-08-23T09:47:52.345Z] Loading current stock status from Supabase...
[2026-08-23T09:47:52.345Z] Loading current stock status from Supabase...
[2026-08-23T09:47:53.003Z] Loaded stock status for 6210 DB products
[2026-08-23T09:47:53.003Z] Loaded stock status for 6210 DB products
[2026-08-23T09:47:53.196Z] Establishing browser session...
[2026-08-23T09:47:53.196Z] Establishing browser session...
[2026-08-23T09:48:18.254Z] FATAL: page.goto: Timeout 25000ms exceeded.
Call log:
  - navigating to "https://www.turbocentras.com/", waiting until "domcontentloaded"

[2026-08-23T09:48:18.254Z] FATAL: page.goto: Timeout 25000ms exceeded.
Call log:
  - navigating to "https://www.turbocentras.com/", waiting until "domcontentloaded"

[2026-08-23T09:48:22.719Z] === Stock checker starting ===
[2026-08-23T09:48:22.719Z] === Stock checker starting ===
[2026-08-23T09:48:22.737Z] Loaded 6209 products with URLs
[2026-08-23T09:48:22.737Z] Loaded 6209 products with URLs
[2026-08-23T09:48:22.737Z] Loading current stock status from Supabase...
[2026-08-23T09:48:22.737Z] Loading current stock status from Supabase...
[2026-08-23T09:48:23.646Z] Loaded stock status for 6210 DB products
[2026-08-23T09:48:23.646Z] Loaded stock status for 6210 DB products
[2026-08-23T09:48:23.803Z] Establishing browser session...
[2026-08-23T09:48:23.803Z] Establishing browser session...
[2026-08-23T09:48:48.852Z] FATAL: page.goto: Timeout 25000ms exceeded.
Call log:
  - navigating to "https://www.turbocentras.com/", waiting until "domcontentloaded"

[2026-08-23T09:48:48.852Z] FATAL: page.goto: Timeout 25000ms exceeded.
Call log:
  - navigating to "https://www.turbocentras.com/", waiting until "domcontentloaded"

[2026-08-23T09:48:53.218Z] === Stock checker starting ===
[2026-08-23T09:48:53.218Z] === Stock checker starting ===
[2026-08-23T09:48:53.234Z] Loaded 6209 products with URLs
[2026-08-23T09:48:53.234Z] Loaded 6209 products with URLs
[2026-08-23T09:48:53.234Z] Loading current stock status from Supabase...
[2026-08-23T09:48:53.234Z] Loading current stock status from Supabase...
[2026-08-23T09:48:53.775Z] Loaded stock status for 6210 DB products
[2026-08-23T09:48:53.775Z] Loaded stock status for 6210 DB products
[2026-08-23T09:48:53.941Z] Establishing browser session...
[2026-08-23T09:48:53.941Z] Establishing browser session...
[2026-08-23T09:49:18.987Z] FATAL: page.goto: Timeout 25000ms exceeded.
Call log:
  - navigating to "https://www.turbocentras.com/", waiting until "domcontentloaded"

[2026-08-23T09:49:18.987Z] FATAL: page.goto: Timeout 25000ms exceeded.
Call log:
  - navigating to "https://www.turbocentras.com/", waiting until "domcontentloaded"

[2026-08-23T09:49:23.356Z] === Stock checker starting ===
[2026-08-23T09:49:23.356Z] === Stock checker starting ===
[2026-08-23T09:49:23.373Z] Loaded 6209 products with URLs
[2026-08-23T09:49:23.373Z] Loaded 6209 products with URLs
[2026-08-23T09:49:23.373Z] Loading current stock status from Supabase...
[2026-08-23T09:49:23.373Z] Loading current stock status from Supabase...
[2026-08-23T09:49:24.183Z] Loaded stock status for 6210 DB products
[2026-08-23T09:49:24.183Z] Loaded stock status for 6210 DB products
[2026-08-23T09:49:24.342Z] Establishing browser session...
[2026-08-23T09:49:24.342Z] Establishing browser session...
[2026-08-23T09:49:49.393Z] FATAL: page.goto: Timeout 25000ms exceeded.
Call log:
  - navigating to "https://www.turbocentras.com/", waiting until "domcontentloaded"

[2026-08-23T09:49:49.393Z] FATAL: page.goto: Timeout 25000ms exceeded.
Call log:
  - navigating to "https://www.turbocentras.com/", waiting until "domcontentloaded"

[2026-08-23T09:49:53.765Z] === Stock checker starting ===
[2026-08-23T09:49:53.765Z] === Stock checker starting ===
[2026-08-23T09:49:53.782Z] Loaded 6209 products with URLs
[2026-08-23T09:49:53.782Z] Loaded 6209 products with URLs
[2026-08-23T09:49:53.782Z] Loading current stock status from Supabase...
[2026-08-23T09:49:53.782Z] Loading current stock status from Supabase...
[2026-08-23T09:49:54.307Z] Loaded stock status for 6210 DB products
[2026-08-23T09:49:54.307Z] Loaded stock status for 6210 DB products
[2026-08-23T09:49:54.476Z] Establishing browser session...
[2026-08-23T09:49:54.476Z] Establishing browser session...
[2026-08-23T09:50:19.524Z] FATAL: page.goto: Timeout 25000ms exceeded.
Call log:
  - navigating to "https://www.turbocentras.com/", waiting until "domcontentloaded"

[2026-08-23T09:50:19.524Z] FATAL: page.goto: Timeout 25000ms exceeded.
Call log:
  - navigating to "https://www.turbocentras.com/", waiting until "domcontentloaded"

[2026-08-23T09:50:23.936Z] === Stock checker starting ===
[2026-08-23T09:50:23.936Z] === Stock checker starting ===
[2026-08-23T09:50:23.956Z] Loaded 6209 products with URLs
[2026-08-23T09:50:23.956Z] Loaded 6209 products with URLs
[2026-08-23T09:50:23.956Z] Loading current stock status from Supabase...
[2026-08-23T09:50:23.956Z] Loading current stock status from Supabase...
[2026-08-23T09:50:24.766Z] Loaded stock status for 6210 DB products
[2026-08-23T09:50:24.766Z] Loaded stock status for 6210 DB products
[2026-08-23T09:50:24.943Z] Establishing browser session...
[2026-08-23T09:50:24.943Z] Establishing browser session...
[2026-08-23T09:50:49.998Z] FATAL: page.goto: Timeout 25000ms exceeded.
Call log:
  - navigating to "https://www.turbocentras.com/", waiting until "domcontentloaded"

[2026-08-23T09:50:49.998Z] FATAL: page.goto: Timeout 25000ms exceeded.
Call log:
  - navigating to "https://www.turbocentras.com/", waiting until "domcontentloaded"

[2026-08-23T09:50:54.371Z] === Stock checker starting ===
[2026-08-23T09:50:54.371Z] === Stock checker starting ===
[2026-08-23T09:50:54.387Z] Loaded 6209 products with URLs
[2026-08-23T09:50:54.387Z] Loaded 6209 products with URLs
[2026-08-23T09:50:54.388Z] Loading current stock status from Supabase...
[2026-08-23T09:50:54.388Z] Loading current stock status from Supabase...
[2026-08-23T09:50:54.944Z] Loaded stock status for 6210 DB products
[2026-08-23T09:50:54.944Z] Loaded stock status for 6210 DB products
[2026-08-23T09:50:55.105Z] Establishing browser session...
[2026-08-23T09:50:55.105Z] Establishing browser session...
[2026-08-23T09:51:20.152Z] FATAL: page.goto: Timeout 25000ms exceeded.
Call log:
  - navigating to "https://www.turbocentras.com/", waiting until "domcontentloaded"

[2026-08-23T09:51:20.152Z] FATAL: page.goto: Timeout 25000ms exceeded.
Call log:
  - navigating to "https://www.turbocentras.com/", waiting until "domcontentloaded"

[2026-08-23T09:51:24.715Z] === Stock checker starting ===
[2026-08-23T09:51:24.715Z] === Stock checker starting ===
[2026-08-23T09:51:24.735Z] Loaded 6209 products with URLs
[2026-08-23T09:51:24.735Z] Loaded 6209 products with URLs
[2026-08-23T09:51:24.735Z] Loading current stock status from Supabase...
[2026-08-23T09:51:24.735Z] Loading current stock status from Supabase...
[2026-08-23T09:51:25.575Z] Loaded stock status for 6210 DB products
[2026-08-23T09:51:25.575Z] Loaded stock status for 6210 DB products
[2026-08-23T09:51:25.763Z] Establishing browser session...
[2026-08-23T09:51:25.763Z] Establishing browser session...
[2026-08-23T09:51:50.819Z] FATAL: page.goto: Timeout 25000ms exceeded.
Call log:
  - navigating to "https://www.turbocentras.com/", waiting until "domcontentloaded"

[2026-08-23T09:51:50.819Z] FATAL: page.goto: Timeout 25000ms exceeded.
Call log:
  - navigating to "https://www.turbocentras.com/", waiting until "domcontentloaded"

[2026-08-23T09:51:55.182Z] === Stock checker starting ===
[2026-08-23T09:51:55.182Z] === Stock checker starting ===
[2026-08-23T09:51:55.198Z] Loaded 6209 products with URLs
[2026-08-23T09:51:55.198Z] Loaded 6209 products with URLs
[2026-08-23T09:51:55.198Z] Loading current stock status from Supabase...
[2026-08-23T09:51:55.198Z] Loading current stock status from Supabase...
[2026-08-23T09:51:56.021Z] Loaded stock status for 6210 DB products
[2026-08-23T09:51:56.021Z] Loaded stock status for 6210 DB products
[2026-08-23T09:51:56.175Z] Establishing browser session...
[2026-08-23T09:51:56.175Z] Establishing browser session...
[2026-08-23T09:52:21.222Z] FATAL: page.goto: Timeout 25000ms exceeded.
Call log:
  - navigating to "https://www.turbocentras.com/", waiting until "domcontentloaded"

[2026-08-23T09:52:21.222Z] FATAL: page.goto: Timeout 25000ms exceeded.
Call log:
  - navigating to "https://www.turbocentras.com/", waiting until "domcontentloaded"

[2026-08-23T09:52:25.608Z] === Stock checker starting ===
[2026-08-23T09:52:25.608Z] === Stock checker starting ===
[2026-08-23T09:52:25.624Z] Loaded 6209 products with URLs
[2026-08-23T09:52:25.624Z] Loaded 6209 products with URLs
[2026-08-23T09:52:25.624Z] Loading current stock status from Supabase...
[2026-08-23T09:52:25.624Z] Loading current stock status from Supabase...
[2026-08-23T09:52:26.309Z] Loaded stock status for 6210 DB products
[2026-08-23T09:52:26.309Z] Loaded stock status for 6210 DB products
[2026-08-23T09:52:26.488Z] Establishing browser session...
[2026-08-23T09:52:26.488Z] Establishing browser session...
[2026-08-23T09:52:51.545Z] FATAL: page.goto: Timeout 25000ms exceeded.
Call log:
  - navigating to "https://www.turbocentras.com/", waiting until "domcontentloaded"

[2026-08-23T09:52:51.545Z] FATAL: page.goto: Timeout 25000ms exceeded.
Call log:
  - navigating to "https://www.turbocentras.com/", waiting until "domcontentloaded"

[2026-08-23T09:52:55.940Z] === Stock checker starting ===
[2026-08-23T09:52:55.940Z] === Stock checker starting ===
[2026-08-23T09:52:55.956Z] Loaded 6209 products with URLs
[2026-08-23T09:52:55.956Z] Loaded 6209 products with URLs
[2026-08-23T09:52:55.956Z] Loading current stock status from Supabase...
[2026-08-23T09:52:55.956Z] Loading current stock status from Supabase...
[2026-08-23T09:52:56.496Z] Loaded stock status for 6210 DB products
[2026-08-23T09:52:56.496Z] Loaded stock status for 6210 DB products
[2026-08-23T09:52:56.690Z] Establishing browser session...
[2026-08-23T09:52:56.690Z] Establishing browser session...
[2026-08-23T09:53:21.747Z] FATAL: page.goto: Timeout 25000ms exceeded.
Call log:
  - navigating to "https://www.turbocentras.com/", waiting until "domcontentloaded"

[2026-08-23T09:53:21.747Z] FATAL: page.goto: Timeout 25000ms exceeded.
Call log:
  - navigating to "https://www.turbocentras.com/", waiting until "domcontentloaded"

[2026-08-23T09:53:26.107Z] === Stock checker starting ===
[2026-08-23T09:53:26.107Z] === Stock checker starting ===
[2026-08-23T09:53:26.123Z] Loaded 6209 products with URLs
[2026-08-23T09:53:26.123Z] Loaded 6209 products with URLs
[2026-08-23T09:53:26.124Z] Loading current stock status from Supabase...
[2026-08-23T09:53:26.124Z] Loading current stock status from Supabase...
[2026-08-23T09:53:26.673Z] Loaded stock status for 6210 DB products
[2026-08-23T09:53:26.673Z] Loaded stock status for 6210 DB products
[2026-08-23T09:53:26.842Z] Establishing browser session...
[2026-08-23T09:53:26.842Z] Establishing browser session...
[2026-08-23T09:53:51.889Z] FATAL: page.goto: Timeout 25000ms exceeded.
Call log:
  - navigating to "https://www.turbocentras.com/", waiting until "domcontentloaded"

[2026-08-23T09:53:51.889Z] FATAL: page.goto: Timeout 25000ms exceeded.
Call log:
  - navigating to "https://www.turbocentras.com/", waiting until "domcontentloaded"

[2026-08-23T09:53:56.250Z] === Stock checker starting ===
[2026-08-23T09:53:56.250Z] === Stock checker starting ===
[2026-08-23T09:53:56.267Z] Loaded 6209 products with URLs
[2026-08-23T09:53:56.267Z] Loaded 6209 products with URLs
[2026-08-23T09:53:56.267Z] Loading current stock status from Supabase...
[2026-08-23T09:53:56.267Z] Loading current stock status from Supabase...
[2026-08-23T09:53:56.838Z] Loaded stock status for 6210 DB products
[2026-08-23T09:53:56.838Z] Loaded stock status for 6210 DB products
[2026-08-23T09:53:56.998Z] Establishing browser session...
[2026-08-23T09:53:56.998Z] Establishing browser session...
[2026-08-23T09:54:22.046Z] FATAL: page.goto: Timeout 25000ms exceeded.
Call log:
  - navigating to "https://www.turbocentras.com/", waiting until "domcontentloaded"

[2026-08-23T09:54:22.046Z] FATAL: page.goto: Timeout 25000ms exceeded.
Call log:
  - navigating to "https://www.turbocentras.com/", waiting until "domcontentloaded"

[2026-08-23T09:54:26.444Z] === Stock checker starting ===
[2026-08-23T09:54:26.444Z] === Stock checker starting ===
[2026-08-23T09:54:26.460Z] Loaded 6209 products with URLs
[2026-08-23T09:54:26.460Z] Loaded 6209 products with URLs
[2026-08-23T09:54:26.460Z] Loading current stock status from Supabase...
[2026-08-23T09:54:26.460Z] Loading current stock status from Supabase...
[2026-08-23T09:54:27.413Z] Loaded stock status for 6210 DB products
[2026-08-23T09:54:27.413Z] Loaded stock status for 6210 DB products
[2026-08-23T09:54:27.591Z] Establishing browser session...
[2026-08-23T09:54:27.591Z] Establishing browser session...
[2026-08-23T09:54:52.648Z] FATAL: page.goto: Timeout 25000ms exceeded.
Call log:
  - navigating to "https://www.turbocentras.com/", waiting until "domcontentloaded"

[2026-08-23T09:54:52.648Z] FATAL: page.goto: Timeout 25000ms exceeded.
Call log:
  - navigating to "https://www.turbocentras.com/", waiting until "domcontentloaded"

[2026-08-23T09:54:57.041Z] === Stock checker starting ===
[2026-08-23T09:54:57.041Z] === Stock checker starting ===
[2026-08-23T09:54:57.057Z] Loaded 6209 products with URLs
[2026-08-23T09:54:57.057Z] Loaded 6209 products with URLs
[2026-08-23T09:54:57.057Z] Loading current stock status from Supabase...
[2026-08-23T09:54:57.057Z] Loading current stock status from Supabase...
[2026-08-23T09:54:57.622Z] Loaded stock status for 6210 DB products
[2026-08-23T09:54:57.622Z] Loaded stock status for 6210 DB products
[2026-08-23T09:54:57.807Z] Establishing browser session...
[2026-08-23T09:54:57.807Z] Establishing browser session...
[2026-08-23T09:55:22.863Z] FATAL: page.goto: Timeout 25000ms exceeded.
Call log:
  - navigating to "https://www.turbocentras.com/", waiting until "domcontentloaded"

[2026-08-23T09:55:22.863Z] FATAL: page.goto: Timeout 25000ms exceeded.
Call log:
  - navigating to "https://www.turbocentras.com/", waiting until "domcontentloaded"

[2026-08-23T09:55:27.274Z] === Stock checker starting ===
[2026-08-23T09:55:27.274Z] === Stock checker starting ===
[2026-08-23T09:55:27.294Z] Loaded 6209 products with URLs
[2026-08-23T09:55:27.294Z] Loaded 6209 products with URLs
[2026-08-23T09:55:27.294Z] Loading current stock status from Supabase...
[2026-08-23T09:55:27.294Z] Loading current stock status from Supabase...
[2026-08-23T09:55:27.966Z] Loaded stock status for 6210 DB products
[2026-08-23T09:55:27.966Z] Loaded stock status for 6210 DB products
[2026-08-23T09:55:28.158Z] Establishing browser session...
[2026-08-23T09:55:28.158Z] Establishing browser session...
[2026-08-23T09:55:53.216Z] FATAL: page.goto: Timeout 25000ms exceeded.
Call log:
  - navigating to "https://www.turbocentras.com/", waiting until "domcontentloaded"

[2026-08-23T09:55:53.216Z] FATAL: page.goto: Timeout 25000ms exceeded.
Call log:
  - navigating to "https://www.turbocentras.com/", waiting until "domcontentloaded"

[2026-08-23T09:55:57.625Z] === Stock checker starting ===
[2026-08-23T09:55:57.625Z] === Stock checker starting ===
[2026-08-23T09:55:57.641Z] Loaded 6209 products with URLs
[2026-08-23T09:55:57.641Z] Loaded 6209 products with URLs
[2026-08-23T09:55:57.641Z] Loading current stock status from Supabase...
[2026-08-23T09:55:57.641Z] Loading current stock status from Supabase...
[2026-08-23T09:55:58.198Z] Loaded stock status for 6210 DB products
[2026-08-23T09:55:58.198Z] Loaded stock status for 6210 DB products
[2026-08-23T09:55:58.375Z] Establishing browser session...
[2026-08-23T09:55:58.375Z] Establishing browser session...
[2026-08-23T09:56:23.431Z] FATAL: page.goto: Timeout 25000ms exceeded.
Call log:
  - navigating to "https://www.turbocentras.com/", waiting until "domcontentloaded"

[2026-08-23T09:56:23.431Z] FATAL: page.goto: Timeout 25000ms exceeded.
Call log:
  - navigating to "https://www.turbocentras.com/", waiting until "domcontentloaded"

[2026-08-23T09:56:27.798Z] === Stock checker starting ===
[2026-08-23T09:56:27.798Z] === Stock checker starting ===
[2026-08-23T09:56:27.814Z] Loaded 6209 products with URLs
[2026-08-23T09:56:27.814Z] Loaded 6209 products with URLs
[2026-08-23T09:56:27.814Z] Loading current stock status from Supabase...
[2026-08-23T09:56:27.814Z] Loading current stock status from Supabase...
[2026-08-23T09:56:28.770Z] Loaded stock status for 6210 DB products
[2026-08-23T09:56:28.770Z] Loaded stock status for 6210 DB products
[2026-08-23T09:56:28.924Z] Establishing browser session...
[2026-08-23T09:56:28.924Z] Establishing browser session...
[2026-08-23T09:56:53.975Z] FATAL: page.goto: Timeout 25000ms exceeded.
Call log:
  - navigating to "https://www.turbocentras.com/", waiting until "domcontentloaded"

[2026-08-23T09:56:53.975Z] FATAL: page.goto: Timeout 25000ms exceeded.
Call log:
  - navigating to "https://www.turbocentras.com/", waiting until "domcontentloaded"

[2026-08-23T09:56:58.342Z] === Stock checker starting ===
[2026-08-23T09:56:58.342Z] === Stock checker starting ===
[2026-08-23T09:56:58.358Z] Loaded 6209 products with URLs
[2026-08-23T09:56:58.358Z] Loaded 6209 products with URLs
[2026-08-23T09:56:58.358Z] Loading current stock status from Supabase...
[2026-08-23T09:56:58.358Z] Loading current stock status from Supabase...
[2026-08-23T09:56:58.916Z] Loaded stock status for 6210 DB products
[2026-08-23T09:56:58.916Z] Loaded stock status for 6210 DB products
[2026-08-23T09:56:59.079Z] Establishing browser session...
[2026-08-23T09:56:59.079Z] Establishing browser session...
[2026-08-23T09:57:24.126Z] FATAL: page.goto: Timeout 25000ms exceeded.
Call log:
  - navigating to "https://www.turbocentras.com/", waiting until "domcontentloaded"

[2026-08-23T09:57:24.126Z] FATAL: page.goto: Timeout 25000ms exceeded.
Call log:
  - navigating to "https://www.turbocentras.com/", waiting until "domcontentloaded"

[2026-08-23T09:57:28.534Z] === Stock checker starting ===
[2026-08-23T09:57:28.534Z] === Stock checker starting ===
[2026-08-23T09:57:28.553Z] Loaded 6209 products with URLs
[2026-08-23T09:57:28.553Z] Loaded 6209 products with URLs
[2026-08-23T09:57:28.553Z] Loading current stock status from Supabase...
[2026-08-23T09:57:28.553Z] Loading current stock status from Supabase...
[2026-08-23T09:57:29.091Z] Loaded stock status for 6210 DB products
[2026-08-23T09:57:29.091Z] Loaded stock status for 6210 DB products
[2026-08-23T09:57:29.273Z] Establishing browser session...
[2026-08-23T09:57:29.273Z] Establishing browser session...
[2026-08-23T09:57:54.330Z] FATAL: page.goto: Timeout 25000ms exceeded.
Call log:
  - navigating to "https://www.turbocentras.com/", waiting until "domcontentloaded"

[2026-08-23T09:57:54.330Z] FATAL: page.goto: Timeout 25000ms exceeded.
Call log:
  - navigating to "https://www.turbocentras.com/", waiting until "domcontentloaded"

[2026-08-23T09:57:58.819Z] === Stock checker starting ===
[2026-08-23T09:57:58.819Z] === Stock checker starting ===
[2026-08-23T09:57:58.836Z] Loaded 6209 products with URLs
[2026-08-23T09:57:58.836Z] Loaded 6209 products with URLs
[2026-08-23T09:57:58.836Z] Loading current stock status from Supabase...
[2026-08-23T09:57:58.836Z] Loading current stock status from Supabase...
[2026-08-23T09:57:59.556Z] Loaded stock status for 6210 DB products
[2026-08-23T09:57:59.556Z] Loaded stock status for 6210 DB products
[2026-08-23T09:57:59.725Z] Establishing browser session...
[2026-08-23T09:57:59.725Z] Establishing browser session...
[2026-08-23T09:58:24.770Z] FATAL: page.goto: Timeout 25000ms exceeded.
Call log:
  - navigating to "https://www.turbocentras.com/", waiting until "domcontentloaded"

[2026-08-23T09:58:24.770Z] FATAL: page.goto: Timeout 25000ms exceeded.
Call log:
  - navigating to "https://www.turbocentras.com/", waiting until "domcontentloaded"

[2026-08-23T09:58:29.133Z] === Stock checker starting ===
[2026-08-23T09:58:29.133Z] === Stock checker starting ===
[2026-08-23T09:58:29.150Z] Loaded 6209 products with URLs
[2026-08-23T09:58:29.150Z] Loaded 6209 products with URLs
[2026-08-23T09:58:29.150Z] Loading current stock status from Supabase...
[2026-08-23T09:58:29.150Z] Loading current stock status from Supabase...
[2026-08-23T09:58:29.890Z] Loaded stock status for 6210 DB products
[2026-08-23T09:58:29.890Z] Loaded stock status for 6210 DB products
[2026-08-23T09:58:30.043Z] Establishing browser session...
[2026-08-23T09:58:30.043Z] Establishing browser session...
[2026-08-23T09:58:55.090Z] FATAL: page.goto: Timeout 25000ms exceeded.
Call log:
  - navigating to "https://www.turbocentras.com/", waiting until "domcontentloaded"

[2026-08-23T09:58:55.090Z] FATAL: page.goto: Timeout 25000ms exceeded.
Call log:
  - navigating to "https://www.turbocentras.com/", waiting until "domcontentloaded"

[2026-08-23T09:58:59.451Z] === Stock checker starting ===
[2026-08-23T09:58:59.451Z] === Stock checker starting ===
[2026-08-23T09:58:59.467Z] Loaded 6209 products with URLs
[2026-08-23T09:58:59.467Z] Loaded 6209 products with URLs
[2026-08-23T09:58:59.467Z] Loading current stock status from Supabase...
[2026-08-23T09:58:59.467Z] Loading current stock status from Supabase...
[2026-08-23T09:58:59.989Z] Loaded stock status for 6210 DB products
[2026-08-23T09:58:59.989Z] Loaded stock status for 6210 DB products
[2026-08-23T09:59:00.146Z] Establishing browser session...
[2026-08-23T09:59:00.146Z] Establishing browser session...
[2026-08-23T09:59:25.223Z] FATAL: page.goto: Timeout 25000ms exceeded.
Call log:
  - navigating to "https://www.turbocentras.com/", waiting until "domcontentloaded"

[2026-08-23T09:59:25.223Z] FATAL: page.goto: Timeout 25000ms exceeded.
Call log:
  - navigating to "https://www.turbocentras.com/", waiting until "domcontentloaded"

[2026-08-23T09:59:29.611Z] === Stock checker starting ===
[2026-08-23T09:59:29.611Z] === Stock checker starting ===
[2026-08-23T09:59:29.627Z] Loaded 6209 products with URLs
[2026-08-23T09:59:29.627Z] Loaded 6209 products with URLs
[2026-08-23T09:59:29.627Z] Loading current stock status from Supabase...
[2026-08-23T09:59:29.627Z] Loading current stock status from Supabase...
[2026-08-23T09:59:30.420Z] Loaded stock status for 6210 DB products
[2026-08-23T09:59:30.420Z] Loaded stock status for 6210 DB products
[2026-08-23T09:59:30.601Z] Establishing browser session...
[2026-08-23T09:59:30.601Z] Establishing browser session...
[2026-08-23T09:59:55.653Z] FATAL: page.goto: Timeout 25000ms exceeded.
Call log:
  - navigating to "https://www.turbocentras.com/", waiting until "domcontentloaded"

[2026-08-23T09:59:55.653Z] FATAL: page.goto: Timeout 25000ms exceeded.
Call log:
  - navigating to "https://www.turbocentras.com/", waiting until "domcontentloaded"

[2026-08-23T10:00:00.062Z] === Stock checker starting ===
[2026-08-23T10:00:00.062Z] === Stock checker starting ===
[2026-08-23T10:00:00.082Z] Loaded 6209 products with URLs
[2026-08-23T10:00:00.082Z] Loaded 6209 products with URLs
[2026-08-23T10:00:00.083Z] Loading current stock status from Supabase...
[2026-08-23T10:00:00.083Z] Loading current stock status from Supabase...
[2026-08-23T10:00:00.613Z] Loaded stock status for 6210 DB products
[2026-08-23T10:00:00.613Z] Loaded stock status for 6210 DB products
[2026-08-23T10:00:00.791Z] Establishing browser session...
[2026-08-23T10:00:00.791Z] Establishing browser session...
[2026-08-23T10:00:25.864Z] FATAL: page.goto: Timeout 25000ms exceeded.
Call log:
  - navigating to "https://www.turbocentras.com/", waiting until "domcontentloaded"

[2026-08-23T10:00:25.864Z] FATAL: page.goto: Timeout 25000ms exceeded.
Call log:
  - navigating to "https://www.turbocentras.com/", waiting until "domcontentloaded"

[2026-08-23T10:00:30.236Z] === Stock checker starting ===
[2026-08-23T10:00:30.236Z] === Stock checker starting ===
[2026-08-23T10:00:30.252Z] Loaded 6209 products with URLs
[2026-08-23T10:00:30.252Z] Loaded 6209 products with URLs
[2026-08-23T10:00:30.252Z] Loading current stock status from Supabase...
[2026-08-23T10:00:30.252Z] Loading current stock status from Supabase...
[2026-08-23T10:00:31.253Z] Loaded stock status for 6210 DB products
[2026-08-23T10:00:31.253Z] Loaded stock status for 6210 DB products
[2026-08-23T10:00:31.407Z] Establishing browser session...
[2026-08-23T10:00:31.407Z] Establishing browser session...
[2026-08-23T10:00:56.454Z] FATAL: page.goto: Timeout 25000ms exceeded.
Call log:
  - navigating to "https://www.turbocentras.com/", waiting until "domcontentloaded"

[2026-08-23T10:00:56.454Z] FATAL: page.goto: Timeout 25000ms exceeded.
Call log:
  - navigating to "https://www.turbocentras.com/", waiting until "domcontentloaded"

[2026-08-23T10:01:00.816Z] === Stock checker starting ===
[2026-08-23T10:01:00.816Z] === Stock checker starting ===
[2026-08-23T10:01:00.832Z] Loaded 6209 products with URLs
[2026-08-23T10:01:00.832Z] Loaded 6209 products with URLs
[2026-08-23T10:01:00.833Z] Loading current stock status from Supabase...
[2026-08-23T10:01:00.833Z] Loading current stock status from Supabase...
[2026-08-23T10:01:01.348Z] Loaded stock status for 6210 DB products
[2026-08-23T10:01:01.348Z] Loaded stock status for 6210 DB products
[2026-08-23T10:01:01.511Z] Establishing browser session...
[2026-08-23T10:01:01.511Z] Establishing browser session...
[2026-08-23T10:01:26.556Z] FATAL: page.goto: Timeout 25000ms exceeded.
Call log:
  - navigating to "https://www.turbocentras.com/", waiting until "domcontentloaded"

[2026-08-23T10:01:26.556Z] FATAL: page.goto: Timeout 25000ms exceeded.
Call log:
  - navigating to "https://www.turbocentras.com/", waiting until "domcontentloaded"

[2026-08-23T10:01:30.922Z] === Stock checker starting ===
[2026-08-23T10:01:30.922Z] === Stock checker starting ===
[2026-08-23T10:01:30.938Z] Loaded 6209 products with URLs
[2026-08-23T10:01:30.938Z] Loaded 6209 products with URLs
[2026-08-23T10:01:30.938Z] Loading current stock status from Supabase...
[2026-08-23T10:01:30.938Z] Loading current stock status from Supabase...
[2026-08-23T10:01:31.598Z] Loaded stock status for 6210 DB products
[2026-08-23T10:01:31.598Z] Loaded stock status for 6210 DB products
[2026-08-23T10:01:31.764Z] Establishing browser session...
[2026-08-23T10:01:31.764Z] Establishing browser session...
[2026-08-23T10:01:56.839Z] FATAL: page.goto: Timeout 25000ms exceeded.
Call log:
  - navigating to "https://www.turbocentras.com/", waiting until "domcontentloaded"

[2026-08-23T10:01:56.839Z] FATAL: page.goto: Timeout 25000ms exceeded.
Call log:
  - navigating to "https://www.turbocentras.com/", waiting until "domcontentloaded"

[2026-08-23T10:02:01.217Z] === Stock checker starting ===
[2026-08-23T10:02:01.217Z] === Stock checker starting ===
[2026-08-23T10:02:01.233Z] Loaded 6209 products with URLs
[2026-08-23T10:02:01.233Z] Loaded 6209 products with URLs
[2026-08-23T10:02:01.233Z] Loading current stock status from Supabase...
[2026-08-23T10:02:01.233Z] Loading current stock status from Supabase...
[2026-08-23T10:02:01.807Z] Loaded stock status for 6210 DB products
[2026-08-23T10:02:01.807Z] Loaded stock status for 6210 DB products
[2026-08-23T10:02:01.980Z] Establishing browser session...
[2026-08-23T10:02:01.980Z] Establishing browser session...
[2026-08-23T10:02:27.026Z] FATAL: page.goto: Timeout 25000ms exceeded.
Call log:
  - navigating to "https://www.turbocentras.com/", waiting until "domcontentloaded"

[2026-08-23T10:02:27.026Z] FATAL: page.goto: Timeout 25000ms exceeded.
Call log:
  - navigating to "https://www.turbocentras.com/", waiting until "domcontentloaded"

[2026-08-23T10:02:31.389Z] === Stock checker starting ===
[2026-08-23T10:02:31.389Z] === Stock checker starting ===
[2026-08-23T10:02:31.405Z] Loaded 6209 products with URLs
[2026-08-23T10:02:31.405Z] Loaded 6209 products with URLs
[2026-08-23T10:02:31.405Z] Loading current stock status from Supabase...
[2026-08-23T10:02:31.405Z] Loading current stock status from Supabase...
[2026-08-23T10:02:32.093Z] Loaded stock status for 6210 DB products
[2026-08-23T10:02:32.093Z] Loaded stock status for 6210 DB products
[2026-08-23T10:02:32.260Z] Establishing browser session...
[2026-08-23T10:02:32.260Z] Establishing browser session...
[2026-08-23T10:02:57.308Z] FATAL: page.goto: Timeout 25000ms exceeded.
Call log:
  - navigating to "https://www.turbocentras.com/", waiting until "domcontentloaded"

[2026-08-23T10:02:57.308Z] FATAL: page.goto: Timeout 25000ms exceeded.
Call log:
  - navigating to "https://www.turbocentras.com/", waiting until "domcontentloaded"

[2026-08-23T10:03:01.674Z] === Stock checker starting ===
[2026-08-23T10:03:01.674Z] === Stock checker starting ===
[2026-08-23T10:03:01.690Z] Loaded 6209 products with URLs
[2026-08-23T10:03:01.690Z] Loaded 6209 products with URLs
[2026-08-23T10:03:01.690Z] Loading current stock status from Supabase...
[2026-08-23T10:03:01.690Z] Loading current stock status from Supabase...
[2026-08-23T10:03:02.342Z] Loaded stock status for 6210 DB products
[2026-08-23T10:03:02.342Z] Loaded stock status for 6210 DB products
[2026-08-23T10:03:02.491Z] Establishing browser session...
[2026-08-23T10:03:02.491Z] Establishing browser session...
[2026-08-23T10:03:27.538Z] FATAL: page.goto: Timeout 25000ms exceeded.
Call log:
  - navigating to "https://www.turbocentras.com/", waiting until "domcontentloaded"

[2026-08-23T10:03:27.538Z] FATAL: page.goto: Timeout 25000ms exceeded.
Call log:
  - navigating to "https://www.turbocentras.com/", waiting until "domcontentloaded"

[2026-08-23T10:03:31.912Z] === Stock checker starting ===
[2026-08-23T10:03:31.912Z] === Stock checker starting ===
[2026-08-23T10:03:31.929Z] Loaded 6209 products with URLs
[2026-08-23T10:03:31.929Z] Loaded 6209 products with URLs
[2026-08-23T10:03:31.929Z] Loading current stock status from Supabase...
[2026-08-23T10:03:31.929Z] Loading current stock status from Supabase...
[2026-08-23T10:03:32.960Z] Loaded stock status for 6210 DB products
[2026-08-23T10:03:32.960Z] Loaded stock status for 6210 DB products
[2026-08-23T10:03:33.129Z] Establishing browser session...
[2026-08-23T10:03:33.129Z] Establishing browser session...
[2026-08-23T10:03:58.176Z] FATAL: page.goto: Timeout 25000ms exceeded.
Call log:
  - navigating to "https://www.turbocentras.com/", waiting until "domcontentloaded"

[2026-08-23T10:03:58.176Z] FATAL: page.goto: Timeout 25000ms exceeded.
Call log:
  - navigating to "https://www.turbocentras.com/", waiting until "domcontentloaded"

[2026-08-23T10:04:02.542Z] === Stock checker starting ===
[2026-08-23T10:04:02.542Z] === Stock checker starting ===
[2026-08-23T10:04:02.559Z] Loaded 6209 products with URLs
[2026-08-23T10:04:02.559Z] Loaded 6209 products with URLs
[2026-08-23T10:04:02.559Z] Loading current stock status from Supabase...
[2026-08-23T10:04:02.559Z] Loading current stock status from Supabase...
[2026-08-23T10:04:03.140Z] Loaded stock status for 6210 DB products
[2026-08-23T10:04:03.140Z] Loaded stock status for 6210 DB products
[2026-08-23T10:04:03.310Z] Establishing browser session...
[2026-08-23T10:04:03.310Z] Establishing browser session...
[2026-08-23T10:04:28.356Z] FATAL: page.goto: Timeout 25000ms exceeded.
Call log:
  - navigating to "https://www.turbocentras.com/", waiting until "domcontentloaded"

[2026-08-23T10:04:28.356Z] FATAL: page.goto: Timeout 25000ms exceeded.
Call log:
  - navigating to "https://www.turbocentras.com/", waiting until "domcontentloaded"

[2026-08-23T10:04:32.760Z] === Stock checker starting ===
[2026-08-23T10:04:32.760Z] === Stock checker starting ===
[2026-08-23T10:04:32.779Z] Loaded 6209 products with URLs
[2026-08-23T10:04:32.779Z] Loaded 6209 products with URLs
[2026-08-23T10:04:32.780Z] Loading current stock status from Supabase...
[2026-08-23T10:04:32.780Z] Loading current stock status from Supabase...
[2026-08-23T10:04:33.574Z] Loaded stock status for 6210 DB products
[2026-08-23T10:04:33.574Z] Loaded stock status for 6210 DB products
[2026-08-23T10:04:33.755Z] Establishing browser session...
[2026-08-23T10:04:33.755Z] Establishing browser session...
[2026-08-23T10:04:58.813Z] FATAL: page.goto: Timeout 25000ms exceeded.
Call log:
  - navigating to "https://www.turbocentras.com/", waiting until "domcontentloaded"

[2026-08-23T10:04:58.813Z] FATAL: page.goto: Timeout 25000ms exceeded.
Call log:
  - navigating to "https://www.turbocentras.com/", waiting until "domcontentloaded"

[2026-08-23T10:05:03.176Z] === Stock checker starting ===
[2026-08-23T10:05:03.176Z] === Stock checker starting ===
[2026-08-23T10:05:03.192Z] Loaded 6209 products with URLs
[2026-08-23T10:05:03.192Z] Loaded 6209 products with URLs
[2026-08-23T10:05:03.192Z] Loading current stock status from Supabase...
[2026-08-23T10:05:03.192Z] Loading current stock status from Supabase...
[2026-08-23T10:05:03.987Z] Loaded stock status for 6210 DB products
[2026-08-23T10:05:03.987Z] Loaded stock status for 6210 DB products
[2026-08-23T10:05:04.148Z] Establishing browser session...
[2026-08-23T10:05:04.148Z] Establishing browser session...
[2026-08-23T10:05:29.195Z] FATAL: page.goto: Timeout 25000ms exceeded.
Call log:
  - navigating to "https://www.turbocentras.com/", waiting until "domcontentloaded"

[2026-08-23T10:05:29.195Z] FATAL: page.goto: Timeout 25000ms exceeded.
Call log:
  - navigating to "https://www.turbocentras.com/", waiting until "domcontentloaded"

[2026-08-23T10:05:33.557Z] === Stock checker starting ===
[2026-08-23T10:05:33.557Z] === Stock checker starting ===
[2026-08-23T10:05:33.573Z] Loaded 6209 products with URLs
[2026-08-23T10:05:33.573Z] Loaded 6209 products with URLs
[2026-08-23T10:05:33.573Z] Loading current stock status from Supabase...
[2026-08-23T10:05:33.573Z] Loading current stock status from Supabase...
[2026-08-23T10:05:34.179Z] Loaded stock status for 6210 DB products
[2026-08-23T10:05:34.179Z] Loaded stock status for 6210 DB products
[2026-08-23T10:05:34.332Z] Establishing browser session...
[2026-08-23T10:05:34.332Z] Establishing browser session...
[2026-08-23T10:05:59.379Z] FATAL: page.goto: Timeout 25000ms exceeded.
Call log:
  - navigating to "https://www.turbocentras.com/", waiting until "domcontentloaded"

[2026-08-23T10:05:59.379Z] FATAL: page.goto: Timeout 25000ms exceeded.
Call log:
  - navigating to "https://www.turbocentras.com/", waiting until "domcontentloaded"

[2026-08-23T10:06:03.747Z] === Stock checker starting ===
[2026-08-23T10:06:03.747Z] === Stock checker starting ===
[2026-08-23T10:06:03.763Z] Loaded 6209 products with URLs
[2026-08-23T10:06:03.763Z] Loaded 6209 products with URLs
[2026-08-23T10:06:03.763Z] Loading current stock status from Supabase...
[2026-08-23T10:06:03.763Z] Loading current stock status from Supabase...
[2026-08-23T10:06:04.391Z] Loaded stock status for 6210 DB products
[2026-08-23T10:06:04.391Z] Loaded stock status for 6210 DB products
[2026-08-23T10:06:04.548Z] Establishing browser session...
[2026-08-23T10:06:04.548Z] Establishing browser session...
[2026-08-23T10:06:29.595Z] FATAL: page.goto: Timeout 25000ms exceeded.
Call log:
  - navigating to "https://www.turbocentras.com/", waiting until "domcontentloaded"

[2026-08-23T10:06:29.595Z] FATAL: page.goto: Timeout 25000ms exceeded.
Call log:
  - navigating to "https://www.turbocentras.com/", waiting until "domcontentloaded"

[2026-08-23T10:06:33.954Z] === Stock checker starting ===
[2026-08-23T10:06:33.954Z] === Stock checker starting ===
[2026-08-23T10:06:33.970Z] Loaded 6209 products with URLs
[2026-08-23T10:06:33.970Z] Loaded 6209 products with URLs
[2026-08-23T10:06:33.970Z] Loading current stock status from Supabase...
[2026-08-23T10:06:33.970Z] Loading current stock status from Supabase...
[2026-08-23T10:06:34.588Z] Loaded stock status for 6210 DB products
[2026-08-23T10:06:34.588Z] Loaded stock status for 6210 DB products
[2026-08-23T10:06:34.749Z] Establishing browser session...
[2026-08-23T10:06:34.749Z] Establishing browser session...
[2026-08-23T10:06:59.797Z] FATAL: page.goto: Timeout 25000ms exceeded.
Call log:
  - navigating to "https://www.turbocentras.com/", waiting until "domcontentloaded"

[2026-08-23T10:06:59.797Z] FATAL: page.goto: Timeout 25000ms exceeded.
Call log:
  - navigating to "https://www.turbocentras.com/", waiting until "domcontentloaded"

[2026-08-23T10:07:04.172Z] === Stock checker starting ===
[2026-08-23T10:07:04.172Z] === Stock checker starting ===
[2026-08-23T10:07:04.188Z] Loaded 6209 products with URLs
[2026-08-23T10:07:04.188Z] Loaded 6209 products with URLs
[2026-08-23T10:07:04.188Z] Loading current stock status from Supabase...
[2026-08-23T10:07:04.188Z] Loading current stock status from Supabase...
[2026-08-23T10:07:05.067Z] Loaded stock status for 6210 DB products
[2026-08-23T10:07:05.067Z] Loaded stock status for 6210 DB products
[2026-08-23T10:07:05.247Z] Establishing browser session...
[2026-08-23T10:07:05.247Z] Establishing browser session...
[2026-08-23T10:07:30.294Z] FATAL: page.goto: Timeout 25000ms exceeded.
Call log:
  - navigating to "https://www.turbocentras.com/", waiting until "domcontentloaded"

[2026-08-23T10:07:30.294Z] FATAL: page.goto: Timeout 25000ms exceeded.
Call log:
  - navigating to "https://www.turbocentras.com/", waiting until "domcontentloaded"

[2026-08-23T10:07:34.681Z] === Stock checker starting ===
[2026-08-23T10:07:34.681Z] === Stock checker starting ===
[2026-08-23T10:07:34.699Z] Loaded 6209 products with URLs
[2026-08-23T10:07:34.699Z] Loaded 6209 products with URLs
[2026-08-23T10:07:34.699Z] Loading current stock status from Supabase...
[2026-08-23T10:07:34.699Z] Loading current stock status from Supabase...
[2026-08-23T10:07:35.342Z] Loaded stock status for 6210 DB products
[2026-08-23T10:07:35.342Z] Loaded stock status for 6210 DB products
[2026-08-23T10:07:35.528Z] Establishing browser session...
[2026-08-23T10:07:35.528Z] Establishing browser session...
[2026-08-23T10:08:00.586Z] FATAL: page.goto: Timeout 25000ms exceeded.
Call log:
  - navigating to "https://www.turbocentras.com/", waiting until "domcontentloaded"

[2026-08-23T10:08:00.586Z] FATAL: page.goto: Timeout 25000ms exceeded.
Call log:
  - navigating to "https://www.turbocentras.com/", waiting until "domcontentloaded"

[2026-08-23T10:08:05.009Z] === Stock checker starting ===
[2026-08-23T10:08:05.009Z] === Stock checker starting ===
[2026-08-23T10:08:05.029Z] Loaded 6209 products with URLs
[2026-08-23T10:08:05.029Z] Loaded 6209 products with URLs
[2026-08-23T10:08:05.029Z] Loading current stock status from Supabase...
[2026-08-23T10:08:05.029Z] Loading current stock status from Supabase...
[2026-08-23T10:08:05.650Z] Loaded stock status for 6210 DB products
[2026-08-23T10:08:05.650Z] Loaded stock status for 6210 DB products
[2026-08-23T10:08:05.844Z] Establishing browser session...
[2026-08-23T10:08:05.844Z] Establishing browser session...
[2026-08-23T10:08:30.900Z] FATAL: page.goto: Timeout 25000ms exceeded.
Call log:
  - navigating to "https://www.turbocentras.com/", waiting until "domcontentloaded"

[2026-08-23T10:08:30.900Z] FATAL: page.goto: Timeout 25000ms exceeded.
Call log:
  - navigating to "https://www.turbocentras.com/", waiting until "domcontentloaded"

[2026-08-23T10:08:35.266Z] === Stock checker starting ===
[2026-08-23T10:08:35.266Z] === Stock checker starting ===
[2026-08-23T10:08:35.282Z] Loaded 6209 products with URLs
[2026-08-23T10:08:35.282Z] Loaded 6209 products with URLs
[2026-08-23T10:08:35.282Z] Loading current stock status from Supabase...
[2026-08-23T10:08:35.282Z] Loading current stock status from Supabase...
[2026-08-23T10:08:35.879Z] Loaded stock status for 6210 DB products
[2026-08-23T10:08:35.879Z] Loaded stock status for 6210 DB products
[2026-08-23T10:08:36.044Z] Establishing browser session...
[2026-08-23T10:08:36.044Z] Establishing browser session...
[2026-08-23T10:09:01.091Z] FATAL: page.goto: Timeout 25000ms exceeded.
Call log:
  - navigating to "https://www.turbocentras.com/", waiting until "domcontentloaded"

[2026-08-23T10:09:01.091Z] FATAL: page.goto: Timeout 25000ms exceeded.
Call log:
  - navigating to "https://www.turbocentras.com/", waiting until "domcontentloaded"

[2026-08-23T10:09:05.492Z] === Stock checker starting ===
[2026-08-23T10:09:05.492Z] === Stock checker starting ===
[2026-08-23T10:09:05.511Z] Loaded 6209 products with URLs
[2026-08-23T10:09:05.511Z] Loaded 6209 products with URLs
[2026-08-23T10:09:05.511Z] Loading current stock status from Supabase...
[2026-08-23T10:09:05.511Z] Loading current stock status from Supabase...
[2026-08-23T10:09:06.086Z] Loaded stock status for 6210 DB products
[2026-08-23T10:09:06.086Z] Loaded stock status for 6210 DB products
[2026-08-23T10:09:06.277Z] Establishing browser session...
[2026-08-23T10:09:06.277Z] Establishing browser session...
[2026-08-23T10:09:31.344Z] FATAL: page.goto: Timeout 25000ms exceeded.
Call log:
  - navigating to "https://www.turbocentras.com/", waiting until "domcontentloaded"

[2026-08-23T10:09:31.344Z] FATAL: page.goto: Timeout 25000ms exceeded.
Call log:
  - navigating to "https://www.turbocentras.com/", waiting until "domcontentloaded"

[2026-08-23T10:09:35.756Z] === Stock checker starting ===
[2026-08-23T10:09:35.756Z] === Stock checker starting ===
[2026-08-23T10:09:35.775Z] Loaded 6209 products with URLs
[2026-08-23T10:09:35.775Z] Loaded 6209 products with URLs
[2026-08-23T10:09:35.776Z] Loading current stock status from Supabase...
[2026-08-23T10:09:35.776Z] Loading current stock status from Supabase...
[2026-08-23T10:09:36.421Z] Loaded stock status for 6210 DB products
[2026-08-23T10:09:36.421Z] Loaded stock status for 6210 DB products
[2026-08-23T10:09:36.599Z] Establishing browser session...
[2026-08-23T10:09:36.599Z] Establishing browser session...
[2026-08-23T10:10:01.656Z] FATAL: page.goto: Timeout 25000ms exceeded.
Call log:
  - navigating to "https://www.turbocentras.com/", waiting until "domcontentloaded"

[2026-08-23T10:10:01.656Z] FATAL: page.goto: Timeout 25000ms exceeded.
Call log:
  - navigating to "https://www.turbocentras.com/", waiting until "domcontentloaded"

[2026-08-23T10:10:06.064Z] === Stock checker starting ===
[2026-08-23T10:10:06.064Z] === Stock checker starting ===
[2026-08-23T10:10:06.082Z] Loaded 6209 products with URLs
[2026-08-23T10:10:06.082Z] Loaded 6209 products with URLs
[2026-08-23T10:10:06.082Z] Loading current stock status from Supabase...
[2026-08-23T10:10:06.082Z] Loading current stock status from Supabase...
[2026-08-23T10:10:06.681Z] Loaded stock status for 6210 DB products
[2026-08-23T10:10:06.681Z] Loaded stock status for 6210 DB products
[2026-08-23T10:10:06.865Z] Establishing browser session...
[2026-08-23T10:10:06.865Z] Establishing browser session...
[2026-08-23T10:10:31.923Z] FATAL: page.goto: Timeout 25000ms exceeded.
Call log:
  - navigating to "https://www.turbocentras.com/", waiting until "domcontentloaded"

[2026-08-23T10:10:31.923Z] FATAL: page.goto: Timeout 25000ms exceeded.
Call log:
  - navigating to "https://www.turbocentras.com/", waiting until "domcontentloaded"

[2026-08-23T10:10:36.319Z] === Stock checker starting ===
[2026-08-23T10:10:36.319Z] === Stock checker starting ===
[2026-08-23T10:10:36.335Z] Loaded 6209 products with URLs
[2026-08-23T10:10:36.335Z] Loaded 6209 products with URLs
[2026-08-23T10:10:36.335Z] Loading current stock status from Supabase...
[2026-08-23T10:10:36.335Z] Loading current stock status from Supabase...
[2026-08-23T10:10:37.346Z] Loaded stock status for 6210 DB products
[2026-08-23T10:10:37.346Z] Loaded stock status for 6210 DB products
[2026-08-23T10:10:37.528Z] Establishing browser session...
[2026-08-23T10:10:37.528Z] Establishing browser session...
[2026-08-23T10:11:02.583Z] FATAL: page.goto: Timeout 25000ms exceeded.
Call log:
  - navigating to "https://www.turbocentras.com/", waiting until "domcontentloaded"

[2026-08-23T10:11:02.583Z] FATAL: page.goto: Timeout 25000ms exceeded.
Call log:
  - navigating to "https://www.turbocentras.com/", waiting until "domcontentloaded"

[2026-08-23T10:11:06.944Z] === Stock checker starting ===
[2026-08-23T10:11:06.944Z] === Stock checker starting ===
[2026-08-23T10:11:06.960Z] Loaded 6209 products with URLs
[2026-08-23T10:11:06.960Z] Loaded 6209 products with URLs
[2026-08-23T10:11:06.961Z] Loading current stock status from Supabase...
[2026-08-23T10:11:06.961Z] Loading current stock status from Supabase...
[2026-08-23T10:11:07.490Z] Loaded stock status for 6210 DB products
[2026-08-23T10:11:07.490Z] Loaded stock status for 6210 DB products
[2026-08-23T10:11:07.660Z] Establishing browser session...
[2026-08-23T10:11:07.660Z] Establishing browser session...
[2026-08-23T10:11:32.705Z] FATAL: page.goto: Timeout 25000ms exceeded.
Call log:
  - navigating to "https://www.turbocentras.com/", waiting until "domcontentloaded"

[2026-08-23T10:11:32.705Z] FATAL: page.goto: Timeout 25000ms exceeded.
Call log:
  - navigating to "https://www.turbocentras.com/", waiting until "domcontentloaded"

[2026-08-23T10:11:37.073Z] === Stock checker starting ===
[2026-08-23T10:11:37.073Z] === Stock checker starting ===
[2026-08-23T10:11:37.089Z] Loaded 6209 products with URLs
[2026-08-23T10:11:37.089Z] Loaded 6209 products with URLs
[2026-08-23T10:11:37.089Z] Loading current stock status from Supabase...
[2026-08-23T10:11:37.089Z] Loading current stock status from Supabase...
[2026-08-23T10:11:37.623Z] Loaded stock status for 6210 DB products
[2026-08-23T10:11:37.623Z] Loaded stock status for 6210 DB products
[2026-08-23T10:11:37.775Z] Establishing browser session...
[2026-08-23T10:11:37.775Z] Establishing browser session...
[2026-08-23T10:12:02.820Z] FATAL: page.goto: Timeout 25000ms exceeded.
Call log:
  - navigating to "https://www.turbocentras.com/", waiting until "domcontentloaded"

[2026-08-23T10:12:02.820Z] FATAL: page.goto: Timeout 25000ms exceeded.
Call log:
  - navigating to "https://www.turbocentras.com/", waiting until "domcontentloaded"

[2026-08-23T10:12:07.183Z] === Stock checker starting ===
[2026-08-23T10:12:07.183Z] === Stock checker starting ===
[2026-08-23T10:12:07.199Z] Loaded 6209 products with URLs
[2026-08-23T10:12:07.199Z] Loaded 6209 products with URLs
[2026-08-23T10:12:07.199Z] Loading current stock status from Supabase...
[2026-08-23T10:12:07.199Z] Loading current stock status from Supabase...
[2026-08-23T10:12:07.792Z] Loaded stock status for 6210 DB products
[2026-08-23T10:12:07.792Z] Loaded stock status for 6210 DB products
[2026-08-23T10:12:07.952Z] Establishing browser session...
[2026-08-23T10:12:07.952Z] Establishing browser session...
[2026-08-23T10:12:32.999Z] FATAL: page.goto: Timeout 25000ms exceeded.
Call log:
  - navigating to "https://www.turbocentras.com/", waiting until "domcontentloaded"

[2026-08-23T10:12:32.999Z] FATAL: page.goto: Timeout 25000ms exceeded.
Call log:
  - navigating to "https://www.turbocentras.com/", waiting until "domcontentloaded"

[2026-08-23T10:12:37.422Z] === Stock checker starting ===
[2026-08-23T10:12:37.422Z] === Stock checker starting ===
[2026-08-23T10:12:37.441Z] Loaded 6209 products with URLs
[2026-08-23T10:12:37.441Z] Loaded 6209 products with URLs
[2026-08-23T10:12:37.441Z] Loading current stock status from Supabase...
[2026-08-23T10:12:37.441Z] Loading current stock status from Supabase...
[2026-08-23T10:12:38.430Z] Loaded stock status for 6210 DB products
[2026-08-23T10:12:38.430Z] Loaded stock status for 6210 DB products
[2026-08-23T10:12:38.613Z] Establishing browser session...
[2026-08-23T10:12:38.613Z] Establishing browser session...
[2026-08-23T10:13:03.669Z] FATAL: page.goto: Timeout 25000ms exceeded.
Call log:
  - navigating to "https://www.turbocentras.com/", waiting until "domcontentloaded"

[2026-08-23T10:13:03.669Z] FATAL: page.goto: Timeout 25000ms exceeded.
Call log:
  - navigating to "https://www.turbocentras.com/", waiting until "domcontentloaded"

[2026-08-23T10:13:08.035Z] === Stock checker starting ===
[2026-08-23T10:13:08.035Z] === Stock checker starting ===
[2026-08-23T10:13:08.051Z] Loaded 6209 products with URLs
[2026-08-23T10:13:08.051Z] Loaded 6209 products with URLs
[2026-08-23T10:13:08.051Z] Loading current stock status from Supabase...
[2026-08-23T10:13:08.051Z] Loading current stock status from Supabase...
[2026-08-23T10:13:08.667Z] Loaded stock status for 6210 DB products
[2026-08-23T10:13:08.667Z] Loaded stock status for 6210 DB products
[2026-08-23T10:13:08.825Z] Establishing browser session...
[2026-08-23T10:13:08.825Z] Establishing browser session...
[2026-08-23T10:13:33.872Z] FATAL: page.goto: Timeout 25000ms exceeded.
Call log:
  - navigating to "https://www.turbocentras.com/", waiting until "domcontentloaded"

[2026-08-23T10:13:33.872Z] FATAL: page.goto: Timeout 25000ms exceeded.
Call log:
  - navigating to "https://www.turbocentras.com/", waiting until "domcontentloaded"

[2026-08-23T10:13:38.242Z] === Stock checker starting ===
[2026-08-23T10:13:38.242Z] === Stock checker starting ===
[2026-08-23T10:13:38.258Z] Loaded 6209 products with URLs
[2026-08-23T10:13:38.258Z] Loaded 6209 products with URLs
[2026-08-23T10:13:38.259Z] Loading current stock status from Supabase...
[2026-08-23T10:13:38.259Z] Loading current stock status from Supabase...
[2026-08-23T10:13:38.872Z] Loaded stock status for 6210 DB products
[2026-08-23T10:13:38.872Z] Loaded stock status for 6210 DB products
[2026-08-23T10:13:39.032Z] Establishing browser session...
[2026-08-23T10:13:39.032Z] Establishing browser session...
[2026-08-23T10:14:04.079Z] FATAL: page.goto: Timeout 25000ms exceeded.
Call log:
  - navigating to "https://www.turbocentras.com/", waiting until "domcontentloaded"

[2026-08-23T10:14:04.079Z] FATAL: page.goto: Timeout 25000ms exceeded.
Call log:
  - navigating to "https://www.turbocentras.com/", waiting until "domcontentloaded"

[2026-08-23T10:14:08.452Z] === Stock checker starting ===
[2026-08-23T10:14:08.452Z] === Stock checker starting ===
[2026-08-23T10:14:08.468Z] Loaded 6209 products with URLs
[2026-08-23T10:14:08.468Z] Loaded 6209 products with URLs
[2026-08-23T10:14:08.468Z] Loading current stock status from Supabase...
[2026-08-23T10:14:08.468Z] Loading current stock status from Supabase...
[2026-08-23T10:14:09.049Z] Loaded stock status for 6210 DB products
[2026-08-23T10:14:09.049Z] Loaded stock status for 6210 DB products
[2026-08-23T10:14:09.211Z] Establishing browser session...
[2026-08-23T10:14:09.211Z] Establishing browser session...
[2026-08-23T10:14:34.258Z] FATAL: page.goto: Timeout 25000ms exceeded.
Call log:
  - navigating to "https://www.turbocentras.com/", waiting until "domcontentloaded"

[2026-08-23T10:14:34.258Z] FATAL: page.goto: Timeout 25000ms exceeded.
Call log:
  - navigating to "https://www.turbocentras.com/", waiting until "domcontentloaded"

[2026-08-23T10:14:38.617Z] === Stock checker starting ===
[2026-08-23T10:14:38.617Z] === Stock checker starting ===
[2026-08-23T10:14:38.633Z] Loaded 6209 products with URLs
[2026-08-23T10:14:38.633Z] Loaded 6209 products with URLs
[2026-08-23T10:14:38.633Z] Loading current stock status from Supabase...
[2026-08-23T10:14:38.633Z] Loading current stock status from Supabase...
[2026-08-23T10:14:39.327Z] Loaded stock status for 6210 DB products
[2026-08-23T10:14:39.327Z] Loaded stock status for 6210 DB products
[2026-08-23T10:14:39.494Z] Establishing browser session...
[2026-08-23T10:14:39.494Z] Establishing browser session...
[2026-08-23T10:15:04.541Z] FATAL: page.goto: Timeout 25000ms exceeded.
Call log:
  - navigating to "https://www.turbocentras.com/", waiting until "domcontentloaded"

[2026-08-23T10:15:04.541Z] FATAL: page.goto: Timeout 25000ms exceeded.
Call log:
  - navigating to "https://www.turbocentras.com/", waiting until "domcontentloaded"

[2026-08-23T10:15:08.929Z] === Stock checker starting ===
[2026-08-23T10:15:08.929Z] === Stock checker starting ===
[2026-08-23T10:15:08.945Z] Loaded 6209 products with URLs
[2026-08-23T10:15:08.945Z] Loaded 6209 products with URLs
[2026-08-23T10:15:08.945Z] Loading current stock status from Supabase...
[2026-08-23T10:15:08.945Z] Loading current stock status from Supabase...
[2026-08-23T10:15:09.716Z] Loaded stock status for 6210 DB products
[2026-08-23T10:15:09.716Z] Loaded stock status for 6210 DB products
[2026-08-23T10:15:09.913Z] Establishing browser session...
[2026-08-23T10:15:09.913Z] Establishing browser session...
[2026-08-23T10:15:34.972Z] FATAL: page.goto: Timeout 25000ms exceeded.
Call log:
  - navigating to "https://www.turbocentras.com/", waiting until "domcontentloaded"

[2026-08-23T10:15:34.972Z] FATAL: page.goto: Timeout 25000ms exceeded.
Call log:
  - navigating to "https://www.turbocentras.com/", waiting until "domcontentloaded"

[2026-08-23T10:15:39.366Z] === Stock checker starting ===
[2026-08-23T10:15:39.366Z] === Stock checker starting ===
[2026-08-23T10:15:39.382Z] Loaded 6209 products with URLs
[2026-08-23T10:15:39.382Z] Loaded 6209 products with URLs
[2026-08-23T10:15:39.382Z] Loading current stock status from Supabase...
[2026-08-23T10:15:39.382Z] Loading current stock status from Supabase...
[2026-08-23T10:15:39.940Z] Loaded stock status for 6210 DB products
[2026-08-23T10:15:39.940Z] Loaded stock status for 6210 DB products
[2026-08-23T10:15:40.122Z] Establishing browser session...
[2026-08-23T10:15:40.122Z] Establishing browser session...
[2026-08-23T10:16:05.181Z] FATAL: page.goto: Timeout 25000ms exceeded.
Call log:
  - navigating to "https://www.turbocentras.com/", waiting until "domcontentloaded"

[2026-08-23T10:16:05.181Z] FATAL: page.goto: Timeout 25000ms exceeded.
Call log:
  - navigating to "https://www.turbocentras.com/", waiting until "domcontentloaded"

[2026-08-23T10:16:09.551Z] === Stock checker starting ===
[2026-08-23T10:16:09.551Z] === Stock checker starting ===
[2026-08-23T10:16:09.567Z] Loaded 6209 products with URLs
[2026-08-23T10:16:09.567Z] Loaded 6209 products with URLs
[2026-08-23T10:16:09.567Z] Loading current stock status from Supabase...
[2026-08-23T10:16:09.567Z] Loading current stock status from Supabase...
[2026-08-23T10:16:10.229Z] Loaded stock status for 6210 DB products
[2026-08-23T10:16:10.229Z] Loaded stock status for 6210 DB products
[2026-08-23T10:16:10.393Z] Establishing browser session...
[2026-08-23T10:16:10.393Z] Establishing browser session...
[2026-08-23T10:16:35.441Z] FATAL: page.goto: Timeout 25000ms exceeded.
Call log:
  - navigating to "https://www.turbocentras.com/", waiting until "domcontentloaded"

[2026-08-23T10:16:35.441Z] FATAL: page.goto: Timeout 25000ms exceeded.
Call log:
  - navigating to "https://www.turbocentras.com/", waiting until "domcontentloaded"

[2026-08-23T10:16:39.845Z] === Stock checker starting ===
[2026-08-23T10:16:39.845Z] === Stock checker starting ===
[2026-08-23T10:16:39.861Z] Loaded 6209 products with URLs
[2026-08-23T10:16:39.861Z] Loaded 6209 products with URLs
[2026-08-23T10:16:39.861Z] Loading current stock status from Supabase...
[2026-08-23T10:16:39.861Z] Loading current stock status from Supabase...
[2026-08-23T10:16:40.493Z] Loaded stock status for 6210 DB products
[2026-08-23T10:16:40.493Z] Loaded stock status for 6210 DB products
[2026-08-23T10:16:40.667Z] Establishing browser session...
[2026-08-23T10:16:40.667Z] Establishing browser session...
[2026-08-23T10:17:05.719Z] FATAL: page.goto: Timeout 25000ms exceeded.
Call log:
  - navigating to "https://www.turbocentras.com/", waiting until "domcontentloaded"

[2026-08-23T10:17:05.719Z] FATAL: page.goto: Timeout 25000ms exceeded.
Call log:
  - navigating to "https://www.turbocentras.com/", waiting until "domcontentloaded"

[2026-08-23T10:17:10.095Z] === Stock checker starting ===
[2026-08-23T10:17:10.095Z] === Stock checker starting ===
[2026-08-23T10:17:10.111Z] Loaded 6209 products with URLs
[2026-08-23T10:17:10.111Z] Loaded 6209 products with URLs
[2026-08-23T10:17:10.111Z] Loading current stock status from Supabase...
[2026-08-23T10:17:10.111Z] Loading current stock status from Supabase...
[2026-08-23T10:17:10.871Z] Loaded stock status for 6210 DB products
[2026-08-23T10:17:10.871Z] Loaded stock status for 6210 DB products
[2026-08-23T10:17:11.029Z] Establishing browser session...
[2026-08-23T10:17:11.029Z] Establishing browser session...
[2026-08-23T10:17:36.076Z] FATAL: page.goto: Timeout 25000ms exceeded.
Call log:
  - navigating to "https://www.turbocentras.com/", waiting until "domcontentloaded"

[2026-08-23T10:17:36.076Z] FATAL: page.goto: Timeout 25000ms exceeded.
Call log:
  - navigating to "https://www.turbocentras.com/", waiting until "domcontentloaded"

[2026-08-23T10:17:40.452Z] === Stock checker starting ===
[2026-08-23T10:17:40.452Z] === Stock checker starting ===
[2026-08-23T10:17:40.468Z] Loaded 6209 products with URLs
[2026-08-23T10:17:40.468Z] Loaded 6209 products with URLs
[2026-08-23T10:17:40.468Z] Loading current stock status from Supabase...
[2026-08-23T10:17:40.468Z] Loading current stock status from Supabase...
[2026-08-23T10:17:41.144Z] Loaded stock status for 6210 DB products
[2026-08-23T10:17:41.144Z] Loaded stock status for 6210 DB products
[2026-08-23T10:17:41.351Z] Establishing browser session...
[2026-08-23T10:17:41.351Z] Establishing browser session...
[2026-08-23T10:18:06.428Z] FATAL: page.goto: Timeout 25000ms exceeded.
Call log:
  - navigating to "https://www.turbocentras.com/", waiting until "domcontentloaded"

[2026-08-23T10:18:06.428Z] FATAL: page.goto: Timeout 25000ms exceeded.
Call log:
  - navigating to "https://www.turbocentras.com/", waiting until "domcontentloaded"

[2026-08-23T10:18:10.788Z] === Stock checker starting ===
[2026-08-23T10:18:10.788Z] === Stock checker starting ===
[2026-08-23T10:18:10.804Z] Loaded 6209 products with URLs
[2026-08-23T10:18:10.804Z] Loaded 6209 products with URLs
[2026-08-23T10:18:10.804Z] Loading current stock status from Supabase...
[2026-08-23T10:18:10.804Z] Loading current stock status from Supabase...
[2026-08-23T10:18:11.408Z] Loaded stock status for 6210 DB products
[2026-08-23T10:18:11.408Z] Loaded stock status for 6210 DB products
[2026-08-23T10:18:11.573Z] Establishing browser session...
[2026-08-23T10:18:11.573Z] Establishing browser session...
[2026-08-23T10:18:36.619Z] FATAL: page.goto: Timeout 25000ms exceeded.
Call log:
  - navigating to "https://www.turbocentras.com/", waiting until "domcontentloaded"

[2026-08-23T10:18:36.619Z] FATAL: page.goto: Timeout 25000ms exceeded.
Call log:
  - navigating to "https://www.turbocentras.com/", waiting until "domcontentloaded"

[2026-08-23T10:18:41.013Z] === Stock checker starting ===
[2026-08-23T10:18:41.013Z] === Stock checker starting ===
[2026-08-23T10:18:41.029Z] Loaded 6209 products with URLs
[2026-08-23T10:18:41.029Z] Loaded 6209 products with URLs
[2026-08-23T10:18:41.029Z] Loading current stock status from Supabase...
[2026-08-23T10:18:41.029Z] Loading current stock status from Supabase...
[2026-08-23T10:18:41.709Z] Loaded stock status for 6210 DB products
[2026-08-23T10:18:41.709Z] Loaded stock status for 6210 DB products
[2026-08-23T10:18:41.899Z] Establishing browser session...
[2026-08-23T10:18:41.899Z] Establishing browser session...
[2026-08-23T10:19:06.953Z] FATAL: page.goto: Timeout 25000ms exceeded.
Call log:
  - navigating to "https://www.turbocentras.com/", waiting until "domcontentloaded"

[2026-08-23T10:19:06.953Z] FATAL: page.goto: Timeout 25000ms exceeded.
Call log:
  - navigating to "https://www.turbocentras.com/", waiting until "domcontentloaded"

[2026-08-23T10:19:11.305Z] === Stock checker starting ===
[2026-08-23T10:19:11.305Z] === Stock checker starting ===
[2026-08-23T10:19:11.322Z] Loaded 6209 products with URLs
[2026-08-23T10:19:11.322Z] Loaded 6209 products with URLs
[2026-08-23T10:19:11.322Z] Loading current stock status from Supabase...
[2026-08-23T10:19:11.322Z] Loading current stock status from Supabase...
[2026-08-23T10:19:11.913Z] Loaded stock status for 6210 DB products
[2026-08-23T10:19:11.913Z] Loaded stock status for 6210 DB products
[2026-08-23T10:19:12.080Z] Establishing browser session...
[2026-08-23T10:19:12.080Z] Establishing browser session...
[2026-08-23T10:19:37.128Z] FATAL: page.goto: Timeout 25000ms exceeded.
Call log:
  - navigating to "https://www.turbocentras.com/", waiting until "domcontentloaded"

[2026-08-23T10:19:37.128Z] FATAL: page.goto: Timeout 25000ms exceeded.
Call log:
  - navigating to "https://www.turbocentras.com/", waiting until "domcontentloaded"

[2026-08-23T10:19:41.595Z] === Stock checker starting ===
[2026-08-23T10:19:41.595Z] === Stock checker starting ===
[2026-08-23T10:19:41.611Z] Loaded 6209 products with URLs
[2026-08-23T10:19:41.611Z] Loaded 6209 products with URLs
[2026-08-23T10:19:41.611Z] Loading current stock status from Supabase...
[2026-08-23T10:19:41.611Z] Loading current stock status from Supabase...
[2026-08-23T10:19:42.261Z] Loaded stock status for 6210 DB products
[2026-08-23T10:19:42.261Z] Loaded stock status for 6210 DB products
[2026-08-23T10:19:42.415Z] Establishing browser session...
[2026-08-23T10:19:42.415Z] Establishing browser session...
[2026-08-23T10:20:07.463Z] FATAL: page.goto: Timeout 25000ms exceeded.
Call log:
  - navigating to "https://www.turbocentras.com/", waiting until "domcontentloaded"

[2026-08-23T10:20:07.463Z] FATAL: page.goto: Timeout 25000ms exceeded.
Call log:
  - navigating to "https://www.turbocentras.com/", waiting until "domcontentloaded"

[2026-08-23T10:20:11.826Z] === Stock checker starting ===
[2026-08-23T10:20:11.826Z] === Stock checker starting ===
[2026-08-23T10:20:11.842Z] Loaded 6209 products with URLs
[2026-08-23T10:20:11.842Z] Loaded 6209 products with URLs
[2026-08-23T10:20:11.842Z] Loading current stock status from Supabase...
[2026-08-23T10:20:11.842Z] Loading current stock status from Supabase...
[2026-08-23T10:20:12.464Z] Loaded stock status for 6210 DB products
[2026-08-23T10:20:12.464Z] Loaded stock status for 6210 DB products
[2026-08-23T10:20:12.625Z] Establishing browser session...
[2026-08-23T10:20:12.625Z] Establishing browser session...
[2026-08-23T10:20:37.672Z] FATAL: page.goto: Timeout 25000ms exceeded.
Call log:
  - navigating to "https://www.turbocentras.com/", waiting until "domcontentloaded"

[2026-08-23T10:20:37.672Z] FATAL: page.goto: Timeout 25000ms exceeded.
Call log:
  - navigating to "https://www.turbocentras.com/", waiting until "domcontentloaded"

[2026-08-23T10:20:42.034Z] === Stock checker starting ===
[2026-08-23T10:20:42.034Z] === Stock checker starting ===
[2026-08-23T10:20:42.050Z] Loaded 6209 products with URLs
[2026-08-23T10:20:42.050Z] Loaded 6209 products with URLs
[2026-08-23T10:20:42.050Z] Loading current stock status from Supabase...
[2026-08-23T10:20:42.050Z] Loading current stock status from Supabase...
[2026-08-23T10:20:42.999Z] Loaded stock status for 6210 DB products
[2026-08-23T10:20:42.999Z] Loaded stock status for 6210 DB products
[2026-08-23T10:20:43.159Z] Establishing browser session...
[2026-08-23T10:20:43.159Z] Establishing browser session...
[2026-08-23T10:21:08.205Z] FATAL: page.goto: Timeout 25000ms exceeded.
Call log:
  - navigating to "https://www.turbocentras.com/", waiting until "domcontentloaded"

[2026-08-23T10:21:08.205Z] FATAL: page.goto: Timeout 25000ms exceeded.
Call log:
  - navigating to "https://www.turbocentras.com/", waiting until "domcontentloaded"

[2026-08-23T10:21:12.570Z] === Stock checker starting ===
[2026-08-23T10:21:12.570Z] === Stock checker starting ===
[2026-08-23T10:21:12.586Z] Loaded 6209 products with URLs
[2026-08-23T10:21:12.586Z] Loaded 6209 products with URLs
[2026-08-23T10:21:12.586Z] Loading current stock status from Supabase...
[2026-08-23T10:21:12.586Z] Loading current stock status from Supabase...
[2026-08-23T10:21:13.204Z] Loaded stock status for 6210 DB products
[2026-08-23T10:21:13.204Z] Loaded stock status for 6210 DB products
[2026-08-23T10:21:13.360Z] Establishing browser session...
[2026-08-23T10:21:13.360Z] Establishing browser session...
[2026-08-23T10:21:38.406Z] FATAL: page.goto: Timeout 25000ms exceeded.
Call log:
  - navigating to "https://www.turbocentras.com/", waiting until "domcontentloaded"

[2026-08-23T10:21:38.406Z] FATAL: page.goto: Timeout 25000ms exceeded.
Call log:
  - navigating to "https://www.turbocentras.com/", waiting until "domcontentloaded"

[2026-08-23T10:21:42.775Z] === Stock checker starting ===
[2026-08-23T10:21:42.775Z] === Stock checker starting ===
[2026-08-23T10:21:42.791Z] Loaded 6209 products with URLs
[2026-08-23T10:21:42.791Z] Loaded 6209 products with URLs
[2026-08-23T10:21:42.792Z] Loading current stock status from Supabase...
[2026-08-23T10:21:42.792Z] Loading current stock status from Supabase...
[2026-08-23T10:21:43.318Z] Loaded stock status for 6210 DB products
[2026-08-23T10:21:43.318Z] Loaded stock status for 6210 DB products
[2026-08-23T10:21:43.481Z] Establishing browser session...
[2026-08-23T10:21:43.481Z] Establishing browser session...
[2026-08-23T10:22:08.529Z] FATAL: page.goto: Timeout 25000ms exceeded.
Call log:
  - navigating to "https://www.turbocentras.com/", waiting until "domcontentloaded"

[2026-08-23T10:22:08.529Z] FATAL: page.goto: Timeout 25000ms exceeded.
Call log:
  - navigating to "https://www.turbocentras.com/", waiting until "domcontentloaded"

[2026-08-23T10:22:12.889Z] === Stock checker starting ===
[2026-08-23T10:22:12.889Z] === Stock checker starting ===
[2026-08-23T10:22:12.905Z] Loaded 6209 products with URLs
[2026-08-23T10:22:12.905Z] Loaded 6209 products with URLs
[2026-08-23T10:22:12.905Z] Loading current stock status from Supabase...
[2026-08-23T10:22:12.905Z] Loading current stock status from Supabase...
[2026-08-23T10:22:13.487Z] Loaded stock status for 6210 DB products
[2026-08-23T10:22:13.487Z] Loaded stock status for 6210 DB products
[2026-08-23T10:22:13.648Z] Establishing browser session...
[2026-08-23T10:22:13.648Z] Establishing browser session...
[2026-08-23T10:22:38.695Z] FATAL: page.goto: Timeout 25000ms exceeded.
Call log:
  - navigating to "https://www.turbocentras.com/", waiting until "domcontentloaded"

[2026-08-23T10:22:38.695Z] FATAL: page.goto: Timeout 25000ms exceeded.
Call log:
  - navigating to "https://www.turbocentras.com/", waiting until "domcontentloaded"

[2026-08-23T10:22:43.062Z] === Stock checker starting ===
[2026-08-23T10:22:43.062Z] === Stock checker starting ===
[2026-08-23T10:22:43.079Z] Loaded 6209 products with URLs
[2026-08-23T10:22:43.079Z] Loaded 6209 products with URLs
[2026-08-23T10:22:43.079Z] Loading current stock status from Supabase...
[2026-08-23T10:22:43.079Z] Loading current stock status from Supabase...
[2026-08-23T10:22:43.729Z] Loaded stock status for 6210 DB products
[2026-08-23T10:22:43.729Z] Loaded stock status for 6210 DB products
[2026-08-23T10:22:43.881Z] Establishing browser session...
[2026-08-23T10:22:43.881Z] Establishing browser session...
[2026-08-23T10:23:08.927Z] FATAL: page.goto: Timeout 25000ms exceeded.
Call log:
  - navigating to "https://www.turbocentras.com/", waiting until "domcontentloaded"

[2026-08-23T10:23:08.927Z] FATAL: page.goto: Timeout 25000ms exceeded.
Call log:
  - navigating to "https://www.turbocentras.com/", waiting until "domcontentloaded"

[2026-08-23T10:23:13.289Z] === Stock checker starting ===
[2026-08-23T10:23:13.289Z] === Stock checker starting ===
[2026-08-23T10:23:13.306Z] Loaded 6209 products with URLs
[2026-08-23T10:23:13.306Z] Loaded 6209 products with URLs
[2026-08-23T10:23:13.306Z] Loading current stock status from Supabase...
[2026-08-23T10:23:13.306Z] Loading current stock status from Supabase...
[2026-08-23T10:23:14.118Z] Loaded stock status for 6210 DB products
[2026-08-23T10:23:14.118Z] Loaded stock status for 6210 DB products
[2026-08-23T10:23:14.271Z] Establishing browser session...
[2026-08-23T10:23:14.271Z] Establishing browser session...
[2026-08-23T10:23:39.315Z] FATAL: page.goto: Timeout 25000ms exceeded.
Call log:
  - navigating to "https://www.turbocentras.com/", waiting until "domcontentloaded"

[2026-08-23T10:23:39.315Z] FATAL: page.goto: Timeout 25000ms exceeded.
Call log:
  - navigating to "https://www.turbocentras.com/", waiting until "domcontentloaded"

[2026-08-23T10:23:43.680Z] === Stock checker starting ===
[2026-08-23T10:23:43.680Z] === Stock checker starting ===
[2026-08-23T10:23:43.696Z] Loaded 6209 products with URLs
[2026-08-23T10:23:43.696Z] Loaded 6209 products with URLs
[2026-08-23T10:23:43.696Z] Loading current stock status from Supabase...
[2026-08-23T10:23:43.696Z] Loading current stock status from Supabase...
[2026-08-23T10:23:44.297Z] Loaded stock status for 6210 DB products
[2026-08-23T10:23:44.297Z] Loaded stock status for 6210 DB products
[2026-08-23T10:23:44.461Z] Establishing browser session...
[2026-08-23T10:23:44.461Z] Establishing browser session...
[2026-08-23T10:24:09.508Z] FATAL: page.goto: Timeout 25000ms exceeded.
Call log:
  - navigating to "https://www.turbocentras.com/", waiting until "domcontentloaded"

[2026-08-23T10:24:09.508Z] FATAL: page.goto: Timeout 25000ms exceeded.
Call log:
  - navigating to "https://www.turbocentras.com/", waiting until "domcontentloaded"

[2026-08-23T10:24:13.872Z] === Stock checker starting ===
[2026-08-23T10:24:13.872Z] === Stock checker starting ===
[2026-08-23T10:24:13.888Z] Loaded 6209 products with URLs
[2026-08-23T10:24:13.888Z] Loaded 6209 products with URLs
[2026-08-23T10:24:13.888Z] Loading current stock status from Supabase...
[2026-08-23T10:24:13.888Z] Loading current stock status from Supabase...
[2026-08-23T10:24:14.485Z] Loaded stock status for 6210 DB products
[2026-08-23T10:24:14.485Z] Loaded stock status for 6210 DB products
[2026-08-23T10:24:14.655Z] Establishing browser session...
[2026-08-23T10:24:14.655Z] Establishing browser session...
[2026-08-23T10:24:39.703Z] FATAL: page.goto: Timeout 25000ms exceeded.
Call log:
  - navigating to "https://www.turbocentras.com/", waiting until "domcontentloaded"

[2026-08-23T10:24:39.703Z] FATAL: page.goto: Timeout 25000ms exceeded.
Call log:
  - navigating to "https://www.turbocentras.com/", waiting until "domcontentloaded"

[2026-08-23T10:24:44.082Z] === Stock checker starting ===
[2026-08-23T10:24:44.082Z] === Stock checker starting ===
[2026-08-23T10:24:44.099Z] Loaded 6209 products with URLs
[2026-08-23T10:24:44.099Z] Loaded 6209 products with URLs
[2026-08-23T10:24:44.099Z] Loading current stock status from Supabase...
[2026-08-23T10:24:44.099Z] Loading current stock status from Supabase...
[2026-08-23T10:24:44.767Z] Loaded stock status for 6210 DB products
[2026-08-23T10:24:44.767Z] Loaded stock status for 6210 DB products
[2026-08-23T10:24:44.943Z] Establishing browser session...
[2026-08-23T10:24:44.943Z] Establishing browser session...
[2026-08-23T10:25:09.999Z] FATAL: page.goto: Timeout 25000ms exceeded.
Call log:
  - navigating to "https://www.turbocentras.com/", waiting until "domcontentloaded"

[2026-08-23T10:25:09.999Z] FATAL: page.goto: Timeout 25000ms exceeded.
Call log:
  - navigating to "https://www.turbocentras.com/", waiting until "domcontentloaded"

[2026-08-23T10:25:14.369Z] === Stock checker starting ===
[2026-08-23T10:25:14.369Z] === Stock checker starting ===
[2026-08-23T10:25:14.385Z] Loaded 6209 products with URLs
[2026-08-23T10:25:14.385Z] Loaded 6209 products with URLs
[2026-08-23T10:25:14.385Z] Loading current stock status from Supabase...
[2026-08-23T10:25:14.385Z] Loading current stock status from Supabase...
[2026-08-23T10:25:15.091Z] Loaded stock status for 6210 DB products
[2026-08-23T10:25:15.091Z] Loaded stock status for 6210 DB products
[2026-08-23T10:25:15.254Z] Establishing browser session...
[2026-08-23T10:25:15.254Z] Establishing browser session...
[2026-08-23T10:25:40.300Z] FATAL: page.goto: Timeout 25000ms exceeded.
Call log:
  - navigating to "https://www.turbocentras.com/", waiting until "domcontentloaded"

[2026-08-23T10:25:40.300Z] FATAL: page.goto: Timeout 25000ms exceeded.
Call log:
  - navigating to "https://www.turbocentras.com/", waiting until "domcontentloaded"

[2026-08-23T10:25:44.663Z] === Stock checker starting ===
[2026-08-23T10:25:44.663Z] === Stock checker starting ===
[2026-08-23T10:25:44.680Z] Loaded 6209 products with URLs
[2026-08-23T10:25:44.680Z] Loaded 6209 products with URLs
[2026-08-23T10:25:44.680Z] Loading current stock status from Supabase...
[2026-08-23T10:25:44.680Z] Loading current stock status from Supabase...
[2026-08-23T10:25:45.337Z] Loaded stock status for 6210 DB products
[2026-08-23T10:25:45.337Z] Loaded stock status for 6210 DB products
[2026-08-23T10:25:45.517Z] Establishing browser session...
[2026-08-23T10:25:45.517Z] Establishing browser session...
[2026-08-23T10:26:10.565Z] FATAL: page.goto: Timeout 25000ms exceeded.
Call log:
  - navigating to "https://www.turbocentras.com/", waiting until "domcontentloaded"

[2026-08-23T10:26:10.565Z] FATAL: page.goto: Timeout 25000ms exceeded.
Call log:
  - navigating to "https://www.turbocentras.com/", waiting until "domcontentloaded"

[2026-08-23T10:26:14.931Z] === Stock checker starting ===
[2026-08-23T10:26:14.931Z] === Stock checker starting ===
[2026-08-23T10:26:14.947Z] Loaded 6209 products with URLs
[2026-08-23T10:26:14.947Z] Loaded 6209 products with URLs
[2026-08-23T10:26:14.947Z] Loading current stock status from Supabase...
[2026-08-23T10:26:14.947Z] Loading current stock status from Supabase...
[2026-08-23T10:26:15.487Z] Loaded stock status for 6210 DB products
[2026-08-23T10:26:15.487Z] Loaded stock status for 6210 DB products
[2026-08-23T10:26:15.639Z] Establishing browser session...
[2026-08-23T10:26:15.639Z] Establishing browser session...
[2026-08-23T10:26:40.686Z] FATAL: page.goto: Timeout 25000ms exceeded.
Call log:
  - navigating to "https://www.turbocentras.com/", waiting until "domcontentloaded"

[2026-08-23T10:26:40.686Z] FATAL: page.goto: Timeout 25000ms exceeded.
Call log:
  - navigating to "https://www.turbocentras.com/", waiting until "domcontentloaded"

[2026-08-23T10:26:45.053Z] === Stock checker starting ===
[2026-08-23T10:26:45.053Z] === Stock checker starting ===
[2026-08-23T10:26:45.069Z] Loaded 6209 products with URLs
[2026-08-23T10:26:45.069Z] Loaded 6209 products with URLs
[2026-08-23T10:26:45.069Z] Loading current stock status from Supabase...
[2026-08-23T10:26:45.069Z] Loading current stock status from Supabase...
[2026-08-23T10:26:45.649Z] Loaded stock status for 6210 DB products
[2026-08-23T10:26:45.649Z] Loaded stock status for 6210 DB products
[2026-08-23T10:26:45.807Z] Establishing browser session...
[2026-08-23T10:26:45.807Z] Establishing browser session...
[2026-08-23T10:27:10.854Z] FATAL: page.goto: Timeout 25000ms exceeded.
Call log:
  - navigating to "https://www.turbocentras.com/", waiting until "domcontentloaded"

[2026-08-23T10:27:10.854Z] FATAL: page.goto: Timeout 25000ms exceeded.
Call log:
  - navigating to "https://www.turbocentras.com/", waiting until "domcontentloaded"

[2026-08-23T10:27:15.266Z] === Stock checker starting ===
[2026-08-23T10:27:15.266Z] === Stock checker starting ===
[2026-08-23T10:27:15.285Z] Loaded 6209 products with URLs
[2026-08-23T10:27:15.285Z] Loaded 6209 products with URLs
[2026-08-23T10:27:15.285Z] Loading current stock status from Supabase...
[2026-08-23T10:27:15.285Z] Loading current stock status from Supabase...
[2026-08-23T10:27:15.914Z] Loaded stock status for 6210 DB products
[2026-08-23T10:27:15.914Z] Loaded stock status for 6210 DB products
[2026-08-23T10:27:16.106Z] Establishing browser session...
[2026-08-23T10:27:16.106Z] Establishing browser session...
[2026-08-23T10:27:41.181Z] FATAL: page.goto: Timeout 25000ms exceeded.
Call log:
  - navigating to "https://www.turbocentras.com/", waiting until "domcontentloaded"

[2026-08-23T10:27:41.181Z] FATAL: page.goto: Timeout 25000ms exceeded.
Call log:
  - navigating to "https://www.turbocentras.com/", waiting until "domcontentloaded"

[2026-08-23T10:27:45.565Z] === Stock checker starting ===
[2026-08-23T10:27:45.565Z] === Stock checker starting ===
[2026-08-23T10:27:45.582Z] Loaded 6209 products with URLs
[2026-08-23T10:27:45.582Z] Loaded 6209 products with URLs
[2026-08-23T10:27:45.582Z] Loading current stock status from Supabase...
[2026-08-23T10:27:45.582Z] Loading current stock status from Supabase...
[2026-08-23T10:27:46.414Z] Loaded stock status for 6210 DB products
[2026-08-23T10:27:46.414Z] Loaded stock status for 6210 DB products
[2026-08-23T10:27:46.571Z] Establishing browser session...
[2026-08-23T10:27:46.571Z] Establishing browser session...
[2026-08-23T10:28:11.616Z] FATAL: page.goto: Timeout 25000ms exceeded.
Call log:
  - navigating to "https://www.turbocentras.com/", waiting until "domcontentloaded"

[2026-08-23T10:28:11.616Z] FATAL: page.goto: Timeout 25000ms exceeded.
Call log:
  - navigating to "https://www.turbocentras.com/", waiting until "domcontentloaded"

[2026-08-23T10:28:15.984Z] === Stock checker starting ===
[2026-08-23T10:28:15.984Z] === Stock checker starting ===
[2026-08-23T10:28:16.000Z] Loaded 6209 products with URLs
[2026-08-23T10:28:16.000Z] Loaded 6209 products with URLs
[2026-08-23T10:28:16.000Z] Loading current stock status from Supabase...
[2026-08-23T10:28:16.000Z] Loading current stock status from Supabase...
[2026-08-23T10:28:16.560Z] Loaded stock status for 6210 DB products
[2026-08-23T10:28:16.560Z] Loaded stock status for 6210 DB products
[2026-08-23T10:28:16.737Z] Establishing browser session...
[2026-08-23T10:28:16.737Z] Establishing browser session...
[2026-08-23T10:28:41.784Z] FATAL: page.goto: Timeout 25000ms exceeded.
Call log:
  - navigating to "https://www.turbocentras.com/", waiting until "domcontentloaded"

[2026-08-23T10:28:41.784Z] FATAL: page.goto: Timeout 25000ms exceeded.
Call log:
  - navigating to "https://www.turbocentras.com/", waiting until "domcontentloaded"

[2026-08-23T10:28:46.155Z] === Stock checker starting ===
[2026-08-23T10:28:46.155Z] === Stock checker starting ===
[2026-08-23T10:28:46.171Z] Loaded 6209 products with URLs
[2026-08-23T10:28:46.171Z] Loaded 6209 products with URLs
[2026-08-23T10:28:46.171Z] Loading current stock status from Supabase...
[2026-08-23T10:28:46.171Z] Loading current stock status from Supabase...
[2026-08-23T10:28:46.796Z] Loaded stock status for 6210 DB products
[2026-08-23T10:28:46.796Z] Loaded stock status for 6210 DB products
[2026-08-23T10:28:46.973Z] Establishing browser session...
[2026-08-23T10:28:46.973Z] Establishing browser session...
[2026-08-23T10:29:12.029Z] FATAL: page.goto: Timeout 25000ms exceeded.
Call log:
  - navigating to "https://www.turbocentras.com/", waiting until "domcontentloaded"

[2026-08-23T10:29:12.029Z] FATAL: page.goto: Timeout 25000ms exceeded.
Call log:
  - navigating to "https://www.turbocentras.com/", waiting until "domcontentloaded"

[2026-08-23T10:29:16.396Z] === Stock checker starting ===
[2026-08-23T10:29:16.396Z] === Stock checker starting ===
[2026-08-23T10:29:16.413Z] Loaded 6209 products with URLs
[2026-08-23T10:29:16.413Z] Loaded 6209 products with URLs
[2026-08-23T10:29:16.413Z] Loading current stock status from Supabase...
[2026-08-23T10:29:16.413Z] Loading current stock status from Supabase...
[2026-08-23T10:29:17.176Z] Loaded stock status for 6210 DB products
[2026-08-23T10:29:17.176Z] Loaded stock status for 6210 DB products
[2026-08-23T10:29:17.349Z] Establishing browser session...
[2026-08-23T10:29:17.349Z] Establishing browser session...
[2026-08-23T10:29:42.394Z] FATAL: page.goto: Timeout 25000ms exceeded.
Call log:
  - navigating to "https://www.turbocentras.com/", waiting until "domcontentloaded"

[2026-08-23T10:29:42.394Z] FATAL: page.goto: Timeout 25000ms exceeded.
Call log:
  - navigating to "https://www.turbocentras.com/", waiting until "domcontentloaded"

[2026-08-23T10:29:46.891Z] === Stock checker starting ===
[2026-08-23T10:29:46.891Z] === Stock checker starting ===
[2026-08-23T10:29:46.908Z] Loaded 6209 products with URLs
[2026-08-23T10:29:46.908Z] Loaded 6209 products with URLs
[2026-08-23T10:29:46.908Z] Loading current stock status from Supabase...
[2026-08-23T10:29:46.908Z] Loading current stock status from Supabase...
[2026-08-23T10:29:47.789Z] Loaded stock status for 6210 DB products
[2026-08-23T10:29:47.789Z] Loaded stock status for 6210 DB products
[2026-08-23T10:29:47.971Z] Establishing browser session...
[2026-08-23T10:29:47.971Z] Establishing browser session...
[2026-08-23T10:30:13.027Z] FATAL: page.goto: Timeout 25000ms exceeded.
Call log:
  - navigating to "https://www.turbocentras.com/", waiting until "domcontentloaded"

[2026-08-23T10:30:13.027Z] FATAL: page.goto: Timeout 25000ms exceeded.
Call log:
  - navigating to "https://www.turbocentras.com/", waiting until "domcontentloaded"

[2026-08-23T10:30:17.386Z] === Stock checker starting ===
[2026-08-23T10:30:17.386Z] === Stock checker starting ===
[2026-08-23T10:30:17.403Z] Loaded 6209 products with URLs
[2026-08-23T10:30:17.403Z] Loaded 6209 products with URLs
[2026-08-23T10:30:17.403Z] Loading current stock status from Supabase...
[2026-08-23T10:30:17.403Z] Loading current stock status from Supabase...
[2026-08-23T10:30:18.059Z] Loaded stock status for 6210 DB products
[2026-08-23T10:30:18.059Z] Loaded stock status for 6210 DB products
[2026-08-23T10:30:18.225Z] Establishing browser session...
[2026-08-23T10:30:18.225Z] Establishing browser session...
[2026-08-23T10:30:43.269Z] FATAL: page.goto: Timeout 25000ms exceeded.
Call log:
  - navigating to "https://www.turbocentras.com/", waiting until "domcontentloaded"

[2026-08-23T10:30:43.269Z] FATAL: page.goto: Timeout 25000ms exceeded.
Call log:
  - navigating to "https://www.turbocentras.com/", waiting until "domcontentloaded"

[2026-08-23T10:30:47.646Z] === Stock checker starting ===
[2026-08-23T10:30:47.646Z] === Stock checker starting ===
[2026-08-23T10:30:47.662Z] Loaded 6209 products with URLs
[2026-08-23T10:30:47.662Z] Loaded 6209 products with URLs
[2026-08-23T10:30:47.662Z] Loading current stock status from Supabase...
[2026-08-23T10:30:47.662Z] Loading current stock status from Supabase...
[2026-08-23T10:30:48.496Z] Loaded stock status for 6210 DB products
[2026-08-23T10:30:48.496Z] Loaded stock status for 6210 DB products
[2026-08-23T10:30:48.650Z] Establishing browser session...
[2026-08-23T10:30:48.650Z] Establishing browser session...
[2026-08-23T10:31:13.697Z] FATAL: page.goto: Timeout 25000ms exceeded.
Call log:
  - navigating to "https://www.turbocentras.com/", waiting until "domcontentloaded"

[2026-08-23T10:31:13.697Z] FATAL: page.goto: Timeout 25000ms exceeded.
Call log:
  - navigating to "https://www.turbocentras.com/", waiting until "domcontentloaded"

[2026-08-23T10:31:18.060Z] === Stock checker starting ===
[2026-08-23T10:31:18.060Z] === Stock checker starting ===
[2026-08-23T10:31:18.076Z] Loaded 6209 products with URLs
[2026-08-23T10:31:18.076Z] Loaded 6209 products with URLs
[2026-08-23T10:31:18.076Z] Loading current stock status from Supabase...
[2026-08-23T10:31:18.076Z] Loading current stock status from Supabase...
[2026-08-23T10:31:18.651Z] Loaded stock status for 6210 DB products
[2026-08-23T10:31:18.651Z] Loaded stock status for 6210 DB products
[2026-08-23T10:31:18.808Z] Establishing browser session...
[2026-08-23T10:31:18.808Z] Establishing browser session...
[2026-08-23T10:31:43.854Z] FATAL: page.goto: Timeout 25000ms exceeded.
Call log:
  - navigating to "https://www.turbocentras.com/", waiting until "domcontentloaded"

[2026-08-23T10:31:43.854Z] FATAL: page.goto: Timeout 25000ms exceeded.
Call log:
  - navigating to "https://www.turbocentras.com/", waiting until "domcontentloaded"

[2026-08-23T10:31:48.223Z] === Stock checker starting ===
[2026-08-23T10:31:48.223Z] === Stock checker starting ===
[2026-08-23T10:31:48.239Z] Loaded 6209 products with URLs
[2026-08-23T10:31:48.239Z] Loaded 6209 products with URLs
[2026-08-23T10:31:48.239Z] Loading current stock status from Supabase...
[2026-08-23T10:31:48.239Z] Loading current stock status from Supabase...
[2026-08-23T10:31:48.763Z] Loaded stock status for 6210 DB products
[2026-08-23T10:31:48.763Z] Loaded stock status for 6210 DB products
[2026-08-23T10:31:48.916Z] Establishing browser session...
[2026-08-23T10:31:48.916Z] Establishing browser session...
[2026-08-23T10:32:13.963Z] FATAL: page.goto: Timeout 25000ms exceeded.
Call log:
  - navigating to "https://www.turbocentras.com/", waiting until "domcontentloaded"

[2026-08-23T10:32:13.963Z] FATAL: page.goto: Timeout 25000ms exceeded.
Call log:
  - navigating to "https://www.turbocentras.com/", waiting until "domcontentloaded"

[2026-08-23T10:32:18.340Z] === Stock checker starting ===
[2026-08-23T10:32:18.340Z] === Stock checker starting ===
[2026-08-23T10:32:18.356Z] Loaded 6209 products with URLs
[2026-08-23T10:32:18.356Z] Loaded 6209 products with URLs
[2026-08-23T10:32:18.357Z] Loading current stock status from Supabase...
[2026-08-23T10:32:18.357Z] Loading current stock status from Supabase...
[2026-08-23T10:32:19.443Z] Loaded stock status for 6210 DB products
[2026-08-23T10:32:19.443Z] Loaded stock status for 6210 DB products
[2026-08-23T10:32:19.622Z] Establishing browser session...
[2026-08-23T10:32:19.622Z] Establishing browser session...
[2026-08-23T10:32:44.677Z] FATAL: page.goto: Timeout 25000ms exceeded.
Call log:
  - navigating to "https://www.turbocentras.com/", waiting until "domcontentloaded"

[2026-08-23T10:32:44.677Z] FATAL: page.goto: Timeout 25000ms exceeded.
Call log:
  - navigating to "https://www.turbocentras.com/", waiting until "domcontentloaded"

[2026-08-23T10:32:49.045Z] === Stock checker starting ===
[2026-08-23T10:32:49.045Z] === Stock checker starting ===
[2026-08-23T10:32:49.061Z] Loaded 6209 products with URLs
[2026-08-23T10:32:49.061Z] Loaded 6209 products with URLs
[2026-08-23T10:32:49.061Z] Loading current stock status from Supabase...
[2026-08-23T10:32:49.061Z] Loading current stock status from Supabase...
[2026-08-23T10:32:49.736Z] Loaded stock status for 6210 DB products
[2026-08-23T10:32:49.736Z] Loaded stock status for 6210 DB products
[2026-08-23T10:32:49.892Z] Establishing browser session...
[2026-08-23T10:32:49.892Z] Establishing browser session...
[2026-08-23T10:33:14.943Z] FATAL: page.goto: Timeout 25000ms exceeded.
Call log:
  - navigating to "https://www.turbocentras.com/", waiting until "domcontentloaded"

[2026-08-23T10:33:14.943Z] FATAL: page.goto: Timeout 25000ms exceeded.
Call log:
  - navigating to "https://www.turbocentras.com/", waiting until "domcontentloaded"

[2026-08-23T10:33:19.312Z] === Stock checker starting ===
[2026-08-23T10:33:19.312Z] === Stock checker starting ===
[2026-08-23T10:33:19.328Z] Loaded 6209 products with URLs
[2026-08-23T10:33:19.328Z] Loaded 6209 products with URLs
[2026-08-23T10:33:19.328Z] Loading current stock status from Supabase...
[2026-08-23T10:33:19.328Z] Loading current stock status from Supabase...
[2026-08-23T10:33:19.852Z] Loaded stock status for 6210 DB products
[2026-08-23T10:33:19.852Z] Loaded stock status for 6210 DB products
[2026-08-23T10:33:20.007Z] Establishing browser session...
[2026-08-23T10:33:20.007Z] Establishing browser session...
[2026-08-23T10:33:45.055Z] FATAL: page.goto: Timeout 25000ms exceeded.
Call log:
  - navigating to "https://www.turbocentras.com/", waiting until "domcontentloaded"

[2026-08-23T10:33:45.055Z] FATAL: page.goto: Timeout 25000ms exceeded.
Call log:
  - navigating to "https://www.turbocentras.com/", waiting until "domcontentloaded"

[2026-08-23T10:33:49.416Z] === Stock checker starting ===
[2026-08-23T10:33:49.416Z] === Stock checker starting ===
[2026-08-23T10:33:49.433Z] Loaded 6209 products with URLs
[2026-08-23T10:33:49.433Z] Loaded 6209 products with URLs
[2026-08-23T10:33:49.433Z] Loading current stock status from Supabase...
[2026-08-23T10:33:49.433Z] Loading current stock status from Supabase...
[2026-08-23T10:33:50.091Z] Loaded stock status for 6210 DB products
[2026-08-23T10:33:50.091Z] Loaded stock status for 6210 DB products
[2026-08-23T10:33:50.247Z] Establishing browser session...
[2026-08-23T10:33:50.247Z] Establishing browser session...
[2026-08-23T10:34:15.294Z] FATAL: page.goto: Timeout 25000ms exceeded.
Call log:
  - navigating to "https://www.turbocentras.com/", waiting until "domcontentloaded"

[2026-08-23T10:34:15.294Z] FATAL: page.goto: Timeout 25000ms exceeded.
Call log:
  - navigating to "https://www.turbocentras.com/", waiting until "domcontentloaded"

[2026-08-23T10:34:19.678Z] === Stock checker starting ===
[2026-08-23T10:34:19.678Z] === Stock checker starting ===
[2026-08-23T10:34:19.695Z] Loaded 6209 products with URLs
[2026-08-23T10:34:19.695Z] Loaded 6209 products with URLs
[2026-08-23T10:34:19.695Z] Loading current stock status from Supabase...
[2026-08-23T10:34:19.695Z] Loading current stock status from Supabase...
[2026-08-23T10:34:20.359Z] Loaded stock status for 6210 DB products
[2026-08-23T10:34:20.359Z] Loaded stock status for 6210 DB products
[2026-08-23T10:34:20.539Z] Establishing browser session...
[2026-08-23T10:34:20.539Z] Establishing browser session...
[2026-08-23T10:34:45.594Z] FATAL: page.goto: Timeout 25000ms exceeded.
Call log:
  - navigating to "https://www.turbocentras.com/", waiting until "domcontentloaded"

[2026-08-23T10:34:45.594Z] FATAL: page.goto: Timeout 25000ms exceeded.
Call log:
  - navigating to "https://www.turbocentras.com/", waiting until "domcontentloaded"

[2026-08-23T10:34:50.054Z] === Stock checker starting ===
[2026-08-23T10:34:50.054Z] === Stock checker starting ===
[2026-08-23T10:34:50.071Z] Loaded 6209 products with URLs
[2026-08-23T10:34:50.071Z] Loaded 6209 products with URLs
[2026-08-23T10:34:50.071Z] Loading current stock status from Supabase...
[2026-08-23T10:34:50.071Z] Loading current stock status from Supabase...
[2026-08-23T10:34:50.999Z] Loaded stock status for 6210 DB products
[2026-08-23T10:34:50.999Z] Loaded stock status for 6210 DB products
[2026-08-23T10:34:51.158Z] Establishing browser session...
[2026-08-23T10:34:51.158Z] Establishing browser session...
[2026-08-23T10:35:16.205Z] FATAL: page.goto: Timeout 25000ms exceeded.
Call log:
  - navigating to "https://www.turbocentras.com/", waiting until "domcontentloaded"

[2026-08-23T10:35:16.205Z] FATAL: page.goto: Timeout 25000ms exceeded.
Call log:
  - navigating to "https://www.turbocentras.com/", waiting until "domcontentloaded"

[2026-08-23T10:35:20.567Z] === Stock checker starting ===
[2026-08-23T10:35:20.567Z] === Stock checker starting ===
[2026-08-23T10:35:20.583Z] Loaded 6209 products with URLs
[2026-08-23T10:35:20.583Z] Loaded 6209 products with URLs
[2026-08-23T10:35:20.583Z] Loading current stock status from Supabase...
[2026-08-23T10:35:20.583Z] Loading current stock status from Supabase...
[2026-08-23T10:35:21.142Z] Loaded stock status for 6210 DB products
[2026-08-23T10:35:21.142Z] Loaded stock status for 6210 DB products
[2026-08-23T10:35:21.292Z] Establishing browser session...
[2026-08-23T10:35:21.292Z] Establishing browser session...
[2026-08-23T10:35:46.339Z] FATAL: page.goto: Timeout 25000ms exceeded.
Call log:
  - navigating to "https://www.turbocentras.com/", waiting until "domcontentloaded"

[2026-08-23T10:35:46.339Z] FATAL: page.goto: Timeout 25000ms exceeded.
Call log:
  - navigating to "https://www.turbocentras.com/", waiting until "domcontentloaded"

[2026-08-23T10:35:50.702Z] === Stock checker starting ===
[2026-08-23T10:35:50.702Z] === Stock checker starting ===
[2026-08-23T10:35:50.718Z] Loaded 6209 products with URLs
[2026-08-23T10:35:50.718Z] Loaded 6209 products with URLs
[2026-08-23T10:35:50.718Z] Loading current stock status from Supabase...
[2026-08-23T10:35:50.718Z] Loading current stock status from Supabase...
[2026-08-23T10:35:51.278Z] Loaded stock status for 6210 DB products
[2026-08-23T10:35:51.278Z] Loaded stock status for 6210 DB products
[2026-08-23T10:35:51.439Z] Establishing browser session...
[2026-08-23T10:35:51.439Z] Establishing browser session...
[2026-08-23T10:36:16.484Z] FATAL: page.goto: Timeout 25000ms exceeded.
Call log:
  - navigating to "https://www.turbocentras.com/", waiting until "domcontentloaded"

[2026-08-23T10:36:16.484Z] FATAL: page.goto: Timeout 25000ms exceeded.
Call log:
  - navigating to "https://www.turbocentras.com/", waiting until "domcontentloaded"

[2026-08-23T10:36:20.849Z] === Stock checker starting ===
[2026-08-23T10:36:20.849Z] === Stock checker starting ===
[2026-08-23T10:36:20.865Z] Loaded 6209 products with URLs
[2026-08-23T10:36:20.865Z] Loaded 6209 products with URLs
[2026-08-23T10:36:20.865Z] Loading current stock status from Supabase...
[2026-08-23T10:36:20.865Z] Loading current stock status from Supabase...
[2026-08-23T10:36:21.427Z] Loaded stock status for 6210 DB products
[2026-08-23T10:36:21.427Z] Loaded stock status for 6210 DB products
[2026-08-23T10:36:21.589Z] Establishing browser session...
[2026-08-23T10:36:21.589Z] Establishing browser session...
[2026-08-23T10:36:46.635Z] FATAL: page.goto: Timeout 25000ms exceeded.
Call log:
  - navigating to "https://www.turbocentras.com/", waiting until "domcontentloaded"

[2026-08-23T10:36:46.635Z] FATAL: page.goto: Timeout 25000ms exceeded.
Call log:
  - navigating to "https://www.turbocentras.com/", waiting until "domcontentloaded"

[2026-08-23T10:36:50.999Z] === Stock checker starting ===
[2026-08-23T10:36:50.999Z] === Stock checker starting ===
[2026-08-23T10:36:51.015Z] Loaded 6209 products with URLs
[2026-08-23T10:36:51.015Z] Loaded 6209 products with URLs
[2026-08-23T10:36:51.015Z] Loading current stock status from Supabase...
[2026-08-23T10:36:51.015Z] Loading current stock status from Supabase...
[2026-08-23T10:36:51.684Z] Loaded stock status for 6210 DB products
[2026-08-23T10:36:51.684Z] Loaded stock status for 6210 DB products
[2026-08-23T10:36:51.836Z] Establishing browser session...
[2026-08-23T10:36:51.836Z] Establishing browser session...
[2026-08-23T10:37:16.883Z] FATAL: page.goto: Timeout 25000ms exceeded.
Call log:
  - navigating to "https://www.turbocentras.com/", waiting until "domcontentloaded"

[2026-08-23T10:37:16.883Z] FATAL: page.goto: Timeout 25000ms exceeded.
Call log:
  - navigating to "https://www.turbocentras.com/", waiting until "domcontentloaded"

[2026-08-23T10:37:21.299Z] === Stock checker starting ===
[2026-08-23T10:37:21.299Z] === Stock checker starting ===
[2026-08-23T10:37:21.318Z] Loaded 6209 products with URLs
[2026-08-23T10:37:21.318Z] Loaded 6209 products with URLs
[2026-08-23T10:37:21.319Z] Loading current stock status from Supabase...
[2026-08-23T10:37:21.319Z] Loading current stock status from Supabase...
[2026-08-23T10:37:21.887Z] Loaded stock status for 6210 DB products
[2026-08-23T10:37:21.887Z] Loaded stock status for 6210 DB products
[2026-08-23T10:37:22.056Z] Establishing browser session...
[2026-08-23T10:37:22.056Z] Establishing browser session...
[2026-08-23T10:37:47.118Z] FATAL: page.goto: Timeout 25000ms exceeded.
Call log:
  - navigating to "https://www.turbocentras.com/", waiting until "domcontentloaded"

[2026-08-23T10:37:47.118Z] FATAL: page.goto: Timeout 25000ms exceeded.
Call log:
  - navigating to "https://www.turbocentras.com/", waiting until "domcontentloaded"

[2026-08-23T10:37:51.483Z] === Stock checker starting ===
[2026-08-23T10:37:51.483Z] === Stock checker starting ===
[2026-08-23T10:37:51.499Z] Loaded 6209 products with URLs
[2026-08-23T10:37:51.499Z] Loaded 6209 products with URLs
[2026-08-23T10:37:51.500Z] Loading current stock status from Supabase...
[2026-08-23T10:37:51.500Z] Loading current stock status from Supabase...
[2026-08-23T10:37:52.011Z] Loaded stock status for 6210 DB products
[2026-08-23T10:37:52.011Z] Loaded stock status for 6210 DB products
[2026-08-23T10:37:52.176Z] Establishing browser session...
[2026-08-23T10:37:52.176Z] Establishing browser session...
[2026-08-23T10:38:17.225Z] FATAL: page.goto: Timeout 25000ms exceeded.
Call log:
  - navigating to "https://www.turbocentras.com/", waiting until "domcontentloaded"

[2026-08-23T10:38:17.225Z] FATAL: page.goto: Timeout 25000ms exceeded.
Call log:
  - navigating to "https://www.turbocentras.com/", waiting until "domcontentloaded"

[2026-08-23T10:38:21.609Z] === Stock checker starting ===
[2026-08-23T10:38:21.609Z] === Stock checker starting ===
[2026-08-23T10:38:21.625Z] Loaded 6209 products with URLs
[2026-08-23T10:38:21.625Z] Loaded 6209 products with URLs
[2026-08-23T10:38:21.625Z] Loading current stock status from Supabase...
[2026-08-23T10:38:21.625Z] Loading current stock status from Supabase...
[2026-08-23T10:38:22.345Z] Loaded stock status for 6210 DB products
[2026-08-23T10:38:22.345Z] Loaded stock status for 6210 DB products
[2026-08-23T10:38:22.527Z] Establishing browser session...
[2026-08-23T10:38:22.527Z] Establishing browser session...
[2026-08-23T10:38:47.606Z] FATAL: page.goto: Timeout 25000ms exceeded.
Call log:
  - navigating to "https://www.turbocentras.com/", waiting until "domcontentloaded"

[2026-08-23T10:38:47.606Z] FATAL: page.goto: Timeout 25000ms exceeded.
Call log:
  - navigating to "https://www.turbocentras.com/", waiting until "domcontentloaded"

[2026-08-23T10:38:51.968Z] === Stock checker starting ===
[2026-08-23T10:38:51.968Z] === Stock checker starting ===
[2026-08-23T10:38:51.984Z] Loaded 6209 products with URLs
[2026-08-23T10:38:51.984Z] Loaded 6209 products with URLs
[2026-08-23T10:38:51.984Z] Loading current stock status from Supabase...
[2026-08-23T10:38:51.984Z] Loading current stock status from Supabase...
[2026-08-23T10:38:53.049Z] Loaded stock status for 6210 DB products
[2026-08-23T10:38:53.049Z] Loaded stock status for 6210 DB products
[2026-08-23T10:38:53.231Z] Establishing browser session...
[2026-08-23T10:38:53.231Z] Establishing browser session...
[2026-08-23T10:39:18.276Z] FATAL: page.goto: Timeout 25000ms exceeded.
Call log:
  - navigating to "https://www.turbocentras.com/", waiting until "domcontentloaded"

[2026-08-23T10:39:18.276Z] FATAL: page.goto: Timeout 25000ms exceeded.
Call log:
  - navigating to "https://www.turbocentras.com/", waiting until "domcontentloaded"

[2026-08-23T10:39:22.637Z] === Stock checker starting ===
[2026-08-23T10:39:22.637Z] === Stock checker starting ===
[2026-08-23T10:39:22.653Z] Loaded 6209 products with URLs
[2026-08-23T10:39:22.653Z] Loaded 6209 products with URLs
[2026-08-23T10:39:22.653Z] Loading current stock status from Supabase...
[2026-08-23T10:39:22.653Z] Loading current stock status from Supabase...
[2026-08-23T10:39:23.192Z] Loaded stock status for 6210 DB products
[2026-08-23T10:39:23.192Z] Loaded stock status for 6210 DB products
[2026-08-23T10:39:23.351Z] Establishing browser session...
[2026-08-23T10:39:23.351Z] Establishing browser session...
[2026-08-23T10:39:48.398Z] FATAL: page.goto: Timeout 25000ms exceeded.
Call log:
  - navigating to "https://www.turbocentras.com/", waiting until "domcontentloaded"

[2026-08-23T10:39:48.398Z] FATAL: page.goto: Timeout 25000ms exceeded.
Call log:
  - navigating to "https://www.turbocentras.com/", waiting until "domcontentloaded"

[2026-08-23T10:39:52.771Z] === Stock checker starting ===
[2026-08-23T10:39:52.771Z] === Stock checker starting ===
[2026-08-23T10:39:52.787Z] Loaded 6209 products with URLs
[2026-08-23T10:39:52.787Z] Loaded 6209 products with URLs
[2026-08-23T10:39:52.787Z] Loading current stock status from Supabase...
[2026-08-23T10:39:52.787Z] Loading current stock status from Supabase...
[2026-08-23T10:39:53.334Z] Loaded stock status for 6210 DB products
[2026-08-23T10:39:53.334Z] Loaded stock status for 6210 DB products
[2026-08-23T10:39:53.516Z] Establishing browser session...
[2026-08-23T10:39:53.516Z] Establishing browser session...
[2026-08-23T10:40:18.571Z] FATAL: page.goto: Timeout 25000ms exceeded.
Call log:
  - navigating to "https://www.turbocentras.com/", waiting until "domcontentloaded"

[2026-08-23T10:40:18.571Z] FATAL: page.goto: Timeout 25000ms exceeded.
Call log:
  - navigating to "https://www.turbocentras.com/", waiting until "domcontentloaded"

[2026-08-23T10:40:22.939Z] === Stock checker starting ===
[2026-08-23T10:40:22.939Z] === Stock checker starting ===
[2026-08-23T10:40:22.955Z] Loaded 6209 products with URLs
[2026-08-23T10:40:22.955Z] Loaded 6209 products with URLs
[2026-08-23T10:40:22.955Z] Loading current stock status from Supabase...
[2026-08-23T10:40:22.955Z] Loading current stock status from Supabase...
[2026-08-23T10:40:23.591Z] Loaded stock status for 6210 DB products
[2026-08-23T10:40:23.591Z] Loaded stock status for 6210 DB products
[2026-08-23T10:40:23.746Z] Establishing browser session...
[2026-08-23T10:40:23.746Z] Establishing browser session...
[2026-08-23T10:40:48.794Z] FATAL: page.goto: Timeout 25000ms exceeded.
Call log:
  - navigating to "https://www.turbocentras.com/", waiting until "domcontentloaded"

[2026-08-23T10:40:48.794Z] FATAL: page.goto: Timeout 25000ms exceeded.
Call log:
  - navigating to "https://www.turbocentras.com/", waiting until "domcontentloaded"

[2026-08-23T10:40:53.197Z] === Stock checker starting ===
[2026-08-23T10:40:53.197Z] === Stock checker starting ===
[2026-08-23T10:40:53.217Z] Loaded 6209 products with URLs
[2026-08-23T10:40:53.217Z] Loaded 6209 products with URLs
[2026-08-23T10:40:53.217Z] Loading current stock status from Supabase...
[2026-08-23T10:40:53.217Z] Loading current stock status from Supabase...
[2026-08-23T10:40:53.859Z] Loaded stock status for 6210 DB products
[2026-08-23T10:40:53.859Z] Loaded stock status for 6210 DB products
[2026-08-23T10:40:54.035Z] Establishing browser session...
[2026-08-23T10:40:54.035Z] Establishing browser session...
[2026-08-23T10:41:19.092Z] FATAL: page.goto: Timeout 25000ms exceeded.
Call log:
  - navigating to "https://www.turbocentras.com/", waiting until "domcontentloaded"

[2026-08-23T10:41:19.092Z] FATAL: page.goto: Timeout 25000ms exceeded.
Call log:
  - navigating to "https://www.turbocentras.com/", waiting until "domcontentloaded"

[2026-08-23T10:41:23.494Z] === Stock checker starting ===
[2026-08-23T10:41:23.494Z] === Stock checker starting ===
[2026-08-23T10:41:23.511Z] Loaded 6209 products with URLs
[2026-08-23T10:41:23.511Z] Loaded 6209 products with URLs
[2026-08-23T10:41:23.511Z] Loading current stock status from Supabase...
[2026-08-23T10:41:23.511Z] Loading current stock status from Supabase...
[2026-08-23T10:41:24.077Z] Loaded stock status for 6210 DB products
[2026-08-23T10:41:24.077Z] Loaded stock status for 6210 DB products
[2026-08-23T10:41:24.264Z] Establishing browser session...
[2026-08-23T10:41:24.264Z] Establishing browser session...
[2026-08-23T10:41:49.319Z] FATAL: page.goto: Timeout 25000ms exceeded.
Call log:
  - navigating to "https://www.turbocentras.com/", waiting until "domcontentloaded"

[2026-08-23T10:41:49.319Z] FATAL: page.goto: Timeout 25000ms exceeded.
Call log:
  - navigating to "https://www.turbocentras.com/", waiting until "domcontentloaded"

[2026-08-23T10:41:53.684Z] === Stock checker starting ===
[2026-08-23T10:41:53.684Z] === Stock checker starting ===
[2026-08-23T10:41:53.701Z] Loaded 6209 products with URLs
[2026-08-23T10:41:53.701Z] Loaded 6209 products with URLs
[2026-08-23T10:41:53.701Z] Loading current stock status from Supabase...
[2026-08-23T10:41:53.701Z] Loading current stock status from Supabase...
[2026-08-23T10:41:54.310Z] Loaded stock status for 6210 DB products
[2026-08-23T10:41:54.310Z] Loaded stock status for 6210 DB products
[2026-08-23T10:41:54.473Z] Establishing browser session...
[2026-08-23T10:41:54.473Z] Establishing browser session...
[2026-08-23T10:42:19.520Z] FATAL: page.goto: Timeout 25000ms exceeded.
Call log:
  - navigating to "https://www.turbocentras.com/", waiting until "domcontentloaded"

[2026-08-23T10:42:19.520Z] FATAL: page.goto: Timeout 25000ms exceeded.
Call log:
  - navigating to "https://www.turbocentras.com/", waiting until "domcontentloaded"

[2026-08-23T10:42:23.894Z] === Stock checker starting ===
[2026-08-23T10:42:23.894Z] === Stock checker starting ===
[2026-08-23T10:42:23.911Z] Loaded 6209 products with URLs
[2026-08-23T10:42:23.911Z] Loaded 6209 products with URLs
[2026-08-23T10:42:23.911Z] Loading current stock status from Supabase...
[2026-08-23T10:42:23.911Z] Loading current stock status from Supabase...
[2026-08-23T10:42:24.461Z] Loaded stock status for 6210 DB products
[2026-08-23T10:42:24.461Z] Loaded stock status for 6210 DB products
[2026-08-23T10:42:24.638Z] Establishing browser session...
[2026-08-23T10:42:24.638Z] Establishing browser session...
[2026-08-23T10:42:49.693Z] FATAL: page.goto: Timeout 25000ms exceeded.
Call log:
  - navigating to "https://www.turbocentras.com/", waiting until "domcontentloaded"

[2026-08-23T10:42:49.693Z] FATAL: page.goto: Timeout 25000ms exceeded.
Call log:
  - navigating to "https://www.turbocentras.com/", waiting until "domcontentloaded"

[2026-08-23T10:42:54.054Z] === Stock checker starting ===
[2026-08-23T10:42:54.054Z] === Stock checker starting ===
[2026-08-23T10:42:54.071Z] Loaded 6209 products with URLs
[2026-08-23T10:42:54.071Z] Loaded 6209 products with URLs
[2026-08-23T10:42:54.071Z] Loading current stock status from Supabase...
[2026-08-23T10:42:54.071Z] Loading current stock status from Supabase...
[2026-08-23T10:42:55.289Z] Loaded stock status for 6210 DB products
[2026-08-23T10:42:55.289Z] Loaded stock status for 6210 DB products
[2026-08-23T10:42:55.454Z] Establishing browser session...
[2026-08-23T10:42:55.454Z] Establishing browser session...
[2026-08-23T10:43:20.500Z] FATAL: page.goto: Timeout 25000ms exceeded.
Call log:
  - navigating to "https://www.turbocentras.com/", waiting until "domcontentloaded"

[2026-08-23T10:43:20.500Z] FATAL: page.goto: Timeout 25000ms exceeded.
Call log:
  - navigating to "https://www.turbocentras.com/", waiting until "domcontentloaded"

[2026-08-23T10:43:24.857Z] === Stock checker starting ===
[2026-08-23T10:43:24.857Z] === Stock checker starting ===
[2026-08-23T10:43:24.873Z] Loaded 6209 products with URLs
[2026-08-23T10:43:24.873Z] Loaded 6209 products with URLs
[2026-08-23T10:43:24.873Z] Loading current stock status from Supabase...
[2026-08-23T10:43:24.873Z] Loading current stock status from Supabase...
[2026-08-23T10:43:25.476Z] Loaded stock status for 6210 DB products
[2026-08-23T10:43:25.476Z] Loaded stock status for 6210 DB products
[2026-08-23T10:43:25.632Z] Establishing browser session...
[2026-08-23T10:43:25.632Z] Establishing browser session...
[2026-08-23T10:43:50.678Z] FATAL: page.goto: Timeout 25000ms exceeded.
Call log:
  - navigating to "https://www.turbocentras.com/", waiting until "domcontentloaded"

[2026-08-23T10:43:50.678Z] FATAL: page.goto: Timeout 25000ms exceeded.
Call log:
  - navigating to "https://www.turbocentras.com/", waiting until "domcontentloaded"

[2026-08-23T10:43:55.040Z] === Stock checker starting ===
[2026-08-23T10:43:55.040Z] === Stock checker starting ===
[2026-08-23T10:43:55.056Z] Loaded 6209 products with URLs
[2026-08-23T10:43:55.056Z] Loaded 6209 products with URLs
[2026-08-23T10:43:55.057Z] Loading current stock status from Supabase...
[2026-08-23T10:43:55.057Z] Loading current stock status from Supabase...
[2026-08-23T10:43:55.636Z] Loaded stock status for 6210 DB products
[2026-08-23T10:43:55.636Z] Loaded stock status for 6210 DB products
[2026-08-23T10:43:55.792Z] Establishing browser session...
[2026-08-23T10:43:55.792Z] Establishing browser session...
[2026-08-23T10:44:20.837Z] FATAL: page.goto: Timeout 25000ms exceeded.
Call log:
  - navigating to "https://www.turbocentras.com/", waiting until "domcontentloaded"

[2026-08-23T10:44:20.837Z] FATAL: page.goto: Timeout 25000ms exceeded.
Call log:
  - navigating to "https://www.turbocentras.com/", waiting until "domcontentloaded"

[2026-08-23T10:44:25.380Z] === Stock checker starting ===
[2026-08-23T10:44:25.380Z] === Stock checker starting ===
[2026-08-23T10:44:25.399Z] Loaded 6209 products with URLs
[2026-08-23T10:44:25.399Z] Loaded 6209 products with URLs
[2026-08-23T10:44:25.399Z] Loading current stock status from Supabase...
[2026-08-23T10:44:25.399Z] Loading current stock status from Supabase...
[2026-08-23T10:44:26.013Z] Loaded stock status for 6210 DB products
[2026-08-23T10:44:26.013Z] Loaded stock status for 6210 DB products
[2026-08-23T10:44:26.186Z] Establishing browser session...
[2026-08-23T10:44:26.186Z] Establishing browser session...
[2026-08-23T10:44:51.244Z] FATAL: page.goto: Timeout 25000ms exceeded.
Call log:
  - navigating to "https://www.turbocentras.com/", waiting until "domcontentloaded"

[2026-08-23T10:44:51.244Z] FATAL: page.goto: Timeout 25000ms exceeded.
Call log:
  - navigating to "https://www.turbocentras.com/", waiting until "domcontentloaded"

[2026-08-23T10:44:55.612Z] === Stock checker starting ===
[2026-08-23T10:44:55.612Z] === Stock checker starting ===
[2026-08-23T10:44:55.629Z] Loaded 6209 products with URLs
[2026-08-23T10:44:55.629Z] Loaded 6209 products with URLs
[2026-08-23T10:44:55.629Z] Loading current stock status from Supabase...
[2026-08-23T10:44:55.629Z] Loading current stock status from Supabase...
[2026-08-23T10:44:56.256Z] Loaded stock status for 6210 DB products
[2026-08-23T10:44:56.256Z] Loaded stock status for 6210 DB products
[2026-08-23T10:44:56.413Z] Establishing browser session...
[2026-08-23T10:44:56.413Z] Establishing browser session...
[2026-08-23T10:45:21.460Z] FATAL: page.goto: Timeout 25000ms exceeded.
Call log:
  - navigating to "https://www.turbocentras.com/", waiting until "domcontentloaded"

[2026-08-23T10:45:21.460Z] FATAL: page.goto: Timeout 25000ms exceeded.
Call log:
  - navigating to "https://www.turbocentras.com/", waiting until "domcontentloaded"

[2026-08-23T10:45:25.869Z] === Stock checker starting ===
[2026-08-23T10:45:25.869Z] === Stock checker starting ===
[2026-08-23T10:45:25.888Z] Loaded 6209 products with URLs
[2026-08-23T10:45:25.888Z] Loaded 6209 products with URLs
[2026-08-23T10:45:25.888Z] Loading current stock status from Supabase...
[2026-08-23T10:45:25.888Z] Loading current stock status from Supabase...
[2026-08-23T10:45:26.424Z] Loaded stock status for 6210 DB products
[2026-08-23T10:45:26.424Z] Loaded stock status for 6210 DB products
[2026-08-23T10:45:26.602Z] Establishing browser session...
[2026-08-23T10:45:26.602Z] Establishing browser session...
[2026-08-23T10:45:51.658Z] FATAL: page.goto: Timeout 25000ms exceeded.
Call log:
  - navigating to "https://www.turbocentras.com/", waiting until "domcontentloaded"

[2026-08-23T10:45:51.658Z] FATAL: page.goto: Timeout 25000ms exceeded.
Call log:
  - navigating to "https://www.turbocentras.com/", waiting until "domcontentloaded"

[2026-08-23T10:45:56.031Z] === Stock checker starting ===
[2026-08-23T10:45:56.031Z] === Stock checker starting ===
[2026-08-23T10:45:56.047Z] Loaded 6209 products with URLs
[2026-08-23T10:45:56.047Z] Loaded 6209 products with URLs
[2026-08-23T10:45:56.047Z] Loading current stock status from Supabase...
[2026-08-23T10:45:56.047Z] Loading current stock status from Supabase...
[2026-08-23T10:45:56.649Z] Loaded stock status for 6210 DB products
[2026-08-23T10:45:56.649Z] Loaded stock status for 6210 DB products
[2026-08-23T10:45:56.820Z] Establishing browser session...
[2026-08-23T10:45:56.820Z] Establishing browser session...
[2026-08-23T10:46:21.865Z] FATAL: page.goto: Timeout 25000ms exceeded.
Call log:
  - navigating to "https://www.turbocentras.com/", waiting until "domcontentloaded"

[2026-08-23T10:46:21.865Z] FATAL: page.goto: Timeout 25000ms exceeded.
Call log:
  - navigating to "https://www.turbocentras.com/", waiting until "domcontentloaded"

[2026-08-23T10:46:26.287Z] === Stock checker starting ===
[2026-08-23T10:46:26.287Z] === Stock checker starting ===
[2026-08-23T10:46:26.307Z] Loaded 6209 products with URLs
[2026-08-23T10:46:26.307Z] Loaded 6209 products with URLs
[2026-08-23T10:46:26.308Z] Loading current stock status from Supabase...
[2026-08-23T10:46:26.308Z] Loading current stock status from Supabase...
[2026-08-23T10:46:26.880Z] Loaded stock status for 6210 DB products
[2026-08-23T10:46:26.880Z] Loaded stock status for 6210 DB products
[2026-08-23T10:46:27.066Z] Establishing browser session...
[2026-08-23T10:46:27.066Z] Establishing browser session...
[2026-08-23T10:46:52.122Z] FATAL: page.goto: Timeout 25000ms exceeded.
Call log:
  - navigating to "https://www.turbocentras.com/", waiting until "domcontentloaded"

[2026-08-23T10:46:52.122Z] FATAL: page.goto: Timeout 25000ms exceeded.
Call log:
  - navigating to "https://www.turbocentras.com/", waiting until "domcontentloaded"

[2026-08-23T10:46:56.483Z] === Stock checker starting ===
[2026-08-23T10:46:56.483Z] === Stock checker starting ===
[2026-08-23T10:46:56.499Z] Loaded 6209 products with URLs
[2026-08-23T10:46:56.499Z] Loaded 6209 products with URLs
[2026-08-23T10:46:56.499Z] Loading current stock status from Supabase...
[2026-08-23T10:46:56.499Z] Loading current stock status from Supabase...
[2026-08-23T10:46:57.120Z] Loaded stock status for 6210 DB products
[2026-08-23T10:46:57.120Z] Loaded stock status for 6210 DB products
[2026-08-23T10:46:57.285Z] Establishing browser session...
[2026-08-23T10:46:57.285Z] Establishing browser session...
[2026-08-23T10:47:22.332Z] FATAL: page.goto: Timeout 25000ms exceeded.
Call log:
  - navigating to "https://www.turbocentras.com/", waiting until "domcontentloaded"

[2026-08-23T10:47:22.332Z] FATAL: page.goto: Timeout 25000ms exceeded.
Call log:
  - navigating to "https://www.turbocentras.com/", waiting until "domcontentloaded"

[2026-08-23T10:47:26.710Z] === Stock checker starting ===
[2026-08-23T10:47:26.710Z] === Stock checker starting ===
[2026-08-23T10:47:26.726Z] Loaded 6209 products with URLs
[2026-08-23T10:47:26.726Z] Loaded 6209 products with URLs
[2026-08-23T10:47:26.726Z] Loading current stock status from Supabase...
[2026-08-23T10:47:26.726Z] Loading current stock status from Supabase...
[2026-08-23T10:47:27.246Z] Loaded stock status for 6210 DB products
[2026-08-23T10:47:27.246Z] Loaded stock status for 6210 DB products
[2026-08-23T10:47:27.413Z] Establishing browser session...
[2026-08-23T10:47:27.413Z] Establishing browser session...
[2026-08-23T10:47:52.459Z] FATAL: page.goto: Timeout 25000ms exceeded.
Call log:
  - navigating to "https://www.turbocentras.com/", waiting until "domcontentloaded"

[2026-08-23T10:47:52.459Z] FATAL: page.goto: Timeout 25000ms exceeded.
Call log:
  - navigating to "https://www.turbocentras.com/", waiting until "domcontentloaded"

[2026-08-23T10:47:56.830Z] === Stock checker starting ===
[2026-08-23T10:47:56.830Z] === Stock checker starting ===
[2026-08-23T10:47:56.846Z] Loaded 6209 products with URLs
[2026-08-23T10:47:56.846Z] Loaded 6209 products with URLs
[2026-08-23T10:47:56.847Z] Loading current stock status from Supabase...
[2026-08-23T10:47:56.847Z] Loading current stock status from Supabase...
[2026-08-23T10:47:57.432Z] Loaded stock status for 6210 DB products
[2026-08-23T10:47:57.432Z] Loaded stock status for 6210 DB products
[2026-08-23T10:47:57.592Z] Establishing browser session...
[2026-08-23T10:47:57.592Z] Establishing browser session...
[2026-08-23T10:48:22.680Z] FATAL: page.goto: Timeout 25000ms exceeded.
Call log:
  - navigating to "https://www.turbocentras.com/", waiting until "domcontentloaded"

[2026-08-23T10:48:22.680Z] FATAL: page.goto: Timeout 25000ms exceeded.
Call log:
  - navigating to "https://www.turbocentras.com/", waiting until "domcontentloaded"

[2026-08-23T10:48:27.073Z] === Stock checker starting ===
[2026-08-23T10:48:27.073Z] === Stock checker starting ===
[2026-08-23T10:48:27.089Z] Loaded 6209 products with URLs
[2026-08-23T10:48:27.089Z] Loaded 6209 products with URLs
[2026-08-23T10:48:27.089Z] Loading current stock status from Supabase...
[2026-08-23T10:48:27.089Z] Loading current stock status from Supabase...
[2026-08-23T10:48:27.857Z] Loaded stock status for 6210 DB products
[2026-08-23T10:48:27.857Z] Loaded stock status for 6210 DB products
[2026-08-23T10:48:28.025Z] Establishing browser session...
[2026-08-23T10:48:28.025Z] Establishing browser session...
[2026-08-23T10:48:53.084Z] FATAL: page.goto: Timeout 25000ms exceeded.
Call log:
  - navigating to "https://www.turbocentras.com/", waiting until "domcontentloaded"

[2026-08-23T10:48:53.084Z] FATAL: page.goto: Timeout 25000ms exceeded.
Call log:
  - navigating to "https://www.turbocentras.com/", waiting until "domcontentloaded"

[2026-08-23T10:48:57.450Z] === Stock checker starting ===
[2026-08-23T10:48:57.450Z] === Stock checker starting ===
[2026-08-23T10:48:57.466Z] Loaded 6209 products with URLs
[2026-08-23T10:48:57.466Z] Loaded 6209 products with URLs
[2026-08-23T10:48:57.466Z] Loading current stock status from Supabase...
[2026-08-23T10:48:57.466Z] Loading current stock status from Supabase...
[2026-08-23T10:48:58.174Z] Loaded stock status for 6210 DB products
[2026-08-23T10:48:58.174Z] Loaded stock status for 6210 DB products
[2026-08-23T10:48:58.335Z] Establishing browser session...
[2026-08-23T10:48:58.335Z] Establishing browser session...
[2026-08-23T10:49:23.380Z] FATAL: page.goto: Timeout 25000ms exceeded.
Call log:
  - navigating to "https://www.turbocentras.com/", waiting until "domcontentloaded"

[2026-08-23T10:49:23.380Z] FATAL: page.goto: Timeout 25000ms exceeded.
Call log:
  - navigating to "https://www.turbocentras.com/", waiting until "domcontentloaded"

[2026-08-23T10:49:27.746Z] === Stock checker starting ===
[2026-08-23T10:49:27.746Z] === Stock checker starting ===
[2026-08-23T10:49:27.763Z] Loaded 6209 products with URLs
[2026-08-23T10:49:27.763Z] Loaded 6209 products with URLs
[2026-08-23T10:49:27.763Z] Loading current stock status from Supabase...
[2026-08-23T10:49:27.763Z] Loading current stock status from Supabase...
[2026-08-23T10:49:28.300Z] Loaded stock status for 6210 DB products
[2026-08-23T10:49:28.300Z] Loaded stock status for 6210 DB products
[2026-08-23T10:49:28.468Z] Establishing browser session...
[2026-08-23T10:49:28.468Z] Establishing browser session...
[2026-08-23T10:49:53.513Z] FATAL: page.goto: Timeout 25000ms exceeded.
Call log:
  - navigating to "https://www.turbocentras.com/", waiting until "domcontentloaded"

[2026-08-23T10:49:53.513Z] FATAL: page.goto: Timeout 25000ms exceeded.
Call log:
  - navigating to "https://www.turbocentras.com/", waiting until "domcontentloaded"

[2026-08-23T10:49:57.875Z] === Stock checker starting ===
[2026-08-23T10:49:57.875Z] === Stock checker starting ===
[2026-08-23T10:49:57.891Z] Loaded 6209 products with URLs
[2026-08-23T10:49:57.891Z] Loaded 6209 products with URLs
[2026-08-23T10:49:57.891Z] Loading current stock status from Supabase...
[2026-08-23T10:49:57.891Z] Loading current stock status from Supabase...
[2026-08-23T10:49:58.493Z] Loaded stock status for 6210 DB products
[2026-08-23T10:49:58.493Z] Loaded stock status for 6210 DB products
[2026-08-23T10:49:58.656Z] Establishing browser session...
[2026-08-23T10:49:58.656Z] Establishing browser session...
[2026-08-23T10:50:23.702Z] FATAL: page.goto: Timeout 25000ms exceeded.
Call log:
  - navigating to "https://www.turbocentras.com/", waiting until "domcontentloaded"

[2026-08-23T10:50:23.702Z] FATAL: page.goto: Timeout 25000ms exceeded.
Call log:
  - navigating to "https://www.turbocentras.com/", waiting until "domcontentloaded"

[2026-08-23T10:50:28.114Z] === Stock checker starting ===
[2026-08-23T10:50:28.114Z] === Stock checker starting ===
[2026-08-23T10:50:28.134Z] Loaded 6209 products with URLs
[2026-08-23T10:50:28.134Z] Loaded 6209 products with URLs
[2026-08-23T10:50:28.134Z] Loading current stock status from Supabase...
[2026-08-23T10:50:28.134Z] Loading current stock status from Supabase...
[2026-08-23T10:50:28.693Z] Loaded stock status for 6210 DB products
[2026-08-23T10:50:28.693Z] Loaded stock status for 6210 DB products
[2026-08-23T10:50:28.879Z] Establishing browser session...
[2026-08-23T10:50:28.879Z] Establishing browser session...
[2026-08-23T10:50:53.935Z] FATAL: page.goto: Timeout 25000ms exceeded.
Call log:
  - navigating to "https://www.turbocentras.com/", waiting until "domcontentloaded"

[2026-08-23T10:50:53.935Z] FATAL: page.goto: Timeout 25000ms exceeded.
Call log:
  - navigating to "https://www.turbocentras.com/", waiting until "domcontentloaded"

[2026-08-23T10:50:58.344Z] === Stock checker starting ===
[2026-08-23T10:50:58.344Z] === Stock checker starting ===
[2026-08-23T10:50:58.363Z] Loaded 6209 products with URLs
[2026-08-23T10:50:58.363Z] Loaded 6209 products with URLs
[2026-08-23T10:50:58.363Z] Loading current stock status from Supabase...
[2026-08-23T10:50:58.363Z] Loading current stock status from Supabase...
[2026-08-23T10:50:58.953Z] Loaded stock status for 6210 DB products
[2026-08-23T10:50:58.953Z] Loaded stock status for 6210 DB products
[2026-08-23T10:50:59.131Z] Establishing browser session...
[2026-08-23T10:50:59.131Z] Establishing browser session...
[2026-08-23T10:51:24.178Z] FATAL: page.goto: Timeout 25000ms exceeded.
Call log:
  - navigating to "https://www.turbocentras.com/", waiting until "domcontentloaded"

[2026-08-23T10:51:24.178Z] FATAL: page.goto: Timeout 25000ms exceeded.
Call log:
  - navigating to "https://www.turbocentras.com/", waiting until "domcontentloaded"

[2026-08-23T10:51:28.602Z] === Stock checker starting ===
[2026-08-23T10:51:28.602Z] === Stock checker starting ===
[2026-08-23T10:51:28.621Z] Loaded 6209 products with URLs
[2026-08-23T10:51:28.621Z] Loaded 6209 products with URLs
[2026-08-23T10:51:28.622Z] Loading current stock status from Supabase...
[2026-08-23T10:51:28.622Z] Loading current stock status from Supabase...
[2026-08-23T10:51:29.200Z] Loaded stock status for 6210 DB products
[2026-08-23T10:51:29.200Z] Loaded stock status for 6210 DB products
[2026-08-23T10:51:29.374Z] Establishing browser session...
[2026-08-23T10:51:29.374Z] Establishing browser session...
[2026-08-23T10:51:54.431Z] FATAL: page.goto: Timeout 25000ms exceeded.
Call log:
  - navigating to "https://www.turbocentras.com/", waiting until "domcontentloaded"

[2026-08-23T10:51:54.431Z] FATAL: page.goto: Timeout 25000ms exceeded.
Call log:
  - navigating to "https://www.turbocentras.com/", waiting until "domcontentloaded"

[2026-08-23T10:51:58.800Z] === Stock checker starting ===
[2026-08-23T10:51:58.800Z] === Stock checker starting ===
[2026-08-23T10:51:58.816Z] Loaded 6209 products with URLs
[2026-08-23T10:51:58.816Z] Loaded 6209 products with URLs
[2026-08-23T10:51:58.816Z] Loading current stock status from Supabase...
[2026-08-23T10:51:58.816Z] Loading current stock status from Supabase...
[2026-08-23T10:51:59.941Z] Loaded stock status for 6210 DB products
[2026-08-23T10:51:59.941Z] Loaded stock status for 6210 DB products
[2026-08-23T10:52:00.097Z] Establishing browser session...
[2026-08-23T10:52:00.097Z] Establishing browser session...
[2026-08-23T10:52:25.144Z] FATAL: page.goto: Timeout 25000ms exceeded.
Call log:
  - navigating to "https://www.turbocentras.com/", waiting until "domcontentloaded"

[2026-08-23T10:52:25.144Z] FATAL: page.goto: Timeout 25000ms exceeded.
Call log:
  - navigating to "https://www.turbocentras.com/", waiting until "domcontentloaded"

[2026-08-23T10:52:29.503Z] === Stock checker starting ===
[2026-08-23T10:52:29.503Z] === Stock checker starting ===
[2026-08-23T10:52:29.519Z] Loaded 6209 products with URLs
[2026-08-23T10:52:29.519Z] Loaded 6209 products with URLs
[2026-08-23T10:52:29.519Z] Loading current stock status from Supabase...
[2026-08-23T10:52:29.519Z] Loading current stock status from Supabase...
[2026-08-23T10:52:30.154Z] Loaded stock status for 6210 DB products
[2026-08-23T10:52:30.154Z] Loaded stock status for 6210 DB products
[2026-08-23T10:52:30.313Z] Establishing browser session...
[2026-08-23T10:52:30.313Z] Establishing browser session...
[2026-08-23T10:52:55.360Z] FATAL: page.goto: Timeout 25000ms exceeded.
Call log:
  - navigating to "https://www.turbocentras.com/", waiting until "domcontentloaded"

[2026-08-23T10:52:55.360Z] FATAL: page.goto: Timeout 25000ms exceeded.
Call log:
  - navigating to "https://www.turbocentras.com/", waiting until "domcontentloaded"

[2026-08-23T10:52:59.727Z] === Stock checker starting ===
[2026-08-23T10:52:59.727Z] === Stock checker starting ===
[2026-08-23T10:52:59.744Z] Loaded 6209 products with URLs
[2026-08-23T10:52:59.744Z] Loaded 6209 products with URLs
[2026-08-23T10:52:59.744Z] Loading current stock status from Supabase...
[2026-08-23T10:52:59.744Z] Loading current stock status from Supabase...
[2026-08-23T10:53:00.547Z] Loaded stock status for 6210 DB products
[2026-08-23T10:53:00.547Z] Loaded stock status for 6210 DB products
[2026-08-23T10:53:00.696Z] Establishing browser session...
[2026-08-23T10:53:00.696Z] Establishing browser session...
[2026-08-23T10:53:25.744Z] FATAL: page.goto: Timeout 25000ms exceeded.
Call log:
  - navigating to "https://www.turbocentras.com/", waiting until "domcontentloaded"

[2026-08-23T10:53:25.744Z] FATAL: page.goto: Timeout 25000ms exceeded.
Call log:
  - navigating to "https://www.turbocentras.com/", waiting until "domcontentloaded"

[2026-08-23T10:53:30.106Z] === Stock checker starting ===
[2026-08-23T10:53:30.106Z] === Stock checker starting ===
[2026-08-23T10:53:30.122Z] Loaded 6209 products with URLs
[2026-08-23T10:53:30.122Z] Loaded 6209 products with URLs
[2026-08-23T10:53:30.122Z] Loading current stock status from Supabase...
[2026-08-23T10:53:30.122Z] Loading current stock status from Supabase...
[2026-08-23T10:53:30.662Z] Loaded stock status for 6210 DB products
[2026-08-23T10:53:30.662Z] Loaded stock status for 6210 DB products
[2026-08-23T10:53:30.822Z] Establishing browser session...
[2026-08-23T10:53:30.822Z] Establishing browser session...
[2026-08-23T10:53:55.870Z] FATAL: page.goto: Timeout 25000ms exceeded.
Call log:
  - navigating to "https://www.turbocentras.com/", waiting until "domcontentloaded"

[2026-08-23T10:53:55.870Z] FATAL: page.goto: Timeout 25000ms exceeded.
Call log:
  - navigating to "https://www.turbocentras.com/", waiting until "domcontentloaded"

[2026-08-23T10:54:00.233Z] === Stock checker starting ===
[2026-08-23T10:54:00.233Z] === Stock checker starting ===
[2026-08-23T10:54:00.249Z] Loaded 6209 products with URLs
[2026-08-23T10:54:00.249Z] Loaded 6209 products with URLs
[2026-08-23T10:54:00.249Z] Loading current stock status from Supabase...
[2026-08-23T10:54:00.249Z] Loading current stock status from Supabase...
[2026-08-23T10:54:00.780Z] Loaded stock status for 6210 DB products
[2026-08-23T10:54:00.780Z] Loaded stock status for 6210 DB products
[2026-08-23T10:54:00.948Z] Establishing browser session...
[2026-08-23T10:54:00.948Z] Establishing browser session...
[2026-08-23T10:54:25.996Z] FATAL: page.goto: Timeout 25000ms exceeded.
Call log:
  - navigating to "https://www.turbocentras.com/", waiting until "domcontentloaded"

[2026-08-23T10:54:25.996Z] FATAL: page.goto: Timeout 25000ms exceeded.
Call log:
  - navigating to "https://www.turbocentras.com/", waiting until "domcontentloaded"

[2026-08-23T10:54:30.383Z] === Stock checker starting ===
[2026-08-23T10:54:30.383Z] === Stock checker starting ===
[2026-08-23T10:54:30.399Z] Loaded 6209 products with URLs
[2026-08-23T10:54:30.399Z] Loaded 6209 products with URLs
[2026-08-23T10:54:30.399Z] Loading current stock status from Supabase...
[2026-08-23T10:54:30.399Z] Loading current stock status from Supabase...
[2026-08-23T10:54:31.012Z] Loaded stock status for 6210 DB products
[2026-08-23T10:54:31.012Z] Loaded stock status for 6210 DB products
[2026-08-23T10:54:31.200Z] Establishing browser session...
[2026-08-23T10:54:31.200Z] Establishing browser session...
[2026-08-23T10:54:56.254Z] FATAL: page.goto: Timeout 25000ms exceeded.
Call log:
  - navigating to "https://www.turbocentras.com/", waiting until "domcontentloaded"

[2026-08-23T10:54:56.254Z] FATAL: page.goto: Timeout 25000ms exceeded.
Call log:
  - navigating to "https://www.turbocentras.com/", waiting until "domcontentloaded"

[2026-08-23T10:55:00.623Z] === Stock checker starting ===
[2026-08-23T10:55:00.623Z] === Stock checker starting ===
[2026-08-23T10:55:00.639Z] Loaded 6209 products with URLs
[2026-08-23T10:55:00.639Z] Loaded 6209 products with URLs
[2026-08-23T10:55:00.639Z] Loading current stock status from Supabase...
[2026-08-23T10:55:00.639Z] Loading current stock status from Supabase...
[2026-08-23T10:55:01.233Z] Loaded stock status for 6210 DB products
[2026-08-23T10:55:01.233Z] Loaded stock status for 6210 DB products
[2026-08-23T10:55:01.396Z] Establishing browser session...
[2026-08-23T10:55:01.396Z] Establishing browser session...
[2026-08-23T10:55:26.443Z] FATAL: page.goto: Timeout 25000ms exceeded.
Call log:
  - navigating to "https://www.turbocentras.com/", waiting until "domcontentloaded"

[2026-08-23T10:55:26.443Z] FATAL: page.goto: Timeout 25000ms exceeded.
Call log:
  - navigating to "https://www.turbocentras.com/", waiting until "domcontentloaded"

[2026-08-23T10:55:30.821Z] === Stock checker starting ===
[2026-08-23T10:55:30.821Z] === Stock checker starting ===
[2026-08-23T10:55:30.837Z] Loaded 6209 products with URLs
[2026-08-23T10:55:30.837Z] Loaded 6209 products with URLs
[2026-08-23T10:55:30.837Z] Loading current stock status from Supabase...
[2026-08-23T10:55:30.837Z] Loading current stock status from Supabase...
[2026-08-23T10:55:31.530Z] Loaded stock status for 6210 DB products
[2026-08-23T10:55:31.530Z] Loaded stock status for 6210 DB products
[2026-08-23T10:55:31.697Z] Establishing browser session...
[2026-08-23T10:55:31.697Z] Establishing browser session...
[2026-08-23T10:55:56.752Z] FATAL: page.goto: Timeout 25000ms exceeded.
Call log:
  - navigating to "https://www.turbocentras.com/", waiting until "domcontentloaded"

[2026-08-23T10:55:56.752Z] FATAL: page.goto: Timeout 25000ms exceeded.
Call log:
  - navigating to "https://www.turbocentras.com/", waiting until "domcontentloaded"

[2026-08-23T10:56:01.112Z] === Stock checker starting ===
[2026-08-23T10:56:01.112Z] === Stock checker starting ===
[2026-08-23T10:56:01.128Z] Loaded 6209 products with URLs
[2026-08-23T10:56:01.128Z] Loaded 6209 products with URLs
[2026-08-23T10:56:01.128Z] Loading current stock status from Supabase...
[2026-08-23T10:56:01.128Z] Loading current stock status from Supabase...
[2026-08-23T10:56:02.111Z] Loaded stock status for 6210 DB products
[2026-08-23T10:56:02.111Z] Loaded stock status for 6210 DB products
[2026-08-23T10:56:02.270Z] Establishing browser session...
[2026-08-23T10:56:02.270Z] Establishing browser session...
[2026-08-23T10:56:27.317Z] FATAL: page.goto: Timeout 25000ms exceeded.
Call log:
  - navigating to "https://www.turbocentras.com/", waiting until "domcontentloaded"

[2026-08-23T10:56:27.317Z] FATAL: page.goto: Timeout 25000ms exceeded.
Call log:
  - navigating to "https://www.turbocentras.com/", waiting until "domcontentloaded"

[2026-08-23T10:56:31.718Z] === Stock checker starting ===
[2026-08-23T10:56:31.718Z] === Stock checker starting ===
[2026-08-23T10:56:31.738Z] Loaded 6209 products with URLs
[2026-08-23T10:56:31.738Z] Loaded 6209 products with URLs
[2026-08-23T10:56:31.738Z] Loading current stock status from Supabase...
[2026-08-23T10:56:31.738Z] Loading current stock status from Supabase...
[2026-08-23T10:56:32.278Z] Loaded stock status for 6210 DB products
[2026-08-23T10:56:32.278Z] Loaded stock status for 6210 DB products
[2026-08-23T10:56:32.451Z] Establishing browser session...
[2026-08-23T10:56:32.451Z] Establishing browser session...
[2026-08-23T10:56:57.506Z] FATAL: page.goto: Timeout 25000ms exceeded.
Call log:
  - navigating to "https://www.turbocentras.com/", waiting until "domcontentloaded"

[2026-08-23T10:56:57.506Z] FATAL: page.goto: Timeout 25000ms exceeded.
Call log:
  - navigating to "https://www.turbocentras.com/", waiting until "domcontentloaded"

[2026-08-23T10:57:01.864Z] === Stock checker starting ===
[2026-08-23T10:57:01.864Z] === Stock checker starting ===
[2026-08-23T10:57:01.880Z] Loaded 6209 products with URLs
[2026-08-23T10:57:01.880Z] Loaded 6209 products with URLs
[2026-08-23T10:57:01.880Z] Loading current stock status from Supabase...
[2026-08-23T10:57:01.880Z] Loading current stock status from Supabase...
[2026-08-23T10:57:02.536Z] Loaded stock status for 6210 DB products
[2026-08-23T10:57:02.536Z] Loaded stock status for 6210 DB products
[2026-08-23T10:57:02.701Z] Establishing browser session...
[2026-08-23T10:57:02.701Z] Establishing browser session...
[2026-08-23T10:57:27.747Z] FATAL: page.goto: Timeout 25000ms exceeded.
Call log:
  - navigating to "https://www.turbocentras.com/", waiting until "domcontentloaded"

[2026-08-23T10:57:27.747Z] FATAL: page.goto: Timeout 25000ms exceeded.
Call log:
  - navigating to "https://www.turbocentras.com/", waiting until "domcontentloaded"

[2026-08-23T10:57:32.102Z] === Stock checker starting ===
[2026-08-23T10:57:32.102Z] === Stock checker starting ===
[2026-08-23T10:57:32.118Z] Loaded 6209 products with URLs
[2026-08-23T10:57:32.118Z] Loaded 6209 products with URLs
[2026-08-23T10:57:32.118Z] Loading current stock status from Supabase...
[2026-08-23T10:57:32.118Z] Loading current stock status from Supabase...
[2026-08-23T10:57:32.717Z] Loaded stock status for 6210 DB products
[2026-08-23T10:57:32.717Z] Loaded stock status for 6210 DB products
[2026-08-23T10:57:32.883Z] Establishing browser session...
[2026-08-23T10:57:32.883Z] Establishing browser session...
[2026-08-23T10:57:57.929Z] FATAL: page.goto: Timeout 25000ms exceeded.
Call log:
  - navigating to "https://www.turbocentras.com/", waiting until "domcontentloaded"

[2026-08-23T10:57:57.929Z] FATAL: page.goto: Timeout 25000ms exceeded.
Call log:
  - navigating to "https://www.turbocentras.com/", waiting until "domcontentloaded"

[2026-08-23T10:58:02.366Z] === Stock checker starting ===
[2026-08-23T10:58:02.366Z] === Stock checker starting ===
[2026-08-23T10:58:02.386Z] Loaded 6209 products with URLs
[2026-08-23T10:58:02.386Z] Loaded 6209 products with URLs
[2026-08-23T10:58:02.386Z] Loading current stock status from Supabase...
[2026-08-23T10:58:02.386Z] Loading current stock status from Supabase...
[2026-08-23T10:58:02.994Z] Loaded stock status for 6210 DB products
[2026-08-23T10:58:02.994Z] Loaded stock status for 6210 DB products
[2026-08-23T10:58:03.196Z] Establishing browser session...
[2026-08-23T10:58:03.196Z] Establishing browser session...
[2026-08-23T10:58:28.271Z] FATAL: page.goto: Timeout 25000ms exceeded.
Call log:
  - navigating to "https://www.turbocentras.com/", waiting until "domcontentloaded"

[2026-08-23T10:58:28.271Z] FATAL: page.goto: Timeout 25000ms exceeded.
Call log:
  - navigating to "https://www.turbocentras.com/", waiting until "domcontentloaded"

[2026-08-23T10:58:32.662Z] === Stock checker starting ===
[2026-08-23T10:58:32.662Z] === Stock checker starting ===
[2026-08-23T10:58:32.678Z] Loaded 6209 products with URLs
[2026-08-23T10:58:32.678Z] Loaded 6209 products with URLs
[2026-08-23T10:58:32.678Z] Loading current stock status from Supabase...
[2026-08-23T10:58:32.678Z] Loading current stock status from Supabase...
[2026-08-23T10:58:33.274Z] Loaded stock status for 6210 DB products
[2026-08-23T10:58:33.274Z] Loaded stock status for 6210 DB products
[2026-08-23T10:58:33.462Z] Establishing browser session...
[2026-08-23T10:58:33.462Z] Establishing browser session...
[2026-08-23T10:58:58.535Z] FATAL: page.goto: Timeout 25000ms exceeded.
Call log:
  - navigating to "https://www.turbocentras.com/", waiting until "domcontentloaded"

[2026-08-23T10:58:58.535Z] FATAL: page.goto: Timeout 25000ms exceeded.
Call log:
  - navigating to "https://www.turbocentras.com/", waiting until "domcontentloaded"

[2026-08-23T10:59:02.901Z] === Stock checker starting ===
[2026-08-23T10:59:02.901Z] === Stock checker starting ===
[2026-08-23T10:59:02.917Z] Loaded 6209 products with URLs
[2026-08-23T10:59:02.917Z] Loaded 6209 products with URLs
[2026-08-23T10:59:02.917Z] Loading current stock status from Supabase...
[2026-08-23T10:59:02.917Z] Loading current stock status from Supabase...
[2026-08-23T10:59:03.739Z] Loaded stock status for 6210 DB products
[2026-08-23T10:59:03.739Z] Loaded stock status for 6210 DB products
[2026-08-23T10:59:03.895Z] Establishing browser session...
[2026-08-23T10:59:03.895Z] Establishing browser session...
[2026-08-23T10:59:28.964Z] FATAL: page.goto: Timeout 25000ms exceeded.
Call log:
  - navigating to "https://www.turbocentras.com/", waiting until "domcontentloaded"

[2026-08-23T10:59:28.964Z] FATAL: page.goto: Timeout 25000ms exceeded.
Call log:
  - navigating to "https://www.turbocentras.com/", waiting until "domcontentloaded"

[2026-08-23T10:59:33.353Z] === Stock checker starting ===
[2026-08-23T10:59:33.353Z] === Stock checker starting ===
[2026-08-23T10:59:33.369Z] Loaded 6209 products with URLs
[2026-08-23T10:59:33.369Z] Loaded 6209 products with URLs
[2026-08-23T10:59:33.370Z] Loading current stock status from Supabase...
[2026-08-23T10:59:33.370Z] Loading current stock status from Supabase...
[2026-08-23T10:59:33.901Z] Loaded stock status for 6210 DB products
[2026-08-23T10:59:33.901Z] Loaded stock status for 6210 DB products
[2026-08-23T10:59:34.066Z] Establishing browser session...
[2026-08-23T10:59:34.066Z] Establishing browser session...
[2026-08-23T10:59:59.159Z] FATAL: page.goto: Timeout 25000ms exceeded.
Call log:
  - navigating to "https://www.turbocentras.com/", waiting until "domcontentloaded"

[2026-08-23T10:59:59.159Z] FATAL: page.goto: Timeout 25000ms exceeded.
Call log:
  - navigating to "https://www.turbocentras.com/", waiting until "domcontentloaded"

[2026-08-23T11:00:03.543Z] === Stock checker starting ===
[2026-08-23T11:00:03.543Z] === Stock checker starting ===
[2026-08-23T11:00:03.559Z] Loaded 6209 products with URLs
[2026-08-23T11:00:03.559Z] Loaded 6209 products with URLs
[2026-08-23T11:00:03.559Z] Loading current stock status from Supabase...
[2026-08-23T11:00:03.559Z] Loading current stock status from Supabase...
[2026-08-23T11:00:04.212Z] Loaded stock status for 6210 DB products
[2026-08-23T11:00:04.212Z] Loaded stock status for 6210 DB products
[2026-08-23T11:00:04.398Z] Establishing browser session...
[2026-08-23T11:00:04.398Z] Establishing browser session...
[2026-08-23T11:00:29.445Z] FATAL: page.goto: Timeout 25000ms exceeded.
Call log:
  - navigating to "https://www.turbocentras.com/", waiting until "domcontentloaded"

[2026-08-23T11:00:29.445Z] FATAL: page.goto: Timeout 25000ms exceeded.
Call log:
  - navigating to "https://www.turbocentras.com/", waiting until "domcontentloaded"

[2026-08-23T11:00:33.855Z] === Stock checker starting ===
[2026-08-23T11:00:33.855Z] === Stock checker starting ===
[2026-08-23T11:00:33.872Z] Loaded 6209 products with URLs
[2026-08-23T11:00:33.872Z] Loaded 6209 products with URLs
[2026-08-23T11:00:33.872Z] Loading current stock status from Supabase...
[2026-08-23T11:00:33.872Z] Loading current stock status from Supabase...
[2026-08-23T11:00:34.597Z] Loaded stock status for 6210 DB products
[2026-08-23T11:00:34.597Z] Loaded stock status for 6210 DB products
[2026-08-23T11:00:34.780Z] Establishing browser session...
[2026-08-23T11:00:34.780Z] Establishing browser session...
[2026-08-23T11:00:59.852Z] FATAL: page.goto: Timeout 25000ms exceeded.
Call log:
  - navigating to "https://www.turbocentras.com/", waiting until "domcontentloaded"

[2026-08-23T11:00:59.852Z] FATAL: page.goto: Timeout 25000ms exceeded.
Call log:
  - navigating to "https://www.turbocentras.com/", waiting until "domcontentloaded"

[2026-08-23T11:01:04.244Z] === Stock checker starting ===
[2026-08-23T11:01:04.244Z] === Stock checker starting ===
[2026-08-23T11:01:04.261Z] Loaded 6209 products with URLs
[2026-08-23T11:01:04.261Z] Loaded 6209 products with URLs
[2026-08-23T11:01:04.261Z] Loading current stock status from Supabase...
[2026-08-23T11:01:04.261Z] Loading current stock status from Supabase...
[2026-08-23T11:01:05.001Z] Loaded stock status for 6210 DB products
[2026-08-23T11:01:05.001Z] Loaded stock status for 6210 DB products
[2026-08-23T11:01:05.189Z] Establishing browser session...
[2026-08-23T11:01:05.189Z] Establishing browser session...
[2026-08-23T11:01:30.284Z] FATAL: page.goto: Timeout 25000ms exceeded.
Call log:
  - navigating to "https://www.turbocentras.com/", waiting until "domcontentloaded"

[2026-08-23T11:01:30.284Z] FATAL: page.goto: Timeout 25000ms exceeded.
Call log:
  - navigating to "https://www.turbocentras.com/", waiting until "domcontentloaded"

[2026-08-23T11:01:34.657Z] === Stock checker starting ===
[2026-08-23T11:01:34.657Z] === Stock checker starting ===
[2026-08-23T11:01:34.674Z] Loaded 6209 products with URLs
[2026-08-23T11:01:34.674Z] Loaded 6209 products with URLs
[2026-08-23T11:01:34.674Z] Loading current stock status from Supabase...
[2026-08-23T11:01:34.674Z] Loading current stock status from Supabase...
[2026-08-23T11:01:35.274Z] Loaded stock status for 6210 DB products
[2026-08-23T11:01:35.274Z] Loaded stock status for 6210 DB products
[2026-08-23T11:01:35.428Z] Establishing browser session...
[2026-08-23T11:01:35.428Z] Establishing browser session...
[2026-08-23T11:02:00.478Z] FATAL: page.goto: Timeout 25000ms exceeded.
Call log:
  - navigating to "https://www.turbocentras.com/", waiting until "domcontentloaded"

[2026-08-23T11:02:00.478Z] FATAL: page.goto: Timeout 25000ms exceeded.
Call log:
  - navigating to "https://www.turbocentras.com/", waiting until "domcontentloaded"

[2026-08-23T11:02:04.908Z] === Stock checker starting ===
[2026-08-23T11:02:04.908Z] === Stock checker starting ===
[2026-08-23T11:02:04.940Z] Loaded 6209 products with URLs
[2026-08-23T11:02:04.940Z] Loaded 6209 products with URLs
[2026-08-23T11:02:04.940Z] Loading current stock status from Supabase...
[2026-08-23T11:02:04.940Z] Loading current stock status from Supabase...
[2026-08-23T11:02:05.539Z] Loaded stock status for 6210 DB products
[2026-08-23T11:02:05.539Z] Loaded stock status for 6210 DB products
[2026-08-23T11:02:05.722Z] Establishing browser session...
[2026-08-23T11:02:05.722Z] Establishing browser session...
[2026-08-23T11:02:30.825Z] FATAL: page.goto: Timeout 25000ms exceeded.
Call log:
  - navigating to "https://www.turbocentras.com/", waiting until "domcontentloaded"

[2026-08-23T11:02:30.825Z] FATAL: page.goto: Timeout 25000ms exceeded.
Call log:
  - navigating to "https://www.turbocentras.com/", waiting until "domcontentloaded"

[2026-08-23T11:02:35.246Z] === Stock checker starting ===
[2026-08-23T11:02:35.246Z] === Stock checker starting ===
[2026-08-23T11:02:35.267Z] Loaded 6209 products with URLs
[2026-08-23T11:02:35.267Z] Loaded 6209 products with URLs
[2026-08-23T11:02:35.267Z] Loading current stock status from Supabase...
[2026-08-23T11:02:35.267Z] Loading current stock status from Supabase...
[2026-08-23T11:02:35.932Z] Loaded stock status for 6210 DB products
[2026-08-23T11:02:35.932Z] Loaded stock status for 6210 DB products
[2026-08-23T11:02:36.123Z] Establishing browser session...
[2026-08-23T11:02:36.123Z] Establishing browser session...
[2026-08-23T11:03:01.187Z] FATAL: page.goto: Timeout 25000ms exceeded.
Call log:
  - navigating to "https://www.turbocentras.com/", waiting until "domcontentloaded"

[2026-08-23T11:03:01.187Z] FATAL: page.goto: Timeout 25000ms exceeded.
Call log:
  - navigating to "https://www.turbocentras.com/", waiting until "domcontentloaded"

[2026-08-23T11:03:05.606Z] === Stock checker starting ===
[2026-08-23T11:03:05.606Z] === Stock checker starting ===
[2026-08-23T11:03:05.626Z] Loaded 6209 products with URLs
[2026-08-23T11:03:05.626Z] Loaded 6209 products with URLs
[2026-08-23T11:03:05.626Z] Loading current stock status from Supabase...
[2026-08-23T11:03:05.626Z] Loading current stock status from Supabase...
[2026-08-23T11:03:06.462Z] Loaded stock status for 6210 DB products
[2026-08-23T11:03:06.462Z] Loaded stock status for 6210 DB products
[2026-08-23T11:03:06.663Z] Establishing browser session...
[2026-08-23T11:03:06.663Z] Establishing browser session...
[2026-08-23T11:03:31.741Z] FATAL: page.goto: Timeout 25000ms exceeded.
Call log:
  - navigating to "https://www.turbocentras.com/", waiting until "domcontentloaded"

[2026-08-23T11:03:31.741Z] FATAL: page.goto: Timeout 25000ms exceeded.
Call log:
  - navigating to "https://www.turbocentras.com/", waiting until "domcontentloaded"

[2026-08-23T11:03:36.148Z] === Stock checker starting ===
[2026-08-23T11:03:36.148Z] === Stock checker starting ===
[2026-08-23T11:03:36.166Z] Loaded 6209 products with URLs
[2026-08-23T11:03:36.166Z] Loaded 6209 products with URLs
[2026-08-23T11:03:36.166Z] Loading current stock status from Supabase...
[2026-08-23T11:03:36.166Z] Loading current stock status from Supabase...
[2026-08-23T11:03:37.044Z] Loaded stock status for 6210 DB products
[2026-08-23T11:03:37.044Z] Loaded stock status for 6210 DB products
[2026-08-23T11:03:37.248Z] Establishing browser session...
[2026-08-23T11:03:37.248Z] Establishing browser session...
[2026-08-23T11:04:02.325Z] FATAL: page.goto: Timeout 25000ms exceeded.
Call log:
  - navigating to "https://www.turbocentras.com/", waiting until "domcontentloaded"

[2026-08-23T11:04:02.325Z] FATAL: page.goto: Timeout 25000ms exceeded.
Call log:
  - navigating to "https://www.turbocentras.com/", waiting until "domcontentloaded"

[2026-08-23T11:04:06.739Z] === Stock checker starting ===
[2026-08-23T11:04:06.739Z] === Stock checker starting ===
[2026-08-23T11:04:06.760Z] Loaded 6209 products with URLs
[2026-08-23T11:04:06.760Z] Loaded 6209 products with URLs
[2026-08-23T11:04:06.760Z] Loading current stock status from Supabase...
[2026-08-23T11:04:06.760Z] Loading current stock status from Supabase...
[2026-08-23T11:04:08.013Z] Loaded stock status for 6210 DB products
[2026-08-23T11:04:08.013Z] Loaded stock status for 6210 DB products
[2026-08-23T11:04:08.215Z] Establishing browser session...
[2026-08-23T11:04:08.215Z] Establishing browser session...
[2026-08-23T11:04:33.280Z] FATAL: page.goto: Timeout 25000ms exceeded.
Call log:
  - navigating to "https://www.turbocentras.com/", waiting until "domcontentloaded"

[2026-08-23T11:04:33.280Z] FATAL: page.goto: Timeout 25000ms exceeded.
Call log:
  - navigating to "https://www.turbocentras.com/", waiting until "domcontentloaded"

[2026-08-23T11:04:37.695Z] === Stock checker starting ===
[2026-08-23T11:04:37.695Z] === Stock checker starting ===
[2026-08-23T11:04:37.716Z] Loaded 6209 products with URLs
[2026-08-23T11:04:37.716Z] Loaded 6209 products with URLs
[2026-08-23T11:04:37.716Z] Loading current stock status from Supabase...
[2026-08-23T11:04:37.716Z] Loading current stock status from Supabase...
[2026-08-23T11:04:38.345Z] Loaded stock status for 6210 DB products
[2026-08-23T11:04:38.345Z] Loaded stock status for 6210 DB products
[2026-08-23T11:04:38.524Z] Establishing browser session...
[2026-08-23T11:04:38.524Z] Establishing browser session...
[2026-08-23T11:05:03.585Z] FATAL: page.goto: Timeout 25000ms exceeded.
Call log:
  - navigating to "https://www.turbocentras.com/", waiting until "domcontentloaded"

[2026-08-23T11:05:03.585Z] FATAL: page.goto: Timeout 25000ms exceeded.
Call log:
  - navigating to "https://www.turbocentras.com/", waiting until "domcontentloaded"

[2026-08-23T11:05:08.007Z] === Stock checker starting ===
[2026-08-23T11:05:08.007Z] === Stock checker starting ===
[2026-08-23T11:05:08.027Z] Loaded 6209 products with URLs
[2026-08-23T11:05:08.027Z] Loaded 6209 products with URLs
[2026-08-23T11:05:08.027Z] Loading current stock status from Supabase...
[2026-08-23T11:05:08.027Z] Loading current stock status from Supabase...
[2026-08-23T11:05:08.775Z] Loaded stock status for 6210 DB products
[2026-08-23T11:05:08.775Z] Loaded stock status for 6210 DB products
[2026-08-23T11:05:08.971Z] Establishing browser session...
[2026-08-23T11:05:08.971Z] Establishing browser session...
[2026-08-23T11:05:34.034Z] FATAL: page.goto: Timeout 25000ms exceeded.
Call log:
  - navigating to "https://www.turbocentras.com/", waiting until "domcontentloaded"

[2026-08-23T11:05:34.034Z] FATAL: page.goto: Timeout 25000ms exceeded.
Call log:
  - navigating to "https://www.turbocentras.com/", waiting until "domcontentloaded"

[2026-08-23T11:05:38.469Z] === Stock checker starting ===
[2026-08-23T11:05:38.469Z] === Stock checker starting ===
[2026-08-23T11:05:38.489Z] Loaded 6209 products with URLs
[2026-08-23T11:05:38.489Z] Loaded 6209 products with URLs
[2026-08-23T11:05:38.489Z] Loading current stock status from Supabase...
[2026-08-23T11:05:38.489Z] Loading current stock status from Supabase...
[2026-08-23T11:05:39.663Z] Loaded stock status for 6210 DB products
[2026-08-23T11:05:39.663Z] Loaded stock status for 6210 DB products
[2026-08-23T11:05:39.844Z] Establishing browser session...
[2026-08-23T11:05:39.844Z] Establishing browser session...
[2026-08-23T11:06:04.854Z] FATAL: page.goto: Timeout 25000ms exceeded.
Call log:
  - navigating to "https://www.turbocentras.com/", waiting until "domcontentloaded"

[2026-08-23T11:06:04.854Z] FATAL: page.goto: Timeout 25000ms exceeded.
Call log:
  - navigating to "https://www.turbocentras.com/", waiting until "domcontentloaded"

[2026-08-23T11:06:09.268Z] === Stock checker starting ===
[2026-08-23T11:06:09.268Z] === Stock checker starting ===
[2026-08-23T11:06:09.287Z] Loaded 6209 products with URLs
[2026-08-23T11:06:09.287Z] Loaded 6209 products with URLs
[2026-08-23T11:06:09.287Z] Loading current stock status from Supabase...
[2026-08-23T11:06:09.287Z] Loading current stock status from Supabase...
[2026-08-23T11:06:09.853Z] Loaded stock status for 6210 DB products
[2026-08-23T11:06:09.853Z] Loaded stock status for 6210 DB products
[2026-08-23T11:06:10.076Z] Establishing browser session...
[2026-08-23T11:06:10.076Z] Establishing browser session...
[2026-08-23T11:06:35.163Z] FATAL: page.goto: Timeout 25000ms exceeded.
Call log:
  - navigating to "https://www.turbocentras.com/", waiting until "domcontentloaded"

[2026-08-23T11:06:35.163Z] FATAL: page.goto: Timeout 25000ms exceeded.
Call log:
  - navigating to "https://www.turbocentras.com/", waiting until "domcontentloaded"

[2026-08-23T11:06:39.574Z] === Stock checker starting ===
[2026-08-23T11:06:39.574Z] === Stock checker starting ===
[2026-08-23T11:06:39.593Z] Loaded 6209 products with URLs
[2026-08-23T11:06:39.593Z] Loaded 6209 products with URLs
[2026-08-23T11:06:39.594Z] Loading current stock status from Supabase...
[2026-08-23T11:06:39.594Z] Loading current stock status from Supabase...
[2026-08-23T11:06:40.210Z] Loaded stock status for 6210 DB products
[2026-08-23T11:06:40.210Z] Loaded stock status for 6210 DB products
[2026-08-23T11:06:40.401Z] Establishing browser session...
[2026-08-23T11:06:40.401Z] Establishing browser session...
[2026-08-23T11:07:05.465Z] FATAL: page.goto: Timeout 25000ms exceeded.
Call log:
  - navigating to "https://www.turbocentras.com/", waiting until "domcontentloaded"

[2026-08-23T11:07:05.465Z] FATAL: page.goto: Timeout 25000ms exceeded.
Call log:
  - navigating to "https://www.turbocentras.com/", waiting until "domcontentloaded"

[2026-08-23T11:07:09.887Z] === Stock checker starting ===
[2026-08-23T11:07:09.887Z] === Stock checker starting ===
[2026-08-23T11:07:09.907Z] Loaded 6209 products with URLs
[2026-08-23T11:07:09.907Z] Loaded 6209 products with URLs
[2026-08-23T11:07:09.907Z] Loading current stock status from Supabase...
[2026-08-23T11:07:09.907Z] Loading current stock status from Supabase...
[2026-08-23T11:07:10.612Z] Loaded stock status for 6210 DB products
[2026-08-23T11:07:10.612Z] Loaded stock status for 6210 DB products
[2026-08-23T11:07:10.808Z] Establishing browser session...
[2026-08-23T11:07:10.808Z] Establishing browser session...
[2026-08-23T11:07:35.875Z] FATAL: page.goto: Timeout 25000ms exceeded.
Call log:
  - navigating to "https://www.turbocentras.com/", waiting until "domcontentloaded"

[2026-08-23T11:07:35.875Z] FATAL: page.goto: Timeout 25000ms exceeded.
Call log:
  - navigating to "https://www.turbocentras.com/", waiting until "domcontentloaded"

[2026-08-23T11:07:40.292Z] === Stock checker starting ===
[2026-08-23T11:07:40.292Z] === Stock checker starting ===
[2026-08-23T11:07:40.311Z] Loaded 6209 products with URLs
[2026-08-23T11:07:40.311Z] Loaded 6209 products with URLs
[2026-08-23T11:07:40.311Z] Loading current stock status from Supabase...
[2026-08-23T11:07:40.311Z] Loading current stock status from Supabase...
[2026-08-23T11:07:40.881Z] Loaded stock status for 6210 DB products
[2026-08-23T11:07:40.881Z] Loaded stock status for 6210 DB products
[2026-08-23T11:07:41.088Z] Establishing browser session...
[2026-08-23T11:07:41.088Z] Establishing browser session...
[2026-08-23T11:08:06.155Z] FATAL: page.goto: Timeout 25000ms exceeded.
Call log:
  - navigating to "https://www.turbocentras.com/", waiting until "domcontentloaded"

[2026-08-23T11:08:06.155Z] FATAL: page.goto: Timeout 25000ms exceeded.
Call log:
  - navigating to "https://www.turbocentras.com/", waiting until "domcontentloaded"

[2026-08-23T11:08:10.573Z] === Stock checker starting ===
[2026-08-23T11:08:10.573Z] === Stock checker starting ===
[2026-08-23T11:08:10.593Z] Loaded 6209 products with URLs
[2026-08-23T11:08:10.593Z] Loaded 6209 products with URLs
[2026-08-23T11:08:10.593Z] Loading current stock status from Supabase...
[2026-08-23T11:08:10.593Z] Loading current stock status from Supabase...
[2026-08-23T11:08:11.313Z] Loaded stock status for 6210 DB products
[2026-08-23T11:08:11.313Z] Loaded stock status for 6210 DB products
[2026-08-23T11:08:11.512Z] Establishing browser session...
[2026-08-23T11:08:11.512Z] Establishing browser session...
[2026-08-23T11:08:36.594Z] FATAL: page.goto: Timeout 25000ms exceeded.
Call log:
  - navigating to "https://www.turbocentras.com/", waiting until "domcontentloaded"

[2026-08-23T11:08:36.594Z] FATAL: page.goto: Timeout 25000ms exceeded.
Call log:
  - navigating to "https://www.turbocentras.com/", waiting until "domcontentloaded"

[2026-08-23T11:08:41.016Z] === Stock checker starting ===
[2026-08-23T11:08:41.016Z] === Stock checker starting ===
[2026-08-23T11:08:41.034Z] Loaded 6209 products with URLs
[2026-08-23T11:08:41.034Z] Loaded 6209 products with URLs
[2026-08-23T11:08:41.034Z] Loading current stock status from Supabase...
[2026-08-23T11:08:41.034Z] Loading current stock status from Supabase...
[2026-08-23T11:08:41.643Z] Loaded stock status for 6210 DB products
[2026-08-23T11:08:41.643Z] Loaded stock status for 6210 DB products
[2026-08-23T11:08:41.846Z] Establishing browser session...
[2026-08-23T11:08:41.846Z] Establishing browser session...
[2026-08-23T11:09:06.926Z] FATAL: page.goto: Timeout 25000ms exceeded.
Call log:
  - navigating to "https://www.turbocentras.com/", waiting until "domcontentloaded"

[2026-08-23T11:09:06.926Z] FATAL: page.goto: Timeout 25000ms exceeded.
Call log:
  - navigating to "https://www.turbocentras.com/", waiting until "domcontentloaded"

[2026-08-23T11:09:11.353Z] === Stock checker starting ===
[2026-08-23T11:09:11.353Z] === Stock checker starting ===
[2026-08-23T11:09:11.372Z] Loaded 6209 products with URLs
[2026-08-23T11:09:11.372Z] Loaded 6209 products with URLs
[2026-08-23T11:09:11.373Z] Loading current stock status from Supabase...
[2026-08-23T11:09:11.373Z] Loading current stock status from Supabase...
[2026-08-23T11:09:12.274Z] Loaded stock status for 6210 DB products
[2026-08-23T11:09:12.274Z] Loaded stock status for 6210 DB products
[2026-08-23T11:09:12.458Z] Establishing browser session...
[2026-08-23T11:09:12.458Z] Establishing browser session...
[2026-08-23T11:09:37.540Z] FATAL: page.goto: Timeout 25000ms exceeded.
Call log:
  - navigating to "https://www.turbocentras.com/", waiting until "domcontentloaded"

[2026-08-23T11:09:37.540Z] FATAL: page.goto: Timeout 25000ms exceeded.
Call log:
  - navigating to "https://www.turbocentras.com/", waiting until "domcontentloaded"

[2026-08-23T11:09:41.962Z] === Stock checker starting ===
[2026-08-23T11:09:41.962Z] === Stock checker starting ===
[2026-08-23T11:09:41.979Z] Loaded 6209 products with URLs
[2026-08-23T11:09:41.979Z] Loaded 6209 products with URLs
[2026-08-23T11:09:41.979Z] Loading current stock status from Supabase...
[2026-08-23T11:09:41.979Z] Loading current stock status from Supabase...
[2026-08-23T11:09:42.597Z] Loaded stock status for 6210 DB products
[2026-08-23T11:09:42.597Z] Loaded stock status for 6210 DB products
[2026-08-23T11:09:42.783Z] Establishing browser session...
[2026-08-23T11:09:42.783Z] Establishing browser session...
[2026-08-23T11:10:07.861Z] FATAL: page.goto: Timeout 25000ms exceeded.
Call log:
  - navigating to "https://www.turbocentras.com/", waiting until "domcontentloaded"

[2026-08-23T11:10:07.861Z] FATAL: page.goto: Timeout 25000ms exceeded.
Call log:
  - navigating to "https://www.turbocentras.com/", waiting until "domcontentloaded"

[2026-08-23T11:10:12.274Z] === Stock checker starting ===
[2026-08-23T11:10:12.274Z] === Stock checker starting ===
[2026-08-23T11:10:12.294Z] Loaded 6209 products with URLs
[2026-08-23T11:10:12.294Z] Loaded 6209 products with URLs
[2026-08-23T11:10:12.294Z] Loading current stock status from Supabase...
[2026-08-23T11:10:12.294Z] Loading current stock status from Supabase...
[2026-08-23T11:10:13.004Z] Loaded stock status for 6210 DB products
[2026-08-23T11:10:13.004Z] Loaded stock status for 6210 DB products
[2026-08-23T11:10:13.219Z] Establishing browser session...
[2026-08-23T11:10:13.219Z] Establishing browser session...
[2026-08-23T11:10:38.296Z] FATAL: page.goto: Timeout 25000ms exceeded.
Call log:
  - navigating to "https://www.turbocentras.com/", waiting until "domcontentloaded"

[2026-08-23T11:10:38.296Z] FATAL: page.goto: Timeout 25000ms exceeded.
Call log:
  - navigating to "https://www.turbocentras.com/", waiting until "domcontentloaded"

[2026-08-23T11:10:42.709Z] === Stock checker starting ===
[2026-08-23T11:10:42.709Z] === Stock checker starting ===
[2026-08-23T11:10:42.727Z] Loaded 6209 products with URLs
[2026-08-23T11:10:42.727Z] Loaded 6209 products with URLs
[2026-08-23T11:10:42.727Z] Loading current stock status from Supabase...
[2026-08-23T11:10:42.727Z] Loading current stock status from Supabase...
[2026-08-23T11:10:43.285Z] Loaded stock status for 6210 DB products
[2026-08-23T11:10:43.285Z] Loaded stock status for 6210 DB products
[2026-08-23T11:10:43.457Z] Establishing browser session...
[2026-08-23T11:10:43.457Z] Establishing browser session...
[2026-08-23T11:11:08.526Z] FATAL: page.goto: Timeout 25000ms exceeded.
Call log:
  - navigating to "https://www.turbocentras.com/", waiting until "domcontentloaded"

[2026-08-23T11:11:08.526Z] FATAL: page.goto: Timeout 25000ms exceeded.
Call log:
  - navigating to "https://www.turbocentras.com/", waiting until "domcontentloaded"

[2026-08-23T11:11:12.957Z] === Stock checker starting ===
[2026-08-23T11:11:12.957Z] === Stock checker starting ===
[2026-08-23T11:11:12.975Z] Loaded 6209 products with URLs
[2026-08-23T11:11:12.975Z] Loaded 6209 products with URLs
[2026-08-23T11:11:12.975Z] Loading current stock status from Supabase...
[2026-08-23T11:11:12.975Z] Loading current stock status from Supabase...
[2026-08-23T11:11:13.561Z] Loaded stock status for 6210 DB products
[2026-08-23T11:11:13.561Z] Loaded stock status for 6210 DB products
[2026-08-23T11:11:13.755Z] Establishing browser session...
[2026-08-23T11:11:13.755Z] Establishing browser session...
[2026-08-23T11:11:38.810Z] FATAL: page.goto: Timeout 25000ms exceeded.
Call log:
  - navigating to "https://www.turbocentras.com/", waiting until "domcontentloaded"

[2026-08-23T11:11:38.810Z] FATAL: page.goto: Timeout 25000ms exceeded.
Call log:
  - navigating to "https://www.turbocentras.com/", waiting until "domcontentloaded"

[2026-08-23T11:11:43.184Z] === Stock checker starting ===
[2026-08-23T11:11:43.184Z] === Stock checker starting ===
[2026-08-23T11:11:43.200Z] Loaded 6209 products with URLs
[2026-08-23T11:11:43.200Z] Loaded 6209 products with URLs
[2026-08-23T11:11:43.200Z] Loading current stock status from Supabase...
[2026-08-23T11:11:43.200Z] Loading current stock status from Supabase...
[2026-08-23T11:11:43.771Z] Loaded stock status for 6210 DB products
[2026-08-23T11:11:43.771Z] Loaded stock status for 6210 DB products
[2026-08-23T11:11:43.913Z] Establishing browser session...
[2026-08-23T11:11:43.913Z] Establishing browser session...
[2026-08-23T11:12:08.962Z] FATAL: page.goto: Timeout 25000ms exceeded.
Call log:
  - navigating to "https://www.turbocentras.com/", waiting until "domcontentloaded"

[2026-08-23T11:12:08.962Z] FATAL: page.goto: Timeout 25000ms exceeded.
Call log:
  - navigating to "https://www.turbocentras.com/", waiting until "domcontentloaded"

[2026-08-23T11:12:13.351Z] === Stock checker starting ===
[2026-08-23T11:12:13.351Z] === Stock checker starting ===
[2026-08-23T11:12:13.367Z] Loaded 6209 products with URLs
[2026-08-23T11:12:13.367Z] Loaded 6209 products with URLs
[2026-08-23T11:12:13.367Z] Loading current stock status from Supabase...
[2026-08-23T11:12:13.367Z] Loading current stock status from Supabase...
[2026-08-23T11:12:13.996Z] Loaded stock status for 6210 DB products
[2026-08-23T11:12:13.996Z] Loaded stock status for 6210 DB products
[2026-08-23T11:12:14.188Z] Establishing browser session...
[2026-08-23T11:12:14.188Z] Establishing browser session...
[2026-08-23T11:12:39.244Z] FATAL: page.goto: Timeout 25000ms exceeded.
Call log:
  - navigating to "https://www.turbocentras.com/", waiting until "domcontentloaded"

[2026-08-23T11:12:39.244Z] FATAL: page.goto: Timeout 25000ms exceeded.
Call log:
  - navigating to "https://www.turbocentras.com/", waiting until "domcontentloaded"

[2026-08-23T11:12:43.602Z] === Stock checker starting ===
[2026-08-23T11:12:43.602Z] === Stock checker starting ===
[2026-08-23T11:12:43.618Z] Loaded 6209 products with URLs
[2026-08-23T11:12:43.618Z] Loaded 6209 products with URLs
[2026-08-23T11:12:43.618Z] Loading current stock status from Supabase...
[2026-08-23T11:12:43.618Z] Loading current stock status from Supabase...
[2026-08-23T11:12:44.336Z] Loaded stock status for 6210 DB products
[2026-08-23T11:12:44.336Z] Loaded stock status for 6210 DB products
[2026-08-23T11:12:44.495Z] Establishing browser session...
[2026-08-23T11:12:44.495Z] Establishing browser session...
[2026-08-23T11:13:09.540Z] FATAL: page.goto: Timeout 25000ms exceeded.
Call log:
  - navigating to "https://www.turbocentras.com/", waiting until "domcontentloaded"

[2026-08-23T11:13:09.540Z] FATAL: page.goto: Timeout 25000ms exceeded.
Call log:
  - navigating to "https://www.turbocentras.com/", waiting until "domcontentloaded"

[2026-08-23T11:13:13.915Z] === Stock checker starting ===
[2026-08-23T11:13:13.915Z] === Stock checker starting ===
[2026-08-23T11:13:13.932Z] Loaded 6209 products with URLs
[2026-08-23T11:13:13.932Z] Loaded 6209 products with URLs
[2026-08-23T11:13:13.932Z] Loading current stock status from Supabase...
[2026-08-23T11:13:13.932Z] Loading current stock status from Supabase...
[2026-08-23T11:13:15.540Z] Loaded stock status for 6210 DB products
[2026-08-23T11:13:15.540Z] Loaded stock status for 6210 DB products
[2026-08-23T11:13:15.700Z] Establishing browser session...
[2026-08-23T11:13:15.700Z] Establishing browser session...
[2026-08-23T11:13:40.742Z] FATAL: page.goto: Timeout 25000ms exceeded.
Call log:
  - navigating to "https://www.turbocentras.com/", waiting until "domcontentloaded"

[2026-08-23T11:13:40.742Z] FATAL: page.goto: Timeout 25000ms exceeded.
Call log:
  - navigating to "https://www.turbocentras.com/", waiting until "domcontentloaded"

[2026-08-23T11:13:44.116Z] === Stock checker starting ===
[2026-08-23T11:13:44.116Z] === Stock checker starting ===
[2026-08-23T11:13:44.133Z] Loaded 6209 products with URLs
[2026-08-23T11:13:44.133Z] Loaded 6209 products with URLs
[2026-08-23T11:13:44.134Z] Loading current stock status from Supabase...
[2026-08-23T11:13:44.134Z] Loading current stock status from Supabase...
[2026-08-23T11:13:44.678Z] Loaded stock status for 6210 DB products
[2026-08-23T11:13:44.678Z] Loaded stock status for 6210 DB products
[2026-08-23T11:13:44.835Z] Establishing browser session...
[2026-08-23T11:13:44.835Z] Establishing browser session...
[2026-08-23T11:14:09.880Z] FATAL: page.goto: Timeout 25000ms exceeded.
Call log:
  - navigating to "https://www.turbocentras.com/", waiting until "domcontentloaded"

[2026-08-23T11:14:09.880Z] FATAL: page.goto: Timeout 25000ms exceeded.
Call log:
  - navigating to "https://www.turbocentras.com/", waiting until "domcontentloaded"

[2026-08-23T11:14:14.288Z] === Stock checker starting ===
[2026-08-23T11:14:14.288Z] === Stock checker starting ===
[2026-08-23T11:14:14.307Z] Loaded 6209 products with URLs
[2026-08-23T11:14:14.307Z] Loaded 6209 products with URLs
[2026-08-23T11:14:14.307Z] Loading current stock status from Supabase...
[2026-08-23T11:14:14.307Z] Loading current stock status from Supabase...
[2026-08-23T11:14:14.910Z] Loaded stock status for 6210 DB products
[2026-08-23T11:14:14.910Z] Loaded stock status for 6210 DB products
[2026-08-23T11:14:15.083Z] Establishing browser session...
[2026-08-23T11:14:15.083Z] Establishing browser session...
[2026-08-23T11:14:40.146Z] FATAL: page.goto: Timeout 25000ms exceeded.
Call log:
  - navigating to "https://www.turbocentras.com/", waiting until "domcontentloaded"

[2026-08-23T11:14:40.146Z] FATAL: page.goto: Timeout 25000ms exceeded.
Call log:
  - navigating to "https://www.turbocentras.com/", waiting until "domcontentloaded"

[2026-08-23T11:14:44.518Z] === Stock checker starting ===
[2026-08-23T11:14:44.518Z] === Stock checker starting ===
[2026-08-23T11:14:44.534Z] Loaded 6209 products with URLs
[2026-08-23T11:14:44.534Z] Loaded 6209 products with URLs
[2026-08-23T11:14:44.534Z] Loading current stock status from Supabase...
[2026-08-23T11:14:44.534Z] Loading current stock status from Supabase...
[2026-08-23T11:14:45.384Z] Loaded stock status for 6210 DB products
[2026-08-23T11:14:45.384Z] Loaded stock status for 6210 DB products
[2026-08-23T11:14:45.561Z] Establishing browser session...
[2026-08-23T11:14:45.561Z] Establishing browser session...
[2026-08-23T11:15:10.610Z] FATAL: page.goto: Timeout 25000ms exceeded.
Call log:
  - navigating to "https://www.turbocentras.com/", waiting until "domcontentloaded"

[2026-08-23T11:15:10.610Z] FATAL: page.goto: Timeout 25000ms exceeded.
Call log:
  - navigating to "https://www.turbocentras.com/", waiting until "domcontentloaded"

[2026-08-23T11:15:15.020Z] === Stock checker starting ===
[2026-08-23T11:15:15.020Z] === Stock checker starting ===
[2026-08-23T11:15:15.040Z] Loaded 6209 products with URLs
[2026-08-23T11:15:15.040Z] Loaded 6209 products with URLs
[2026-08-23T11:15:15.040Z] Loading current stock status from Supabase...
[2026-08-23T11:15:15.040Z] Loading current stock status from Supabase...
[2026-08-23T11:15:16.010Z] Loaded stock status for 6210 DB products
[2026-08-23T11:15:16.010Z] Loaded stock status for 6210 DB products
[2026-08-23T11:15:16.194Z] Establishing browser session...
[2026-08-23T11:15:16.194Z] Establishing browser session...
[2026-08-23T11:15:41.250Z] FATAL: page.goto: Timeout 25000ms exceeded.
Call log:
  - navigating to "https://www.turbocentras.com/", waiting until "domcontentloaded"

[2026-08-23T11:15:41.250Z] FATAL: page.goto: Timeout 25000ms exceeded.
Call log:
  - navigating to "https://www.turbocentras.com/", waiting until "domcontentloaded"

[2026-08-23T11:15:45.634Z] === Stock checker starting ===
[2026-08-23T11:15:45.634Z] === Stock checker starting ===
[2026-08-23T11:15:45.651Z] Loaded 6209 products with URLs
[2026-08-23T11:15:45.651Z] Loaded 6209 products with URLs
[2026-08-23T11:15:45.651Z] Loading current stock status from Supabase...
[2026-08-23T11:15:45.651Z] Loading current stock status from Supabase...
[2026-08-23T11:15:46.291Z] Loaded stock status for 6210 DB products
[2026-08-23T11:15:46.291Z] Loaded stock status for 6210 DB products
[2026-08-23T11:15:46.440Z] Establishing browser session...
[2026-08-23T11:15:46.440Z] Establishing browser session...
[2026-08-23T11:16:11.488Z] FATAL: page.goto: Timeout 25000ms exceeded.
Call log:
  - navigating to "https://www.turbocentras.com/", waiting until "domcontentloaded"

[2026-08-23T11:16:11.488Z] FATAL: page.goto: Timeout 25000ms exceeded.
Call log:
  - navigating to "https://www.turbocentras.com/", waiting until "domcontentloaded"

[2026-08-23T11:16:15.849Z] === Stock checker starting ===
[2026-08-23T11:16:15.849Z] === Stock checker starting ===
[2026-08-23T11:16:15.866Z] Loaded 6209 products with URLs
[2026-08-23T11:16:15.866Z] Loaded 6209 products with URLs
[2026-08-23T11:16:15.866Z] Loading current stock status from Supabase...
[2026-08-23T11:16:15.866Z] Loading current stock status from Supabase...
[2026-08-23T11:16:16.470Z] Loaded stock status for 6210 DB products
[2026-08-23T11:16:16.470Z] Loaded stock status for 6210 DB products
[2026-08-23T11:16:16.628Z] Establishing browser session...
[2026-08-23T11:16:16.628Z] Establishing browser session...
[2026-08-23T11:16:41.680Z] FATAL: page.goto: Timeout 25000ms exceeded.
Call log:
  - navigating to "https://www.turbocentras.com/", waiting until "domcontentloaded"

[2026-08-23T11:16:41.680Z] FATAL: page.goto: Timeout 25000ms exceeded.
Call log:
  - navigating to "https://www.turbocentras.com/", waiting until "domcontentloaded"

[2026-08-23T11:16:46.072Z] === Stock checker starting ===
[2026-08-23T11:16:46.072Z] === Stock checker starting ===
[2026-08-23T11:16:46.089Z] Loaded 6209 products with URLs
[2026-08-23T11:16:46.089Z] Loaded 6209 products with URLs
[2026-08-23T11:16:46.089Z] Loading current stock status from Supabase...
[2026-08-23T11:16:46.089Z] Loading current stock status from Supabase...
[2026-08-23T11:16:46.679Z] Loaded stock status for 6210 DB products
[2026-08-23T11:16:46.679Z] Loaded stock status for 6210 DB products
[2026-08-23T11:16:46.861Z] Establishing browser session...
[2026-08-23T11:16:46.861Z] Establishing browser session...
[2026-08-23T11:17:11.921Z] FATAL: page.goto: Timeout 25000ms exceeded.
Call log:
  - navigating to "https://www.turbocentras.com/", waiting until "domcontentloaded"

[2026-08-23T11:17:11.921Z] FATAL: page.goto: Timeout 25000ms exceeded.
Call log:
  - navigating to "https://www.turbocentras.com/", waiting until "domcontentloaded"

[2026-08-23T11:17:16.346Z] === Stock checker starting ===
[2026-08-23T11:17:16.346Z] === Stock checker starting ===
[2026-08-23T11:17:16.366Z] Loaded 6209 products with URLs
[2026-08-23T11:17:16.366Z] Loaded 6209 products with URLs
[2026-08-23T11:17:16.366Z] Loading current stock status from Supabase...
[2026-08-23T11:17:16.366Z] Loading current stock status from Supabase...
[2026-08-23T11:17:17.117Z] Loaded stock status for 6210 DB products
[2026-08-23T11:17:17.117Z] Loaded stock status for 6210 DB products
[2026-08-23T11:17:17.292Z] Establishing browser session...
[2026-08-23T11:17:17.292Z] Establishing browser session...
[2026-08-23T11:17:42.347Z] FATAL: page.goto: Timeout 25000ms exceeded.
Call log:
  - navigating to "https://www.turbocentras.com/", waiting until "domcontentloaded"

[2026-08-23T11:17:42.347Z] FATAL: page.goto: Timeout 25000ms exceeded.
Call log:
  - navigating to "https://www.turbocentras.com/", waiting until "domcontentloaded"

[2026-08-23T11:17:46.753Z] === Stock checker starting ===
[2026-08-23T11:17:46.753Z] === Stock checker starting ===
[2026-08-23T11:17:46.770Z] Loaded 6209 products with URLs
[2026-08-23T11:17:46.770Z] Loaded 6209 products with URLs
[2026-08-23T11:17:46.770Z] Loading current stock status from Supabase...
[2026-08-23T11:17:46.770Z] Loading current stock status from Supabase...
[2026-08-23T11:17:47.361Z] Loaded stock status for 6210 DB products
[2026-08-23T11:17:47.361Z] Loaded stock status for 6210 DB products
[2026-08-23T11:17:47.525Z] Establishing browser session...
[2026-08-23T11:17:47.525Z] Establishing browser session...
[2026-08-23T11:18:12.570Z] FATAL: page.goto: Timeout 25000ms exceeded.
Call log:
  - navigating to "https://www.turbocentras.com/", waiting until "domcontentloaded"

[2026-08-23T11:18:12.570Z] FATAL: page.goto: Timeout 25000ms exceeded.
Call log:
  - navigating to "https://www.turbocentras.com/", waiting until "domcontentloaded"

[2026-08-23T11:18:16.983Z] === Stock checker starting ===
[2026-08-23T11:18:16.983Z] === Stock checker starting ===
[2026-08-23T11:18:16.999Z] Loaded 6209 products with URLs
[2026-08-23T11:18:16.999Z] Loaded 6209 products with URLs
[2026-08-23T11:18:16.999Z] Loading current stock status from Supabase...
[2026-08-23T11:18:16.999Z] Loading current stock status from Supabase...
[2026-08-23T11:18:17.547Z] Loaded stock status for 6210 DB products
[2026-08-23T11:18:17.547Z] Loaded stock status for 6210 DB products
[2026-08-23T11:18:17.731Z] Establishing browser session...
[2026-08-23T11:18:17.731Z] Establishing browser session...
[2026-08-23T11:18:42.791Z] FATAL: page.goto: Timeout 25000ms exceeded.
Call log:
  - navigating to "https://www.turbocentras.com/", waiting until "domcontentloaded"

[2026-08-23T11:18:42.791Z] FATAL: page.goto: Timeout 25000ms exceeded.
Call log:
  - navigating to "https://www.turbocentras.com/", waiting until "domcontentloaded"

[2026-08-23T11:18:47.198Z] === Stock checker starting ===
[2026-08-23T11:18:47.198Z] === Stock checker starting ===
[2026-08-23T11:18:47.215Z] Loaded 6209 products with URLs
[2026-08-23T11:18:47.215Z] Loaded 6209 products with URLs
[2026-08-23T11:18:47.215Z] Loading current stock status from Supabase...
[2026-08-23T11:18:47.215Z] Loading current stock status from Supabase...
[2026-08-23T11:18:47.764Z] Loaded stock status for 6210 DB products
[2026-08-23T11:18:47.764Z] Loaded stock status for 6210 DB products
[2026-08-23T11:18:47.947Z] Establishing browser session...
[2026-08-23T11:18:47.947Z] Establishing browser session...
[2026-08-23T11:19:13.003Z] FATAL: page.goto: Timeout 25000ms exceeded.
Call log:
  - navigating to "https://www.turbocentras.com/", waiting until "domcontentloaded"

[2026-08-23T11:19:13.003Z] FATAL: page.goto: Timeout 25000ms exceeded.
Call log:
  - navigating to "https://www.turbocentras.com/", waiting until "domcontentloaded"

[2026-08-23T11:19:17.382Z] === Stock checker starting ===
[2026-08-23T11:19:17.382Z] === Stock checker starting ===
[2026-08-23T11:19:17.398Z] Loaded 6209 products with URLs
[2026-08-23T11:19:17.398Z] Loaded 6209 products with URLs
[2026-08-23T11:19:17.398Z] Loading current stock status from Supabase...
[2026-08-23T11:19:17.398Z] Loading current stock status from Supabase...
[2026-08-23T11:19:18.185Z] Loaded stock status for 6210 DB products
[2026-08-23T11:19:18.185Z] Loaded stock status for 6210 DB products
[2026-08-23T11:19:18.352Z] Establishing browser session...
[2026-08-23T11:19:18.352Z] Establishing browser session...
[2026-08-23T11:19:34.229Z] FATAL: page.goto: net::ERR_NETWORK_IO_SUSPENDED at https://www.turbocentras.com/
Call log:
  - navigating to "https://www.turbocentras.com/", waiting until "domcontentloaded"

[2026-08-23T11:19:34.229Z] FATAL: page.goto: net::ERR_NETWORK_IO_SUSPENDED at https://www.turbocentras.com/
Call log:
  - navigating to "https://www.turbocentras.com/", waiting until "domcontentloaded"

[2026-08-23T11:58:47.290Z] === Stock checker starting ===
[2026-08-23T11:58:47.290Z] === Stock checker starting ===
[2026-08-23T11:58:47.310Z] Loaded 6209 products with URLs
[2026-08-23T11:58:47.310Z] Loaded 6209 products with URLs
[2026-08-23T11:58:47.310Z] Loading current stock status from Supabase...
[2026-08-23T11:58:47.310Z] Loading current stock status from Supabase...
[2026-08-23T15:34:37.555Z] Loaded stock status for 0 DB products
[2026-08-23T15:34:37.555Z] Loaded stock status for 0 DB products
[2026-08-23T15:34:37.925Z] Establishing browser session...
[2026-08-23T15:34:37.925Z] Establishing browser session...
[2026-08-23T15:34:38.269Z] FATAL: page.goto: net::ERR_INTERNET_DISCONNECTED at https://www.turbocentras.com/
Call log:
  - navigating to "https://www.turbocentras.com/", waiting until "domcontentloaded"

[2026-08-23T15:34:38.269Z] FATAL: page.goto: net::ERR_INTERNET_DISCONNECTED at https://www.turbocentras.com/
Call log:
  - navigating to "https://www.turbocentras.com/", waiting until "domcontentloaded"

[2026-08-23T15:34:38.622Z] === Stock checker starting ===
[2026-08-23T15:34:38.622Z] === Stock checker starting ===
[2026-08-23T15:34:38.653Z] Loaded 6209 products with URLs
[2026-08-23T15:34:38.653Z] Loaded 6209 products with URLs
[2026-08-23T15:34:38.654Z] Loading current stock status from Supabase...
[2026-08-23T15:34:38.654Z] Loading current stock status from Supabase...
[2026-08-23T15:34:45.703Z] Loaded stock status for 0 DB products
[2026-08-23T15:34:45.703Z] Loaded stock status for 0 DB products
[2026-08-23T15:34:45.872Z] Establishing browser session...
[2026-08-23T15:34:45.872Z] Establishing browser session...
[2026-08-23T15:34:45.954Z] FATAL: page.goto: net::ERR_INTERNET_DISCONNECTED at https://www.turbocentras.com/
Call log:
  - navigating to "https://www.turbocentras.com/", waiting until "domcontentloaded"

[2026-08-23T15:34:45.954Z] FATAL: page.goto: net::ERR_INTERNET_DISCONNECTED at https://www.turbocentras.com/
Call log:
  - navigating to "https://www.turbocentras.com/", waiting until "domcontentloaded"

[2026-08-23T15:35:09.336Z] === Stock checker starting ===
[2026-08-23T15:35:09.336Z] === Stock checker starting ===
[2026-08-23T15:35:09.352Z] Loaded 6209 products with URLs
[2026-08-23T15:35:09.352Z] Loaded 6209 products with URLs
[2026-08-23T15:35:09.352Z] Loading current stock status from Supabase...
[2026-08-23T15:35:09.352Z] Loading current stock status from Supabase...
[2026-08-23T15:35:16.401Z] Loaded stock status for 0 DB products
[2026-08-23T15:35:16.401Z] Loaded stock status for 0 DB products
[2026-08-23T15:35:16.578Z] Establishing browser session...
[2026-08-23T15:35:16.578Z] Establishing browser session...
[2026-08-23T15:35:16.660Z] FATAL: page.goto: net::ERR_INTERNET_DISCONNECTED at https://www.turbocentras.com/
Call log:
  - navigating to "https://www.turbocentras.com/", waiting until "domcontentloaded"

[2026-08-23T15:35:16.660Z] FATAL: page.goto: net::ERR_INTERNET_DISCONNECTED at https://www.turbocentras.com/
Call log:
  - navigating to "https://www.turbocentras.com/", waiting until "domcontentloaded"

[2026-08-23T15:35:40.043Z] === Stock checker starting ===
[2026-08-23T15:35:40.043Z] === Stock checker starting ===
[2026-08-23T15:35:40.059Z] Loaded 6209 products with URLs
[2026-08-23T15:35:40.059Z] Loaded 6209 products with URLs
[2026-08-23T15:35:40.059Z] Loading current stock status from Supabase...
[2026-08-23T15:35:40.059Z] Loading current stock status from Supabase...
[2026-08-23T15:35:47.110Z] Loaded stock status for 0 DB products
[2026-08-23T15:35:47.110Z] Loaded stock status for 0 DB products
[2026-08-23T15:35:47.279Z] Establishing browser session...
[2026-08-23T15:35:47.279Z] Establishing browser session...
[2026-08-23T15:35:47.354Z] FATAL: page.goto: net::ERR_INTERNET_DISCONNECTED at https://www.turbocentras.com/
Call log:
  - navigating to "https://www.turbocentras.com/", waiting until "domcontentloaded"

[2026-08-23T15:35:47.354Z] FATAL: page.goto: net::ERR_INTERNET_DISCONNECTED at https://www.turbocentras.com/
Call log:
  - navigating to "https://www.turbocentras.com/", waiting until "domcontentloaded"

[2026-08-23T15:36:10.746Z] === Stock checker starting ===
[2026-08-23T15:36:10.746Z] === Stock checker starting ===
[2026-08-23T15:36:10.763Z] Loaded 6209 products with URLs
[2026-08-23T15:36:10.763Z] Loaded 6209 products with URLs
[2026-08-23T15:36:10.763Z] Loading current stock status from Supabase...
[2026-08-23T15:36:10.763Z] Loading current stock status from Supabase...
[2026-08-23T15:36:17.812Z] Loaded stock status for 0 DB products
[2026-08-23T15:36:17.812Z] Loaded stock status for 0 DB products
[2026-08-23T15:36:17.970Z] Establishing browser session...
[2026-08-23T15:36:17.970Z] Establishing browser session...
[2026-08-23T15:36:18.050Z] FATAL: page.goto: net::ERR_INTERNET_DISCONNECTED at https://www.turbocentras.com/
Call log:
  - navigating to "https://www.turbocentras.com/", waiting until "domcontentloaded"

[2026-08-23T15:36:18.050Z] FATAL: page.goto: net::ERR_INTERNET_DISCONNECTED at https://www.turbocentras.com/
Call log:
  - navigating to "https://www.turbocentras.com/", waiting until "domcontentloaded"

[2026-08-23T16:57:53.408Z] === Stock checker starting ===
[2026-08-23T16:57:53.408Z] === Stock checker starting ===
[2026-08-23T16:57:53.427Z] Loaded 6209 products with URLs
[2026-08-23T16:57:53.427Z] Loaded 6209 products with URLs
[2026-08-23T16:57:53.427Z] Loading current stock status from Supabase...
[2026-08-23T16:57:53.427Z] Loading current stock status from Supabase...
[2026-08-23T17:36:25.757Z] Loaded stock status for 0 DB products
[2026-08-23T17:36:25.757Z] Loaded stock status for 0 DB products
[2026-08-23T17:36:26.106Z] Establishing browser session...
[2026-08-23T17:36:26.106Z] Establishing browser session...
[2026-08-23T17:36:26.469Z] FATAL: page.goto: net::ERR_INTERNET_DISCONNECTED at https://www.turbocentras.com/
Call log:
  - navigating to "https://www.turbocentras.com/", waiting until "domcontentloaded"

[2026-08-23T17:36:26.469Z] FATAL: page.goto: net::ERR_INTERNET_DISCONNECTED at https://www.turbocentras.com/
Call log:
  - navigating to "https://www.turbocentras.com/", waiting until "domcontentloaded"

[2026-08-23T18:49:58.713Z] === Stock checker starting ===
[2026-08-23T18:49:58.713Z] === Stock checker starting ===
[2026-08-23T18:49:58.743Z] Loaded 6209 products with URLs
[2026-08-23T18:49:58.743Z] Loaded 6209 products with URLs
[2026-08-23T18:49:58.743Z] Loading current stock status from Supabase...
[2026-08-23T18:49:58.743Z] Loading current stock status from Supabase...
[2026-08-23T18:50:05.796Z] Loaded stock status for 0 DB products
[2026-08-23T18:50:05.796Z] Loaded stock status for 0 DB products
[2026-08-23T18:50:06.157Z] Establishing browser session...
[2026-08-23T18:50:06.157Z] Establishing browser session...
[2026-08-23T18:50:06.453Z] FATAL: page.goto: net::ERR_INTERNET_DISCONNECTED at https://www.turbocentras.com/
Call log:
  - navigating to "https://www.turbocentras.com/", waiting until "domcontentloaded"

[2026-08-23T18:50:06.453Z] FATAL: page.goto: net::ERR_INTERNET_DISCONNECTED at https://www.turbocentras.com/
Call log:
  - navigating to "https://www.turbocentras.com/", waiting until "domcontentloaded"

[2026-08-23T18:55:56.427Z] === Stock checker starting ===
[2026-08-23T18:55:56.427Z] === Stock checker starting ===
[2026-08-23T18:55:56.460Z] Loaded 6209 products with URLs
[2026-08-23T18:55:56.460Z] Loaded 6209 products with URLs
[2026-08-23T18:55:56.461Z] Loading current stock status from Supabase...
[2026-08-23T18:55:56.461Z] Loading current stock status from Supabase...
[2026-08-23T18:55:58.208Z] Loaded stock status for 6210 DB products
[2026-08-23T18:55:58.208Z] Loaded stock status for 6210 DB products
[2026-08-23T18:55:58.644Z] Establishing browser session...
[2026-08-23T18:55:58.644Z] Establishing browser session...
[2026-08-23T18:56:23.978Z] FATAL: page.goto: Timeout 25000ms exceeded.
Call log:
  - navigating to "https://www.turbocentras.com/", waiting until "domcontentloaded"

[2026-08-23T18:56:23.978Z] FATAL: page.goto: Timeout 25000ms exceeded.
Call log:
  - navigating to "https://www.turbocentras.com/", waiting until "domcontentloaded"

[2026-08-23T18:56:26.380Z] === Stock checker starting ===
[2026-08-23T18:56:26.380Z] === Stock checker starting ===
[2026-08-23T18:56:26.399Z] Loaded 6209 products with URLs
[2026-08-23T18:56:26.399Z] Loaded 6209 products with URLs
[2026-08-23T18:56:26.399Z] Loading current stock status from Supabase...
[2026-08-23T18:56:26.399Z] Loading current stock status from Supabase...
[2026-08-23T18:56:27.568Z] Loaded stock status for 6210 DB products
[2026-08-23T18:56:27.568Z] Loaded stock status for 6210 DB products
[2026-08-23T18:56:27.752Z] Establishing browser session...
[2026-08-23T18:56:27.752Z] Establishing browser session...
[2026-08-23T18:56:52.815Z] FATAL: page.goto: Timeout 25000ms exceeded.
Call log:
  - navigating to "https://www.turbocentras.com/", waiting until "domcontentloaded"

[2026-08-23T18:56:52.815Z] FATAL: page.goto: Timeout 25000ms exceeded.
Call log:
  - navigating to "https://www.turbocentras.com/", waiting until "domcontentloaded"

[2026-08-23T18:56:57.268Z] === Stock checker starting ===
[2026-08-23T18:56:57.268Z] === Stock checker starting ===
[2026-08-23T18:56:57.288Z] Loaded 6209 products with URLs
[2026-08-23T18:56:57.288Z] Loaded 6209 products with URLs
[2026-08-23T18:56:57.288Z] Loading current stock status from Supabase...
[2026-08-23T18:56:57.288Z] Loading current stock status from Supabase...
[2026-08-23T18:56:58.356Z] Loaded stock status for 6210 DB products
[2026-08-23T18:56:58.356Z] Loaded stock status for 6210 DB products
[2026-08-23T18:56:58.525Z] Establishing browser session...
[2026-08-23T18:56:58.525Z] Establishing browser session...
[2026-08-23T18:57:23.610Z] FATAL: page.goto: Timeout 25000ms exceeded.
Call log:
  - navigating to "https://www.turbocentras.com/", waiting until "domcontentloaded"

[2026-08-23T18:57:23.610Z] FATAL: page.goto: Timeout 25000ms exceeded.
Call log:
  - navigating to "https://www.turbocentras.com/", waiting until "domcontentloaded"

[2026-08-23T18:57:28.014Z] === Stock checker starting ===
[2026-08-23T18:57:28.014Z] === Stock checker starting ===
[2026-08-23T18:57:28.034Z] Loaded 6209 products with URLs
[2026-08-23T18:57:28.034Z] Loaded 6209 products with URLs
[2026-08-23T18:57:28.034Z] Loading current stock status from Supabase...
[2026-08-23T18:57:28.034Z] Loading current stock status from Supabase...
[2026-08-23T18:57:28.771Z] Loaded stock status for 6210 DB products
[2026-08-23T18:57:28.771Z] Loaded stock status for 6210 DB products
[2026-08-23T18:57:28.960Z] Establishing browser session...
[2026-08-23T18:57:28.960Z] Establishing browser session...
[2026-08-23T18:57:54.023Z] FATAL: page.goto: Timeout 25000ms exceeded.
Call log:
  - navigating to "https://www.turbocentras.com/", waiting until "domcontentloaded"

[2026-08-23T18:57:54.023Z] FATAL: page.goto: Timeout 25000ms exceeded.
Call log:
  - navigating to "https://www.turbocentras.com/", waiting until "domcontentloaded"

[2026-08-23T18:57:58.434Z] === Stock checker starting ===
[2026-08-23T18:57:58.434Z] === Stock checker starting ===
[2026-08-23T18:57:58.453Z] Loaded 6209 products with URLs
[2026-08-23T18:57:58.453Z] Loaded 6209 products with URLs
[2026-08-23T18:57:58.453Z] Loading current stock status from Supabase...
[2026-08-23T18:57:58.453Z] Loading current stock status from Supabase...
[2026-08-23T18:57:59.321Z] Loaded stock status for 6210 DB products
[2026-08-23T18:57:59.321Z] Loaded stock status for 6210 DB products
[2026-08-23T18:57:59.509Z] Establishing browser session...
[2026-08-23T18:57:59.509Z] Establishing browser session...
[2026-08-23T18:58:24.572Z] FATAL: page.goto: Timeout 25000ms exceeded.
Call log:
  - navigating to "https://www.turbocentras.com/", waiting until "domcontentloaded"

[2026-08-23T18:58:24.572Z] FATAL: page.goto: Timeout 25000ms exceeded.
Call log:
  - navigating to "https://www.turbocentras.com/", waiting until "domcontentloaded"

[2026-08-23T18:58:28.923Z] === Stock checker starting ===
[2026-08-23T18:58:28.923Z] === Stock checker starting ===
[2026-08-23T18:58:28.939Z] Loaded 6209 products with URLs
[2026-08-23T18:58:28.939Z] Loaded 6209 products with URLs
[2026-08-23T18:58:28.939Z] Loading current stock status from Supabase...
[2026-08-23T18:58:28.939Z] Loading current stock status from Supabase...
[2026-08-23T18:58:29.788Z] Loaded stock status for 6210 DB products
[2026-08-23T18:58:29.788Z] Loaded stock status for 6210 DB products
[2026-08-23T18:58:29.942Z] Establishing browser session...
[2026-08-23T18:58:29.942Z] Establishing browser session...
[2026-08-23T18:58:54.988Z] FATAL: page.goto: Timeout 25000ms exceeded.
Call log:
  - navigating to "https://www.turbocentras.com/", waiting until "domcontentloaded"

[2026-08-23T18:58:54.988Z] FATAL: page.goto: Timeout 25000ms exceeded.
Call log:
  - navigating to "https://www.turbocentras.com/", waiting until "domcontentloaded"

[2026-08-23T18:58:59.363Z] === Stock checker starting ===
[2026-08-23T18:58:59.363Z] === Stock checker starting ===
[2026-08-23T18:58:59.379Z] Loaded 6209 products with URLs
[2026-08-23T18:58:59.379Z] Loaded 6209 products with URLs
[2026-08-23T18:58:59.379Z] Loading current stock status from Supabase...
[2026-08-23T18:58:59.379Z] Loading current stock status from Supabase...
[2026-08-23T18:59:00.225Z] Loaded stock status for 6210 DB products
[2026-08-23T18:59:00.225Z] Loaded stock status for 6210 DB products
[2026-08-23T18:59:00.409Z] Establishing browser session...
[2026-08-23T18:59:00.409Z] Establishing browser session...
[2026-08-23T18:59:25.485Z] FATAL: page.goto: Timeout 25000ms exceeded.
Call log:
  - navigating to "https://www.turbocentras.com/", waiting until "domcontentloaded"

[2026-08-23T18:59:25.485Z] FATAL: page.goto: Timeout 25000ms exceeded.
Call log:
  - navigating to "https://www.turbocentras.com/", waiting until "domcontentloaded"

[2026-08-23T18:59:29.924Z] === Stock checker starting ===
[2026-08-23T18:59:29.924Z] === Stock checker starting ===
[2026-08-23T18:59:29.955Z] Loaded 6209 products with URLs
[2026-08-23T18:59:29.955Z] Loaded 6209 products with URLs
[2026-08-23T18:59:29.955Z] Loading current stock status from Supabase...
[2026-08-23T18:59:29.955Z] Loading current stock status from Supabase...
[2026-08-23T18:59:30.686Z] Loaded stock status for 6210 DB products
[2026-08-23T18:59:30.686Z] Loaded stock status for 6210 DB products
[2026-08-23T18:59:30.874Z] Establishing browser session...
[2026-08-23T18:59:30.874Z] Establishing browser session...
[2026-08-23T18:59:55.939Z] FATAL: page.goto: Timeout 25000ms exceeded.
Call log:
  - navigating to "https://www.turbocentras.com/", waiting until "domcontentloaded"

[2026-08-23T18:59:55.939Z] FATAL: page.goto: Timeout 25000ms exceeded.
Call log:
  - navigating to "https://www.turbocentras.com/", waiting until "domcontentloaded"

[2026-08-23T19:00:00.367Z] === Stock checker starting ===
[2026-08-23T19:00:00.367Z] === Stock checker starting ===
[2026-08-23T19:00:00.398Z] Loaded 6209 products with URLs
[2026-08-23T19:00:00.398Z] Loaded 6209 products with URLs
[2026-08-23T19:00:00.398Z] Loading current stock status from Supabase...
[2026-08-23T19:00:00.398Z] Loading current stock status from Supabase...
[2026-08-23T19:00:01.452Z] Loaded stock status for 6210 DB products
[2026-08-23T19:00:01.452Z] Loaded stock status for 6210 DB products
[2026-08-23T19:00:01.679Z] Establishing browser session...
[2026-08-23T19:00:01.679Z] Establishing browser session...
[2026-08-23T19:00:26.756Z] FATAL: page.goto: Timeout 25000ms exceeded.
Call log:
  - navigating to "https://www.turbocentras.com/", waiting until "domcontentloaded"

[2026-08-23T19:00:26.756Z] FATAL: page.goto: Timeout 25000ms exceeded.
Call log:
  - navigating to "https://www.turbocentras.com/", waiting until "domcontentloaded"

[2026-08-23T19:00:31.167Z] === Stock checker starting ===
[2026-08-23T19:00:31.167Z] === Stock checker starting ===
[2026-08-23T19:00:31.187Z] Loaded 6209 products with URLs
[2026-08-23T19:00:31.187Z] Loaded 6209 products with URLs
[2026-08-23T19:00:31.187Z] Loading current stock status from Supabase...
[2026-08-23T19:00:31.187Z] Loading current stock status from Supabase...
[2026-08-23T19:00:32.436Z] Loaded stock status for 6210 DB products
[2026-08-23T19:00:32.436Z] Loaded stock status for 6210 DB products
[2026-08-23T19:00:32.597Z] Establishing browser session...
[2026-08-23T19:00:32.597Z] Establishing browser session...
[2026-08-23T19:00:57.692Z] FATAL: page.goto: Timeout 25000ms exceeded.
Call log:
  - navigating to "https://www.turbocentras.com/", waiting until "domcontentloaded"

[2026-08-23T19:00:57.692Z] FATAL: page.goto: Timeout 25000ms exceeded.
Call log:
  - navigating to "https://www.turbocentras.com/", waiting until "domcontentloaded"

[2026-08-23T19:01:02.088Z] === Stock checker starting ===
[2026-08-23T19:01:02.088Z] === Stock checker starting ===
[2026-08-23T19:01:02.107Z] Loaded 6209 products with URLs
[2026-08-23T19:01:02.107Z] Loaded 6209 products with URLs
[2026-08-23T19:01:02.107Z] Loading current stock status from Supabase...
[2026-08-23T19:01:02.107Z] Loading current stock status from Supabase...
[2026-08-23T19:01:02.956Z] Loaded stock status for 6210 DB products
[2026-08-23T19:01:02.956Z] Loaded stock status for 6210 DB products
[2026-08-23T19:01:03.118Z] Establishing browser session...
[2026-08-23T19:01:03.118Z] Establishing browser session...
[2026-08-23T19:01:28.173Z] FATAL: page.goto: Timeout 25000ms exceeded.
Call log:
  - navigating to "https://www.turbocentras.com/", waiting until "domcontentloaded"

[2026-08-23T19:01:28.173Z] FATAL: page.goto: Timeout 25000ms exceeded.
Call log:
  - navigating to "https://www.turbocentras.com/", waiting until "domcontentloaded"

[2026-08-23T19:01:32.575Z] === Stock checker starting ===
[2026-08-23T19:01:32.575Z] === Stock checker starting ===
[2026-08-23T19:01:32.595Z] Loaded 6209 products with URLs
[2026-08-23T19:01:32.595Z] Loaded 6209 products with URLs
[2026-08-23T19:01:32.595Z] Loading current stock status from Supabase...
[2026-08-23T19:01:32.595Z] Loading current stock status from Supabase...
[2026-08-23T19:01:33.247Z] Loaded stock status for 6210 DB products
[2026-08-23T19:01:33.247Z] Loaded stock status for 6210 DB products
[2026-08-23T19:01:33.436Z] Establishing browser session...
[2026-08-23T19:01:33.436Z] Establishing browser session...
[2026-08-23T19:01:58.509Z] FATAL: page.goto: Timeout 25000ms exceeded.
Call log:
  - navigating to "https://www.turbocentras.com/", waiting until "domcontentloaded"

[2026-08-23T19:01:58.509Z] FATAL: page.goto: Timeout 25000ms exceeded.
Call log:
  - navigating to "https://www.turbocentras.com/", waiting until "domcontentloaded"

[2026-08-23T19:02:02.914Z] === Stock checker starting ===
[2026-08-23T19:02:02.914Z] === Stock checker starting ===
[2026-08-23T19:02:02.933Z] Loaded 6209 products with URLs
[2026-08-23T19:02:02.933Z] Loaded 6209 products with URLs
[2026-08-23T19:02:02.933Z] Loading current stock status from Supabase...
[2026-08-23T19:02:02.933Z] Loading current stock status from Supabase...
[2026-08-23T19:02:04.573Z] Loaded stock status for 6210 DB products
[2026-08-23T19:02:04.573Z] Loaded stock status for 6210 DB products
[2026-08-23T19:02:04.744Z] Establishing browser session...
[2026-08-23T19:02:04.744Z] Establishing browser session...
[2026-08-23T19:02:29.798Z] FATAL: page.goto: Timeout 25000ms exceeded.
Call log:
  - navigating to "https://www.turbocentras.com/", waiting until "domcontentloaded"

[2026-08-23T19:02:29.798Z] FATAL: page.goto: Timeout 25000ms exceeded.
Call log:
  - navigating to "https://www.turbocentras.com/", waiting until "domcontentloaded"

[2026-08-23T19:02:33.160Z] === Stock checker starting ===
[2026-08-23T19:02:33.160Z] === Stock checker starting ===
[2026-08-23T19:02:33.176Z] Loaded 6209 products with URLs
[2026-08-23T19:02:33.176Z] Loaded 6209 products with URLs
[2026-08-23T19:02:33.176Z] Loading current stock status from Supabase...
[2026-08-23T19:02:33.176Z] Loading current stock status from Supabase...
[2026-08-23T19:02:33.906Z] Loaded stock status for 6210 DB products
[2026-08-23T19:02:33.906Z] Loaded stock status for 6210 DB products
[2026-08-23T19:02:34.060Z] Establishing browser session...
[2026-08-23T19:02:34.060Z] Establishing browser session...
[2026-08-23T19:02:59.104Z] FATAL: page.goto: Timeout 25000ms exceeded.
Call log:
  - navigating to "https://www.turbocentras.com/", waiting until "domcontentloaded"

[2026-08-23T19:02:59.104Z] FATAL: page.goto: Timeout 25000ms exceeded.
Call log:
  - navigating to "https://www.turbocentras.com/", waiting until "domcontentloaded"

[2026-08-23T19:03:03.469Z] === Stock checker starting ===
[2026-08-23T19:03:03.469Z] === Stock checker starting ===
[2026-08-23T19:03:03.485Z] Loaded 6209 products with URLs
[2026-08-23T19:03:03.485Z] Loaded 6209 products with URLs
[2026-08-23T19:03:03.486Z] Loading current stock status from Supabase...
[2026-08-23T19:03:03.486Z] Loading current stock status from Supabase...
[2026-08-23T19:03:04.184Z] Loaded stock status for 6210 DB products
[2026-08-23T19:03:04.184Z] Loaded stock status for 6210 DB products
[2026-08-23T19:03:04.342Z] Establishing browser session...
[2026-08-23T19:03:04.342Z] Establishing browser session...
[2026-08-23T19:03:29.386Z] FATAL: page.goto: Timeout 25000ms exceeded.
Call log:
  - navigating to "https://www.turbocentras.com/", waiting until "domcontentloaded"

[2026-08-23T19:03:29.386Z] FATAL: page.goto: Timeout 25000ms exceeded.
Call log:
  - navigating to "https://www.turbocentras.com/", waiting until "domcontentloaded"

[2026-08-23T19:03:33.811Z] === Stock checker starting ===
[2026-08-23T19:03:33.811Z] === Stock checker starting ===
[2026-08-23T19:03:33.828Z] Loaded 6209 products with URLs
[2026-08-23T19:03:33.828Z] Loaded 6209 products with URLs
[2026-08-23T19:03:33.828Z] Loading current stock status from Supabase...
[2026-08-23T19:03:33.828Z] Loading current stock status from Supabase...
[2026-08-23T19:03:34.864Z] Loaded stock status for 6210 DB products
[2026-08-23T19:03:34.864Z] Loaded stock status for 6210 DB products
[2026-08-23T19:03:35.042Z] Establishing browser session...
[2026-08-23T19:03:35.042Z] Establishing browser session...
[2026-08-23T19:04:00.150Z] FATAL: page.goto: Timeout 25000ms exceeded.
Call log:
  - navigating to "https://www.turbocentras.com/", waiting until "domcontentloaded"

[2026-08-23T19:04:00.150Z] FATAL: page.goto: Timeout 25000ms exceeded.
Call log:
  - navigating to "https://www.turbocentras.com/", waiting until "domcontentloaded"

[2026-08-23T19:04:04.549Z] === Stock checker starting ===
[2026-08-23T19:04:04.549Z] === Stock checker starting ===
[2026-08-23T19:04:04.565Z] Loaded 6209 products with URLs
[2026-08-23T19:04:04.565Z] Loaded 6209 products with URLs
[2026-08-23T19:04:04.565Z] Loading current stock status from Supabase...
[2026-08-23T19:04:04.565Z] Loading current stock status from Supabase...
[2026-08-23T19:04:05.681Z] Loaded stock status for 6210 DB products
[2026-08-23T19:04:05.681Z] Loaded stock status for 6210 DB products
[2026-08-23T19:04:05.837Z] Establishing browser session...
[2026-08-23T19:04:05.837Z] Establishing browser session...
[2026-08-23T19:04:30.890Z] FATAL: page.goto: Timeout 25000ms exceeded.
Call log:
  - navigating to "https://www.turbocentras.com/", waiting until "domcontentloaded"

[2026-08-23T19:04:30.890Z] FATAL: page.goto: Timeout 25000ms exceeded.
Call log:
  - navigating to "https://www.turbocentras.com/", waiting until "domcontentloaded"

[2026-08-23T19:04:35.600Z] === Stock checker starting ===
[2026-08-23T19:04:35.600Z] === Stock checker starting ===
[2026-08-23T19:04:35.632Z] Loaded 6209 products with URLs
[2026-08-23T19:04:35.632Z] Loaded 6209 products with URLs
[2026-08-23T19:04:35.632Z] Loading current stock status from Supabase...
[2026-08-23T19:04:35.632Z] Loading current stock status from Supabase...
[2026-08-23T19:04:36.897Z] Loaded stock status for 6210 DB products
[2026-08-23T19:04:36.897Z] Loaded stock status for 6210 DB products
[2026-08-23T19:04:37.086Z] Establishing browser session...
[2026-08-23T19:04:37.086Z] Establishing browser session...
[2026-08-23T19:05:02.210Z] FATAL: page.goto: Timeout 25000ms exceeded.
Call log:
  - navigating to "https://www.turbocentras.com/", waiting until "domcontentloaded"

[2026-08-23T19:05:02.210Z] FATAL: page.goto: Timeout 25000ms exceeded.
Call log:
  - navigating to "https://www.turbocentras.com/", waiting until "domcontentloaded"

[2026-08-23T19:05:05.626Z] === Stock checker starting ===
[2026-08-23T19:05:05.626Z] === Stock checker starting ===
[2026-08-23T19:05:05.657Z] Loaded 6209 products with URLs
[2026-08-23T19:05:05.657Z] Loaded 6209 products with URLs
[2026-08-23T19:05:05.657Z] Loading current stock status from Supabase...
[2026-08-23T19:05:05.657Z] Loading current stock status from Supabase...
[2026-08-23T19:05:06.525Z] Loaded stock status for 6210 DB products
[2026-08-23T19:05:06.525Z] Loaded stock status for 6210 DB products
[2026-08-23T19:05:06.684Z] Establishing browser session...
[2026-08-23T19:05:06.684Z] Establishing browser session...
[2026-08-23T19:05:31.742Z] FATAL: page.goto: Timeout 25000ms exceeded.
Call log:
  - navigating to "https://www.turbocentras.com/", waiting until "domcontentloaded"

[2026-08-23T19:05:31.742Z] FATAL: page.goto: Timeout 25000ms exceeded.
Call log:
  - navigating to "https://www.turbocentras.com/", waiting until "domcontentloaded"

[2026-08-23T19:05:36.184Z] === Stock checker starting ===
[2026-08-23T19:05:36.184Z] === Stock checker starting ===
[2026-08-23T19:05:36.204Z] Loaded 6209 products with URLs
[2026-08-23T19:05:36.204Z] Loaded 6209 products with URLs
[2026-08-23T19:05:36.204Z] Loading current stock status from Supabase...
[2026-08-23T19:05:36.204Z] Loading current stock status from Supabase...
[2026-08-23T19:05:36.934Z] Loaded stock status for 6210 DB products
[2026-08-23T19:05:36.934Z] Loaded stock status for 6210 DB products
[2026-08-23T19:05:37.114Z] Establishing browser session...
[2026-08-23T19:05:37.114Z] Establishing browser session...
[2026-08-23T19:06:02.182Z] FATAL: page.goto: Timeout 25000ms exceeded.
Call log:
  - navigating to "https://www.turbocentras.com/", waiting until "domcontentloaded"

[2026-08-23T19:06:02.182Z] FATAL: page.goto: Timeout 25000ms exceeded.
Call log:
  - navigating to "https://www.turbocentras.com/", waiting until "domcontentloaded"

[2026-08-23T19:06:06.629Z] === Stock checker starting ===
[2026-08-23T19:06:06.629Z] === Stock checker starting ===
[2026-08-23T19:06:06.648Z] Loaded 6209 products with URLs
[2026-08-23T19:06:06.648Z] Loaded 6209 products with URLs
[2026-08-23T19:06:06.648Z] Loading current stock status from Supabase...
[2026-08-23T19:06:06.648Z] Loading current stock status from Supabase...
[2026-08-23T19:06:07.416Z] Loaded stock status for 6210 DB products
[2026-08-23T19:06:07.416Z] Loaded stock status for 6210 DB products
[2026-08-23T19:06:07.599Z] Establishing browser session...
[2026-08-23T19:06:07.599Z] Establishing browser session...
[2026-08-23T19:06:32.673Z] FATAL: page.goto: Timeout 25000ms exceeded.
Call log:
  - navigating to "https://www.turbocentras.com/", waiting until "domcontentloaded"

[2026-08-23T19:06:32.673Z] FATAL: page.goto: Timeout 25000ms exceeded.
Call log:
  - navigating to "https://www.turbocentras.com/", waiting until "domcontentloaded"

[2026-08-23T19:06:37.130Z] === Stock checker starting ===
[2026-08-23T19:06:37.130Z] === Stock checker starting ===
[2026-08-23T19:06:37.149Z] Loaded 6209 products with URLs
[2026-08-23T19:06:37.149Z] Loaded 6209 products with URLs
[2026-08-23T19:06:37.149Z] Loading current stock status from Supabase...
[2026-08-23T19:06:37.149Z] Loading current stock status from Supabase...
[2026-08-23T19:06:38.073Z] Loaded stock status for 6210 DB products
[2026-08-23T19:06:38.073Z] Loaded stock status for 6210 DB products
[2026-08-23T19:06:38.261Z] Establishing browser session...
[2026-08-23T19:06:38.261Z] Establishing browser session...
[2026-08-23T19:07:03.335Z] FATAL: page.goto: Timeout 25000ms exceeded.
Call log:
  - navigating to "https://www.turbocentras.com/", waiting until "domcontentloaded"

[2026-08-23T19:07:03.335Z] FATAL: page.goto: Timeout 25000ms exceeded.
Call log:
  - navigating to "https://www.turbocentras.com/", waiting until "domcontentloaded"

[2026-08-23T19:07:07.728Z] === Stock checker starting ===
[2026-08-23T19:07:07.728Z] === Stock checker starting ===
[2026-08-23T19:07:07.744Z] Loaded 6209 products with URLs
[2026-08-23T19:07:07.744Z] Loaded 6209 products with URLs
[2026-08-23T19:07:07.744Z] Loading current stock status from Supabase...
[2026-08-23T19:07:07.744Z] Loading current stock status from Supabase...
[2026-08-23T19:07:08.482Z] Loaded stock status for 6210 DB products
[2026-08-23T19:07:08.482Z] Loaded stock status for 6210 DB products
[2026-08-23T19:07:08.666Z] Establishing browser session...
[2026-08-23T19:07:08.666Z] Establishing browser session...
[2026-08-23T19:07:33.735Z] FATAL: page.goto: Timeout 25000ms exceeded.
Call log:
  - navigating to "https://www.turbocentras.com/", waiting until "domcontentloaded"

[2026-08-23T19:07:33.735Z] FATAL: page.goto: Timeout 25000ms exceeded.
Call log:
  - navigating to "https://www.turbocentras.com/", waiting until "domcontentloaded"

[2026-08-23T19:07:38.185Z] === Stock checker starting ===
[2026-08-23T19:07:38.185Z] === Stock checker starting ===
[2026-08-23T19:07:38.216Z] Loaded 6209 products with URLs
[2026-08-23T19:07:38.216Z] Loaded 6209 products with URLs
[2026-08-23T19:07:38.217Z] Loading current stock status from Supabase...
[2026-08-23T19:07:38.217Z] Loading current stock status from Supabase...
[2026-08-23T19:07:39.031Z] Loaded stock status for 6210 DB products
[2026-08-23T19:07:39.031Z] Loaded stock status for 6210 DB products
[2026-08-23T19:07:39.203Z] Establishing browser session...
[2026-08-23T19:07:39.203Z] Establishing browser session...
[2026-08-23T19:08:04.275Z] FATAL: page.goto: Timeout 25000ms exceeded.
Call log:
  - navigating to "https://www.turbocentras.com/", waiting until "domcontentloaded"

[2026-08-23T19:08:04.275Z] FATAL: page.goto: Timeout 25000ms exceeded.
Call log:
  - navigating to "https://www.turbocentras.com/", waiting until "domcontentloaded"

[2026-08-23T19:08:08.669Z] === Stock checker starting ===
[2026-08-23T19:08:08.669Z] === Stock checker starting ===
[2026-08-23T19:08:08.689Z] Loaded 6209 products with URLs
[2026-08-23T19:08:08.689Z] Loaded 6209 products with URLs
[2026-08-23T19:08:08.689Z] Loading current stock status from Supabase...
[2026-08-23T19:08:08.689Z] Loading current stock status from Supabase...
[2026-08-23T19:08:09.601Z] Loaded stock status for 6210 DB products
[2026-08-23T19:08:09.601Z] Loaded stock status for 6210 DB products
[2026-08-23T19:08:09.753Z] Establishing browser session...
[2026-08-23T19:08:09.753Z] Establishing browser session...
[2026-08-23T19:08:34.813Z] FATAL: page.goto: Timeout 25000ms exceeded.
Call log:
  - navigating to "https://www.turbocentras.com/", waiting until "domcontentloaded"

[2026-08-23T19:08:34.813Z] FATAL: page.goto: Timeout 25000ms exceeded.
Call log:
  - navigating to "https://www.turbocentras.com/", waiting until "domcontentloaded"

[2026-08-23T19:08:39.230Z] === Stock checker starting ===
[2026-08-23T19:08:39.230Z] === Stock checker starting ===
[2026-08-23T19:08:39.249Z] Loaded 6209 products with URLs
[2026-08-23T19:08:39.249Z] Loaded 6209 products with URLs
[2026-08-23T19:08:39.250Z] Loading current stock status from Supabase...
[2026-08-23T19:08:39.250Z] Loading current stock status from Supabase...
[2026-08-23T19:08:40.793Z] Loaded stock status for 6210 DB products
[2026-08-23T19:08:40.793Z] Loaded stock status for 6210 DB products
[2026-08-23T19:08:40.979Z] Establishing browser session...
[2026-08-23T19:08:40.979Z] Establishing browser session...
[2026-08-23T19:09:06.045Z] FATAL: page.goto: Timeout 25000ms exceeded.
Call log:
  - navigating to "https://www.turbocentras.com/", waiting until "domcontentloaded"

[2026-08-23T19:09:06.045Z] FATAL: page.goto: Timeout 25000ms exceeded.
Call log:
  - navigating to "https://www.turbocentras.com/", waiting until "domcontentloaded"

[2026-08-23T19:09:09.442Z] === Stock checker starting ===
[2026-08-23T19:09:09.442Z] === Stock checker starting ===
[2026-08-23T19:09:09.458Z] Loaded 6209 products with URLs
[2026-08-23T19:09:09.458Z] Loaded 6209 products with URLs
[2026-08-23T19:09:09.458Z] Loading current stock status from Supabase...
[2026-08-23T19:09:09.458Z] Loading current stock status from Supabase...
[2026-08-23T19:09:10.059Z] Loaded stock status for 6210 DB products
[2026-08-23T19:09:10.059Z] Loaded stock status for 6210 DB products
[2026-08-23T19:09:10.231Z] Establishing browser session...
[2026-08-23T19:09:10.231Z] Establishing browser session...
[2026-08-23T19:09:35.298Z] FATAL: page.goto: Timeout 25000ms exceeded.
Call log:
  - navigating to "https://www.turbocentras.com/", waiting until "domcontentloaded"

[2026-08-23T19:09:35.298Z] FATAL: page.goto: Timeout 25000ms exceeded.
Call log:
  - navigating to "https://www.turbocentras.com/", waiting until "domcontentloaded"

[2026-08-23T19:09:39.698Z] === Stock checker starting ===
[2026-08-23T19:09:39.698Z] === Stock checker starting ===
[2026-08-23T19:09:39.718Z] Loaded 6209 products with URLs
[2026-08-23T19:09:39.718Z] Loaded 6209 products with URLs
[2026-08-23T19:09:39.718Z] Loading current stock status from Supabase...
[2026-08-23T19:09:39.718Z] Loading current stock status from Supabase...
[2026-08-23T19:09:40.440Z] Loaded stock status for 6210 DB products
[2026-08-23T19:09:40.440Z] Loaded stock status for 6210 DB products
[2026-08-23T19:09:40.630Z] Establishing browser session...
[2026-08-23T19:09:40.630Z] Establishing browser session...
[2026-08-23T19:10:05.685Z] FATAL: page.goto: Timeout 25000ms exceeded.
Call log:
  - navigating to "https://www.turbocentras.com/", waiting until "domcontentloaded"

[2026-08-23T19:10:05.685Z] FATAL: page.goto: Timeout 25000ms exceeded.
Call log:
  - navigating to "https://www.turbocentras.com/", waiting until "domcontentloaded"

[2026-08-23T19:10:10.080Z] === Stock checker starting ===
[2026-08-23T19:10:10.080Z] === Stock checker starting ===
[2026-08-23T19:10:10.099Z] Loaded 6209 products with URLs
[2026-08-23T19:10:10.099Z] Loaded 6209 products with URLs
[2026-08-23T19:10:10.099Z] Loading current stock status from Supabase...
[2026-08-23T19:10:10.099Z] Loading current stock status from Supabase...
[2026-08-23T19:10:11.486Z] Loaded stock status for 6210 DB products
[2026-08-23T19:10:11.486Z] Loaded stock status for 6210 DB products
[2026-08-23T19:10:11.675Z] Establishing browser session...
[2026-08-23T19:10:11.675Z] Establishing browser session...
